id,назва,проблема,пріоритет
2934022803,"Микрометр механический (75-100мм/0,01мм) PROTESTER MOMM75100",Характеристики не заповнені,medium
2934022802,Набор микрометров механических 0-100мм 4шт. PROTESTER SMOM0100,"Мало фото (1, мін. 3)",medium
2934022802,Набор микрометров механических 0-100мм 4шт. PROTESTER SMOM0100,Характеристики не заповнені,medium
2934022801,"Микрометр механический (0-25мм/0,01мм) PROTESTER MOMM0025","Мало фото (1, мін. 3)",medium
2934022801,"Микрометр механический (0-25мм/0,01мм) PROTESTER MOMM0025",Характеристики не заповнені,medium
2934022800,Набор нутромеров телескопических удлиненных 8-150мм 6 штук metal case PROTESTER ,"Мало фото (1, мін. 3)",medium
2934022800,Набор нутромеров телескопических удлиненных 8-150мм 6 штук metal case PROTESTER ,Характеристики не заповнені,medium
2934022799,Резьбомер метрический PROTESTER MTGS0020,"Назва коротка (40 симв., мін. 50)",high
2934022799,Резьбомер метрический PROTESTER MTGS0020,"Мало фото (1, мін. 3)",medium
2934022799,Резьбомер метрический PROTESTER MTGS0020,Характеристики не заповнені,medium
2934022798,"Толщиномер индикаторный стрелочный 12,7мм PROTESTER HDTG0012","Мало фото (1, мін. 3)",medium
2934022798,"Толщиномер индикаторный стрелочный 12,7мм PROTESTER HDTG0012",Характеристики не заповнені,medium
2934022797,Авто стетоскоп механический PROTESTER SSMC0001,"Назва коротка (46 симв., мін. 50)",high
2934022797,Авто стетоскоп механический PROTESTER SSMC0001,"Мало фото (1, мін. 3)",medium
2934022797,Авто стетоскоп механический PROTESTER SSMC0001,Характеристики не заповнені,medium
2934022796,"Индикатор часовой цифровой 0-12,7 мм 0,01 мм PROTESTER DIGI0012","Мало фото (1, мін. 3)",medium
2934022796,"Индикатор часовой цифровой 0-12,7 мм 0,01 мм PROTESTER DIGI0012",Характеристики не заповнені,medium
2934022794,"Нутромер со стрелочным индикатором 35-50мм, 0,01мм, глубина 150мм PROTESTER BGDI","Мало фото (1, мін. 3)",medium
2934022794,"Нутромер со стрелочным индикатором 35-50мм, 0,01мм, глубина 150мм PROTESTER BGDI",Характеристики не заповнені,medium
2934022793,"Нутромер со стрелочным индикатором 50-160мм, 0,01мм, глубина 150мм PROTESTER BGD",Характеристики не заповнені,medium
2934022792,"Микрометр механический (125-150мм/0,01мм) PROTESTER MOMM125150","Мало фото (1, мін. 3)",medium
2934022792,"Микрометр механический (125-150мм/0,01мм) PROTESTER MOMM125150",Характеристики не заповнені,medium
2934022791,"Индикатор часового типа стрелочный 0-10мм 0,01мм PROTESTER DIAI0010","Мало фото (1, мін. 3)",medium
2934022791,"Индикатор часового типа стрелочный 0-10мм 0,01мм PROTESTER DIAI0010",Характеристики не заповнені,medium
2934022790,"Микрометр механический (100-125мм/0,01мм) PROTESTER MOMM100125","Мало фото (1, мін. 3)",medium
2934022790,"Микрометр механический (100-125мм/0,01мм) PROTESTER MOMM100125",Характеристики не заповнені,medium
2934022789,Резьбомер дюймовый PROTESTER ITGS0020,"Назва коротка (37 симв., мін. 50)",high
2934022789,Резьбомер дюймовый PROTESTER ITGS0020,"Мало фото (1, мін. 3)",medium
2934022789,Резьбомер дюймовый PROTESTER ITGS0020,Характеристики не заповнені,medium
2934022788,"Держатель для индикаторов на магнитном основании, 80кг, 380мм PROTESTER MAMB8038","Мало фото (1, мін. 3)",medium
2934022788,"Держатель для индикаторов на магнитном основании, 80кг, 380мм PROTESTER MAMB8038",Характеристики не заповнені,medium
2934022787,"Индикатор часового типа цифровой 0-25,4мм 0,01мм PROTESTER DIGI0025","Мало фото (1, мін. 3)",medium
2934022787,"Индикатор часового типа цифровой 0-25,4мм 0,01мм PROTESTER DIGI0025",Характеристики не заповнені,medium
2934022786,"Автомобильный подъемник с верхней синхронизацией 2-х стоечный 5,5т 380В BRIGHT B","Мало фото (1, мін. 3)",medium
2934022786,"Автомобильный подъемник с верхней синхронизацией 2-х стоечный 5,5т 380В BRIGHT B",Характеристики не заповнені,medium
2934022785,Лежак автослесаря 500x300x30мм TORIN TRL7002-1,"Назва коротка (46 симв., мін. 50)",high
2934022785,Лежак автослесаря 500x300x30мм TORIN TRL7002-1,Характеристики не заповнені,medium
2934022784,Весы ручные цифровые 50 кг PROTESTER WSDH0050,"Назва коротка (45 симв., мін. 50)",high
2934022784,Весы ручные цифровые 50 кг PROTESTER WSDH0050,"Мало фото (1, мін. 3)",medium
2934022784,Весы ручные цифровые 50 кг PROTESTER WSDH0050,Характеристики не заповнені,medium
2934022783,"Нутромер индикаторный стрелочный 18-35мм, 0,01мм, глубина 125мм PROTESTER BGDI15","Мало фото (1, мін. 3)",medium
2934022783,"Нутромер индикаторный стрелочный 18-35мм, 0,01мм, глубина 125мм PROTESTER BGDI15",Характеристики не заповнені,medium
2934022782,"Индикатор часового типа стрелочный 0-30мм 0,01мм PROTESTER DIAI0030","Мало фото (1, мін. 3)",medium
2934022782,"Индикатор часового типа стрелочный 0-30мм 0,01мм PROTESTER DIAI0030",Характеристики не заповнені,medium
2934022781,Набор микрометров механических 0-150мм 6шт. PROTESTER SMOM0150,"Мало фото (2, мін. 3)",medium
2934022781,Набор микрометров механических 0-150мм 6шт. PROTESTER SMOM0150,Характеристики не заповнені,medium
2934022780,"Портативная зарядная станция 1800W/2200W(Max), 220V+12V Jump starter PROTESTER P","Мало фото (1, мін. 3)",medium
2934022780,"Портативная зарядная станция 1800W/2200W(Max), 220V+12V Jump starter PROTESTER P",Характеристики не заповнені,medium
2934022779,"Зарядная станция 220В 550W/1000W(Max), 220V PROTESTER PRO-PS551G","Мало фото (1, мін. 3)",medium
2934022779,"Зарядная станция 220В 550W/1000W(Max), 220V PROTESTER PRO-PS551G",Характеристики не заповнені,medium
2934022778,"Портативная зарядная станция 300W/600W(Max), 220V PROTESTER PRO-PS300E","Мало фото (2, мін. 3)",medium
2934022778,"Портативная зарядная станция 300W/600W(Max), 220V PROTESTER PRO-PS300E",Характеристики не заповнені,medium
2934022777,"Головка торцевая ударная 1/2""  20мм  TOPTUL KABA1620","Опис короткий (47 симв., мін. 300)",high
2934022777,"Головка торцевая ударная 1/2""  20мм  TOPTUL KABA1620","Мало фото (1, мін. 3)",medium
2934022777,"Головка торцевая ударная 1/2""  20мм  TOPTUL KABA1620",Характеристики не заповнені,medium
2934022776,"Зарядная станция для дома 600W/1000W(Max), 220V PROTESTER PRO-PS600D","Мало фото (2, мін. 3)",medium
2934022776,"Зарядная станция для дома 600W/1000W(Max), 220V PROTESTER PRO-PS600D",Характеристики не заповнені,medium
2934022775,"Головка торцевая ударная 1/2""  23мм  TOPTUL KABA1623","Опис короткий (42 симв., мін. 300)",high
2934022775,"Головка торцевая ударная 1/2""  23мм  TOPTUL KABA1623","Мало фото (1, мін. 3)",medium
2934022775,"Головка торцевая ударная 1/2""  23мм  TOPTUL KABA1623",Характеристики не заповнені,medium
2934022774,"Портативная зарядная станция 2000W/4000W(Max), 220V PROTESTER PRO-PS2000F","Мало фото (1, мін. 3)",medium
2934022774,"Портативная зарядная станция 2000W/4000W(Max), 220V PROTESTER PRO-PS2000F",Характеристики не заповнені,medium
2934022773,"Зарядная станция 220В 1000W/2000W(Max), 220V, 999Wh, 22.2V/45Ah (270000mAh/3.7V)","Мало фото (1, мін. 3)",medium
2934022773,"Зарядная станция 220В 1000W/2000W(Max), 220V, 999Wh, 22.2V/45Ah (270000mAh/3.7V)",Характеристики не заповнені,medium
2934022772,"Портативная зарядная станция 600W/1000W(Max), 220V PROTESTER PRO-PS600H","Мало фото (1, мін. 3)",medium
2934022772,"Портативная зарядная станция 600W/1000W(Max), 220V PROTESTER PRO-PS600H",Характеристики не заповнені,medium
2934022771,"Портативная зарядная электростанция 500W/1000W(Max), 220V PROTESTER PRO-PS500H","Мало фото (2, мін. 3)",medium
2934022771,"Портативная зарядная электростанция 500W/1000W(Max), 220V PROTESTER PRO-PS500H",Характеристики не заповнені,medium
2934022770,"Портативная зарядная станция 300W/600W(Max), 220V PROTESTER PRO-PS300-2E","Мало фото (1, мін. 3)",medium
2934022770,"Портативная зарядная станция 300W/600W(Max), 220V PROTESTER PRO-PS300-2E",Характеристики не заповнені,medium
2934022769,"Портативная зарядная станция 500W/720W(Max), 220V PROTESTER PRO-PS500E","Мало фото (2, мін. 3)",medium
2934022769,"Портативная зарядная станция 500W/720W(Max), 220V PROTESTER PRO-PS500E",Характеристики не заповнені,medium
2934022767,"Портативная зарядная электростанция 2000W/4000W(Max), 220V PROTESTER PRO-PS2000G","Мало фото (1, мін. 3)",medium
2934022767,"Портативная зарядная электростанция 2000W/4000W(Max), 220V PROTESTER PRO-PS2000G",Характеристики не заповнені,medium
2934022766,"Портативная зарядная станция 300W/600W(Max), 220V PROTESTER PRO-PS301G","Мало фото (2, мін. 3)",medium
2934022766,"Портативная зарядная станция 300W/600W(Max), 220V PROTESTER PRO-PS301G",Характеристики не заповнені,medium
2934022765,"Портативная зарядная станция 1000W/2000W(Max), 220V PROTESTER PRO-PS1000G","Мало фото (1, мін. 3)",medium
2934022765,"Портативная зарядная станция 1000W/2000W(Max), 220V PROTESTER PRO-PS1000G",Характеристики не заповнені,medium
2934022764,"Зарядная станция для дома 1000W/2000W(Max) LiFePO4, 220V PROTESTER PRO-PS1000D",Характеристики не заповнені,medium
2934022763,"Портативная зарядная станция 180W/220W(Max), 220V PROTESTER PRO-PS180E",Характеристики не заповнені,medium
2934022762,"Портативная зарядная станция 1200W/2000W(Max), 220V PROTESTER PRO-PS1000H","Мало фото (1, мін. 3)",medium
2934022762,"Портативная зарядная станция 1200W/2000W(Max), 220V PROTESTER PRO-PS1000H",Характеристики не заповнені,medium
2934022761,Диагностический сканер для авто LAUNCH iSmartLink-D01,"Мало фото (1, мін. 3)",medium
2934022761,Диагностический сканер для авто LAUNCH iSmartLink-D01,Характеристики не заповнені,medium
2934022760,Автомобильный сканер для диагностики LAUNCH iSmartTool-601MAX,"Мало фото (1, мін. 3)",medium
2934022760,Автомобильный сканер для диагностики LAUNCH iSmartTool-601MAX,Характеристики не заповнені,medium
2934022759,Пресс-клещи гидравлические KYQ-400 (16-400 мм²) для опрессовки наконечников и ги,"Мало фото (1, мін. 3)",medium
2934022759,Пресс-клещи гидравлические KYQ-400 (16-400 мм²) для опрессовки наконечников и ги,Характеристики не заповнені,medium
2934022758,Эндоскоп USB для смартфона автомобильный  PROTESTER PRO-VS9801,"Мало фото (2, мін. 3)",medium
2934022758,Эндоскоп USB для смартфона автомобильный  PROTESTER PRO-VS9801,Характеристики не заповнені,medium
2934022757,"Термогигрометр 10-99%, -9.9~60°C BENETECH GM1371","Назва коротка (48 симв., мін. 50)",high
2934022757,"Термогигрометр 10-99%, -9.9~60°C BENETECH GM1371",Характеристики не заповнені,medium
2934022756,Гайкорез гидравлический ручной СТАНДАРТ HNST0024A,"Назва коротка (49 симв., мін. 50)",high
2934022756,Гайкорез гидравлический ручной СТАНДАРТ HNST0024A,"Мало фото (1, мін. 3)",medium
2934022756,Гайкорез гидравлический ручной СТАНДАРТ HNST0024A,Характеристики не заповнені,medium
2934022755,Гайколом гидравлический ручной СТАНДАРТ HNST0024,"Назва коротка (48 симв., мін. 50)",high
2934022755,Гайколом гидравлический ручной СТАНДАРТ HNST0024,"Мало фото (1, мін. 3)",medium
2934022755,Гайколом гидравлический ручной СТАНДАРТ HNST0024,Характеристики не заповнені,medium
2934022754,"Портативный влагомер зерна, зонд 30см (7,5~55%) BENETECH GM650A",Характеристики не заповнені,medium
2934022753,"Термогигрометр цифровой с магнитным креплением 10-99%, -9.9~60°C BENETECH GM1372",Характеристики не заповнені,medium
2934022752,Фонарик карманный светодиодный (LED) аккумуляторный с магнитом (GERMANY) PROTEST,Характеристики не заповнені,medium
