SKU;Ціна фіду стара;Ціна фіду нова;Зміна фіду %;Наша ціна стара;Наша ціна нова;Зміна нашої %;CPA %;Доступний;Залишок;Причина алерту
103201518;26400.00;26400.00;+0.00%;30280.00;30280.00;+0.00%;14.69%;Ні;*;недоступний у фіді
1129510212;7156.00;7156.00;+0.00%;7810.00;7810.00;+0.00%;9.05%;Ні;*;недоступний у фіді
1129510917;8386.00;8386.00;+0.00%;9150.00;9150.00;+0.00%;9.05%;Ні;*;недоступний у фіді
201021526;52800.00;52800.00;+0.00%;60720.00;60720.00;+0.00%;15.00%;Ні;*;недоступний у фіді
5202-25;2127.00;2127.00;+0.00%;2430.00;2430.00;+0.00%;13.86%;Ні;*;недоступний у фіді
7212521000;8504.00;8504.00;+0.00%;9780.00;9780.00;+0.00%;15.00%;Ні;*;недоступний у фіді
9995260000;6863.00;6863.00;+0.00%;7490.00;7490.00;+0.00%;9.05%;Ні;*;недоступний у фіді
AAAP1417;510.00;510.00;+0.00%;590.00;590.00;+0.00%;15.08%;Ні;*;недоступний у фіді
AAAR4242;688.00;688.00;+0.00%;800.00;800.00;+0.00%;15.08%;Ні;*;недоступний у фіді
AAAR9090;11432.00;11432.00;+0.00%;13160.00;13160.00;+0.00%;15.08%;Ні;*;недоступний у фіді
AAAT1010V4;546.00;546.00;+0.00%;630.00;630.00;+0.00%;15.21%;Ні;*;недоступний у фіді
AAAT4646;1401.00;1401.00;+0.00%;1620.00;1620.00;+0.00%;15.21%;Ні;*;недоступний у фіді
AAAU5555;2258.00;2258.00;+0.00%;2600.00;2600.00;+0.00%;15.08%;Ні;*;недоступний у фіді
AAAV3030;1447.00;1447.00;+0.00%;1670.00;1670.00;+0.00%;15.08%;Ні;*;недоступний у фіді
AAAV3232;1447.00;1447.00;+0.00%;1670.00;1670.00;+0.00%;15.08%;Ні;*;недоступний у фіді
AAAV3636;1617.00;1617.00;+0.00%;1870.00;1870.00;+0.00%;15.08%;Ні;*;недоступний у фіді
AAAV5050;2100.00;2100.00;+0.00%;2420.00;2420.00;+0.00%;15.08%;Ні;*;недоступний у фіді
AAAV5555;2231.00;2231.00;+0.00%;2570.00;2570.00;+0.00%;15.08%;Ні;*;недоступний у фіді
AAEH1317;192.00;192.00;+0.00%;230.00;230.00;+0.00%;15.08%;Ні;*;недоступний у фіді
AAEH4650;1802.00;1802.00;+0.00%;2080.00;2080.00;+0.00%;15.08%;Ні;*;недоступний у фіді
AAEH5560;3071.00;3071.00;+0.00%;3540.00;3540.00;+0.00%;15.08%;Ні;*;недоступний у фіді
AB-17-PT-1.4;1609.00;1609.00;+0.00%;1830.00;1830.00;+0.00%;13.20%;Ні;*;недоступний у фіді
AB150-360-220;37380.00;37380.00;+0.00%;40770.00;40770.00;+0.00%;9.05%;Ні;*;недоступний у фіді
AB200-360-220;41160.00;41160.00;+0.00%;44890.00;44890.00;+0.00%;9.05%;Ні;*;недоступний у фіді
AC1X34-3;140448.00;140448.00;+0.00%;161520.00;161520.00;+0.00%;15.00%;Ні;*;недоступний у фіді
AC690PRO;163800.00;163800.00;+0.00%;188370.00;188370.00;+0.00%;15.00%;Ні;*;недоступний у фіді
AC790PRO;267410.00;267410.00;+0.00%;307530.00;307530.00;+0.00%;15.00%;Ні;*;недоступний у фіді
ACM3000;121800.00;121800.00;+0.00%;140070.00;140070.00;+0.00%;15.00%;Ні;*;недоступний у фіді
ACT550-SFK;61600.00;61600.00;+0.00%;70840.00;70840.00;+0.00%;15.00%;Ні;*;недоступний у фіді
ACW-001;123.00;123.00;+0.00%;150.00;150.00;+0.00%;15.00%;Ні;*;недоступний у фіді
AEAE1616;618.00;618.00;+0.00%;720.00;720.00;+0.00%;15.14%;Ні;*;недоступний у фіді
AEEA1314;177.00;177.00;+0.00%;210.00;210.00;+0.00%;15.14%;Ні;*;недоступний у фіді
AEEA1517;247.00;247.00;+0.00%;290.00;290.00;+0.00%;15.14%;Ні;*;недоступний у фіді
AHC-10-W;2454.00;2454.00;+0.00%;2830.00;2830.00;+0.00%;15.00%;Ні;*;недоступний у фіді
AK100-360T-380-ITALY;34718.00;34718.00;+0.00%;37860.00;37860.00;+0.00%;9.05%;Ні;*;недоступний у фіді
AK50-170-ITALY;15220.00;15220.00;+0.00%;16600.00;16600.00;+0.00%;9.05%;Ні;*;недоступний у фіді
AKS0210;47.00;47.00;+0.00%;60.00;60.00;+0.00%;15.27%;Ні;*;недоступний у фіді
ALAD2470;1421.00;1421.00;+0.00%;1640.00;1640.00;+0.00%;15.00%;Ні;*;недоступний у фіді
ALAD2498;1421.00;1421.00;+0.00%;1640.00;1640.00;+0.00%;15.00%;Ні;*;недоступний у фіді
ALAL1621;708.00;708.00;+0.00%;820.00;820.00;+0.00%;15.00%;Ні;*;недоступний у фіді
ALAM0803;461.00;461.00;+0.00%;540.00;540.00;+0.00%;15.00%;Ні;*;недоступний у фіді
ALEA60A5;1655.00;1655.00;+0.00%;1910.00;1910.00;+0.00%;15.14%;Ні;*;недоступний у фіді
ALPHA35M-220;101200.00;101200.00;+0.00%;116070.00;116070.00;+0.00%;14.69%;Ні;*;недоступний у фіді
AMCS-10;1219.00;1219.00;+0.00%;1410.00;1410.00;+0.00%;15.00%;Ні;*;недоступний у фіді
AMCS-20;1219.00;1219.00;+0.00%;1410.00;1410.00;+0.00%;15.00%;Ні;*;недоступний у фіді
AMCS-30;1219.00;1219.00;+0.00%;1410.00;1410.00;+0.00%;15.00%;Ні;*;недоступний у фіді
AMCS-50;1219.00;1219.00;+0.00%;1410.00;1410.00;+0.00%;15.00%;Ні;*;недоступний у фіді
ANAF0803;2917.00;2917.00;+0.00%;3370.00;3370.00;+0.00%;15.34%;Ні;*;недоступний у фіді
ANAF1203;2775.00;2775.00;+0.00%;3210.00;3210.00;+0.00%;15.34%;Ні;*;недоступний у фіді
ANAF1211;2963.00;2963.00;+0.00%;3420.00;3420.00;+0.00%;15.34%;Ні;*;недоступний у фіді
ANAF1621;3629.00;3629.00;+0.00%;4190.00;4190.00;+0.00%;15.34%;Ні;*;недоступний у фіді
ANAF1635;4510.00;4510.00;+0.00%;5210.00;5210.00;+0.00%;15.34%;Ні;*;недоступний у фіді
ANAF2450;6664.00;6664.00;+0.00%;7690.00;7690.00;+0.00%;15.34%;Ні;*;недоступний у фіді
ANAF2470;17223.00;17223.00;+0.00%;19870.00;19870.00;+0.00%;15.34%;Ні;*;недоступний у фіді
ANAF2498;22073.00;22073.00;+0.00%;25460.00;25460.00;+0.00%;15.34%;Ні;*;недоступний у фіді
ANAF3298;21272.00;21272.00;+0.00%;24540.00;24540.00;+0.00%;15.34%;Ні;*;недоступний у фіді
ANAM32A0;39439.00;39439.00;+0.00%;45490.00;45490.00;+0.00%;15.34%;Ні;*;недоступний у фіді
ANCE1624;14788.00;14788.00;+0.00%;17010.00;17010.00;+0.00%;15.00%;Ні;*;недоступний у фіді
ANCE1648;45847.00;45847.00;+0.00%;52790.00;52790.00;+0.00%;15.14%;Ні;*;недоступний у фіді
AOAE0809;772.00;772.00;+0.00%;890.00;890.00;+0.00%;15.08%;Ні;*;недоступний у фіді
AOAE1011;797.00;797.00;+0.00%;920.00;920.00;+0.00%;15.08%;Ні;*;недоступний у фіді
AOAE1719;1096.00;1096.00;+0.00%;1270.00;1270.00;+0.00%;15.08%;Ні;*;недоступний у фіді
AOAG0809;465.00;465.00;+0.00%;540.00;540.00;+0.00%;15.08%;Ні;*;недоступний у фіді
AP8605-521;545.00;545.00;+0.00%;630.00;630.00;+0.00%;15.00%;Ні;*;недоступний у фіді
AP8605-523;545.00;545.00;+0.00%;630.00;630.00;+0.00%;15.00%;Ні;*;недоступний у фіді
AP8605-621;545.00;545.00;+0.00%;630.00;630.00;+0.00%;15.00%;Ні;*;недоступний у фіді
AT-010K;1060.00;1060.00;+0.00%;1180.00;1180.00;+0.00%;10.47%;Ні;*;недоступний у фіді
AT-4031B;1376.00;1376.00;+0.00%;1530.00;1530.00;+0.00%;11.18%;Ні;*;недоступний у фіді
AT-4038C;1318.00;1318.00;+0.00%;1470.00;1470.00;+0.00%;11.18%;Ні;*;недоступний у фіді
AT-6017;3343.00;3343.00;+0.00%;3700.00;3700.00;+0.00%;10.63%;Ні;*;недоступний у фіді
AT-7032B;656.00;656.00;+0.00%;730.00;730.00;+0.00%;10.47%;Ні;*;недоступний у фіді
AT-7038B;1555.00;1555.00;+0.00%;1790.00;1790.00;+0.00%;15.00%;Ні;*;недоступний у фіді
AT-8039P;3441.00;3441.00;+0.00%;3800.00;3800.00;+0.00%;10.38%;Ні;*;недоступний у фіді
AT-980-5;1827.00;1827.00;+0.00%;2020.00;2020.00;+0.00%;10.47%;Ні;*;недоступний у фіді
ATF-A6;78760.00;78760.00;+0.00%;89740.00;89740.00;+0.00%;13.94%;Ні;*;недоступний у фіді
AW-1150;136.00;136.00;+0.00%;160.00;160.00;+0.00%;15.21%;Ні;*;недоступний у фіді
AW-1250;256.00;256.00;+0.00%;300.00;300.00;+0.00%;15.21%;Ні;*;недоступний у фіді
AW-1300;353.00;353.00;+0.00%;410.00;410.00;+0.00%;15.21%;Ні;*;недоступний у фіді
AW-1380;598.00;598.00;+0.00%;690.00;690.00;+0.00%;15.21%;Ні;*;недоступний у фіді
AWJ3-085;6754.00;6754.00;+0.00%;7800.00;7800.00;+0.00%;15.34%;Ні;*;недоступний у фіді
AWJ3-135;7458.00;7458.00;+0.00%;8610.00;8610.00;+0.00%;15.34%;Ні;*;недоступний у фіді
AWJ4-200;8136.00;8136.00;+0.00%;9390.00;9390.00;+0.00%;15.34%;Ні;*;недоступний у фіді
AWJ4-340;7572.00;7572.00;+0.00%;8740.00;8740.00;+0.00%;15.34%;Ні;*;недоступний у фіді
AWJ6-500;20148.00;20148.00;+0.00%;23240.00;23240.00;+0.00%;15.34%;Ні;*;недоступний у фіді
AWM-10;4743.00;4743.00;+0.00%;5480.00;5480.00;+0.00%;15.34%;Ні;*;недоступний у фіді
AWM-100;5425.00;5425.00;+0.00%;6260.00;6260.00;+0.00%;15.34%;Ні;*;недоступний у фіді
AWM-30;4748.00;4748.00;+0.00%;5480.00;5480.00;+0.00%;15.34%;Ні;*;недоступний у фіді
AWM-60;5152.00;5152.00;+0.00%;5950.00;5950.00;+0.00%;15.34%;Ні;*;недоступний у фіді
AWR2150;141.00;141.00;+0.00%;170.00;170.00;+0.00%;15.21%;Ні;*;недоступний у фіді
AWR2250;300.00;300.00;+0.00%;350.00;350.00;+0.00%;15.21%;Ні;*;недоступний у фіді
AWSJ3150;373.00;373.00;+0.00%;430.00;430.00;+0.00%;15.21%;Ні;*;недоступний у фіді
AWSJ3200;480.00;480.00;+0.00%;560.00;560.00;+0.00%;15.21%;Ні;*;недоступний у фіді
AWSJ3300;1099.00;1099.00;+0.00%;1270.00;1270.00;+0.00%;15.21%;Ні;*;недоступний у фіді
AXG00010003;4660.00;4660.00;+0.00%;5360.00;5360.00;+0.00%;15.00%;Ні;*;недоступний у фіді
AXG00010004;4882.00;4882.00;+0.00%;5620.00;5620.00;+0.00%;15.00%;Ні;*;недоступний у фіді
AXG00012201;4888.00;4888.00;+0.00%;5630.00;5630.00;+0.00%;15.00%;Ні;*;недоступний у фіді
AXG00012202;5346.00;5346.00;+0.00%;6150.00;6150.00;+0.00%;15.00%;Ні;*;недоступний у фіді
AYQ-6;3401.00;3401.00;+0.00%;3930.00;3930.00;+0.00%;15.29%;Ні;*;недоступний у фіді
BCDB0803;64.00;64.00;+0.00%;80.00;80.00;+0.00%;15.14%;Ні;*;недоступний у фіді
BCFB0810;64.00;64.00;+0.00%;80.00;80.00;+0.00%;15.14%;Ні;*;недоступний у фіді
BG-2;166.00;166.00;+0.00%;190.00;190.00;+0.00%;10.63%;Ні;*;недоступний у фіді
BJIR041MB;5511.00;5511.00;+0.00%;6320.00;6320.00;+0.00%;14.60%;Ні;*;недоступний у фіді
BRIS2075;7816.00;7816.00;+0.00%;8960.00;8960.00;+0.00%;14.60%;Ні;*;недоступний у фіді
BRSP1158;1591.00;1591.00;+0.00%;1830.00;1830.00;+0.00%;14.60%;Ні;*;недоступний у фіді
BRSP2373;2248.00;2248.00;+0.00%;2580.00;2580.00;+0.00%;14.60%;Ні;*;недоступний у фіді
BSSW2108;256.00;256.00;+0.00%;300.00;300.00;+0.00%;15.00%;Ні;*;недоступний у фіді
BST580D;5720.00;5720.00;+0.00%;6560.00;6560.00;+0.00%;14.66%;Ні;*;недоступний у фіді
BST880D;11000.00;11000.00;+0.00%;12620.00;12620.00;+0.00%;14.66%;Ні;*;недоступний у фіді
BTTP1403;190.00;190.00;+0.00%;220.00;220.00;+0.00%;14.60%;Ні;*;недоступний у фіді
C-M-0400000;10736.00;10736.00;+0.00%;12320.00;12320.00;+0.00%;14.74%;Ні;*;недоступний у фіді
CAED1616;379.00;379.00;+0.00%;440.00;440.00;+0.00%;15.14%;Ні;*;недоступний у фіді
CAKA1924;160.00;160.00;+0.00%;190.00;190.00;+0.00%;15.14%;Ні;*;недоступний у фіді
CAQA1255;735.00;735.00;+0.00%;850.00;850.00;+0.00%;14.92%;Ні;*;недоступний у фіді
CAQA1660;738.00;738.00;+0.00%;850.00;850.00;+0.00%;14.92%;Ні;*;недоступний у фіді
CHBW0107;521.00;521.00;+0.00%;600.00;600.00;+0.00%;14.60%;Ні;*;недоступний у фіді
CJEK0819;1321.00;1321.00;+0.00%;1520.00;1520.00;+0.00%;14.92%;Ні;*;недоступний у фіді
CJEK1225;1386.00;1386.00;+0.00%;1600.00;1600.00;+0.00%;14.92%;Ні;*;недоступний у фіді
CJEK1633;1701.00;1701.00;+0.00%;1960.00;1960.00;+0.00%;14.92%;Ні;*;недоступний у фіді
CLBA0808;531.00;531.00;+0.00%;620.00;620.00;+0.00%;14.92%;Ні;*;недоступний у фіді
CLDA0101;202.00;202.00;+0.00%;240.00;240.00;+0.00%;15.00%;Ні;*;недоступний у фіді
CMPR1602;517.00;517.00;+0.00%;600.00;600.00;+0.00%;15.12%;Ні;*;недоступний у фіді
CMPR1603;701.00;701.00;+0.00%;810.00;810.00;+0.00%;15.12%;Ні;*;недоступний у фіді
CPIB0107;113.00;113.00;+0.00%;130.00;130.00;+0.00%;14.60%;Ні;*;недоступний у фіді
CR301;1056.00;1056.00;+0.00%;1220.00;1220.00;+0.00%;14.66%;Ні;*;недоступний у фіді
CR501;3124.00;3124.00;+0.00%;3590.00;3590.00;+0.00%;14.66%;Ні;*;недоступний у фіді
CR601;3276.00;3276.00;+0.00%;3760.00;3760.00;+0.00%;14.66%;Ні;*;недоступний у фіді
CRE905;14520.00;14520.00;+0.00%;16650.00;16650.00;+0.00%;14.66%;Ні;*;недоступний у фіді
CRE916;13200.00;13200.00;+0.00%;15140.00;15140.00;+0.00%;14.66%;Ні;*;недоступний у фіді
CRP-123;9460.00;9460.00;+0.00%;10850.00;10850.00;+0.00%;14.66%;Ні;*;недоступний у фіді
CRP-129;8800.00;8800.00;+0.00%;10100.00;10100.00;+0.00%;14.66%;Ні;*;недоступний у фіді
CRT-511;13200.00;13200.00;+0.00%;15140.00;15140.00;+0.00%;14.66%;Ні;*;недоступний у фіді
CRT-711;22000.00;22000.00;+0.00%;25230.00;25230.00;+0.00%;14.66%;Ні;*;недоступний у фіді
CS300R1;873.00;873.00;+0.00%;1010.00;1010.00;+0.00%;14.60%;Ні;*;недоступний у фіді
CSC2101;1555.00;1555.00;+0.00%;1790.00;1790.00;+0.00%;14.60%;Ні;*;недоступний у фіді
CSCS025R2;792.00;792.00;+0.00%;910.00;910.00;+0.00%;14.60%;Ні;*;недоступний у фіді
CSCS030R2;873.00;873.00;+0.00%;1010.00;1010.00;+0.00%;14.60%;Ні;*;недоступний у фіді
CTBA0832;504.00;504.00;+0.00%;590.00;590.00;+0.00%;15.14%;Ні;*;недоступний у фіді
CTHA2145;535.00;535.00;+0.00%;620.00;620.00;+0.00%;15.14%;Ні;*;недоступний у фіді
CTIB3517;1943.00;1943.00;+0.00%;2250.00;2250.00;+0.00%;15.34%;Ні;*;недоступний у фіді
CVCP2201;329.00;329.00;+0.00%;380.00;380.00;+0.00%;14.60%;Ні;*;недоступний у фіді
D-929-1.3LM;5584.00;5584.00;+0.00%;6330.00;6330.00;+0.00%;13.20%;Ні;*;недоступний у фіді
D-929-1.4LM;5584.00;5584.00;+0.00%;6330.00;6330.00;+0.00%;13.20%;Ні;*;недоступний у фіді
D-951-MINI-0.8;2768.00;2768.00;+0.00%;3140.00;3140.00;+0.00%;13.20%;Ні;*;недоступний у фіді
D-951-MINI-0.8LM;2768.00;2768.00;+0.00%;3140.00;3140.00;+0.00%;13.20%;Ні;*;недоступний у фіді
D-951-MINI-1.0;2768.00;2768.00;+0.00%;3140.00;3140.00;+0.00%;13.20%;Ні;*;недоступний у фіді
D-951-MINI-1.0LM;2768.00;2768.00;+0.00%;3140.00;3140.00;+0.00%;13.20%;Ні;*;недоступний у фіді
D35;1209.00;1209.00;+0.00%;1390.00;1390.00;+0.00%;14.97%;Ні;*;недоступний у фіді
DA-3100D;12523.00;12523.00;+0.00%;14360.00;14360.00;+0.00%;14.66%;Ні;*;недоступний у фіді
DA-3100NS;4092.00;4092.00;+0.00%;4700.00;4700.00;+0.00%;14.66%;Ні;*;недоступний у фіді
DA-5100;8221.00;8221.00;+0.00%;9430.00;9430.00;+0.00%;14.66%;Ні;*;недоступний у фіді
DDAC1A48;11425.00;11425.00;+0.00%;13160.00;13160.00;+0.00%;15.14%;Ні;*;недоступний у фіді
DDAH1A08;1124.00;1124.00;+0.00%;1300.00;1300.00;+0.00%;15.14%;Ні;*;недоступний у фіді
DDAH1A10;1381.00;1381.00;+0.00%;1600.00;1600.00;+0.00%;15.14%;Ні;*;недоступний у фіді
DDAH1A12;1805.00;1805.00;+0.00%;2080.00;2080.00;+0.00%;15.14%;Ні;*;недоступний у фіді
DDAH1A14;1746.00;1746.00;+0.00%;2020.00;2020.00;+0.00%;15.14%;Ні;*;недоступний у фіді
DEBF2207;694.00;694.00;+0.00%;790.00;790.00;+0.00%;13.65%;Ні;*;недоступний у фіді
DEC100-330M-220-ITALY;34037.00;34037.00;+0.00%;37120.00;37120.00;+0.00%;9.05%;Ні;*;недоступний у фіді
DEC100-330T-380-ITALY;35117.00;35117.00;+0.00%;38300.00;38300.00;+0.00%;9.05%;Ні;*;недоступний у фіді
DEC200-480-380-ITALY;54003.00;54003.00;+0.00%;58900.00;58900.00;+0.00%;9.05%;Ні;*;недоступний у фіді
DEC270-840-380-ITALY;91032.00;91032.00;+0.00%;99280.00;99280.00;+0.00%;9.05%;Ні;*;недоступний у фіді
DEF500-840-380-ITALY;111320.00;111320.00;+0.00%;121400.00;121400.00;+0.00%;9.05%;Ні;*;недоступний у фіді
DELTA;88000.00;88000.00;+0.00%;97040.00;97040.00;+0.00%;10.27%;Ні;*;недоступний у фіді
DFBE228E;825.00;825.00;+0.00%;940.00;940.00;+0.00%;13.65%;Ні;*;недоступний у фіді
DFBJ2205;159.00;159.00;+0.00%;190.00;190.00;+0.00%;13.65%;Ні;*;недоступний у фіді
DFBK2205;239.00;239.00;+0.00%;280.00;280.00;+0.00%;13.65%;Ні;*;недоступний у фіді
DFCN2206;482.00;482.00;+0.00%;550.00;550.00;+0.00%;13.65%;Ні;*;недоступний у фіді
DFDC1208;619.00;619.00;+0.00%;710.00;710.00;+0.00%;13.65%;Ні;*;недоступний у фіді
DG-10-3;133.00;133.00;+0.00%;150.00;150.00;+0.00%;10.63%;Ні;*;недоступний у фіді
DGBA2106;740.00;740.00;+0.00%;850.00;850.00;+0.00%;13.65%;Ні;*;недоступний у фіді
DGBA2107;827.00;827.00;+0.00%;940.00;940.00;+0.00%;13.65%;Ні;*;недоступний у фіді
DGBA2108;905.00;905.00;+0.00%;1030.00;1030.00;+0.00%;13.65%;Ні;*;недоступний у фіді
DGBB2106;764.00;764.00;+0.00%;870.00;870.00;+0.00%;13.65%;Ні;*;недоступний у фіді
DGBB2108;821.00;821.00;+0.00%;940.00;940.00;+0.00%;13.65%;Ні;*;недоступний у фіді
DGBC2106;697.00;697.00;+0.00%;800.00;800.00;+0.00%;13.65%;Ні;*;недоступний у фіді
DGBD2106;752.00;752.00;+0.00%;870.00;870.00;+0.00%;15.00%;Ні;*;недоступний у фіді
DGBE2110;1010.00;1010.00;+0.00%;1170.00;1170.00;+0.00%;15.00%;Ні;*;недоступний у фіді
DGBF2108;863.00;863.00;+0.00%;990.00;990.00;+0.00%;13.65%;Ні;*;недоступний у фіді
DGCB2208;932.00;932.00;+0.00%;1060.00;1060.00;+0.00%;13.65%;Ні;*;недоступний у фіді
DIDW0101;263.00;263.00;+0.00%;310.00;310.00;+0.00%;14.60%;Ні;*;недоступний у фіді
DJBB2204;239.00;239.00;+0.00%;280.00;280.00;+0.00%;13.65%;Ні;*;недоступний у фіді
DL-H-2;230.00;230.00;+0.00%;270.00;270.00;+0.00%;15.00%;Ні;*;недоступний у фіді
DLAH2016;674.00;674.00;+0.00%;750.00;750.00;+0.00%;10.63%;Ні;*;недоступний у фіді
DLAK2012;674.00;674.00;+0.00%;750.00;750.00;+0.00%;10.63%;Ні;*;недоступний у фіді
DLAK6012;674.00;674.00;+0.00%;750.00;750.00;+0.00%;10.63%;Ні;*;недоступний у фіді
DLK-HEP-2;285.00;285.00;+0.00%;330.00;330.00;+0.00%;15.00%;Ні;*;недоступний у фіді
DNAA1208;583.00;583.00;+0.00%;670.00;670.00;+0.00%;13.65%;Ні;*;недоступний у фіді
DT-100N;11953.00;11953.00;+0.00%;13790.00;13790.00;+0.00%;15.34%;Ні;*;недоступний у фіді
DT-135I3;14137.00;14137.00;+0.00%;16310.00;16310.00;+0.00%;15.34%;Ні;*;недоступний у фіді
EA-600;2086.00;2086.00;+0.00%;2410.00;2410.00;+0.00%;15.12%;Ні;*;недоступний у фіді
EHF0200;126.00;126.00;+0.00%;150.00;150.00;+0.00%;13.55%;Ні;*;недоступний у фіді
EHF0500;203.00;203.00;+0.00%;240.00;240.00;+0.00%;13.55%;Ні;*;недоступний у фіді
EHF0800;301.00;301.00;+0.00%;350.00;350.00;+0.00%;13.55%;Ні;*;недоступний у фіді
EHF1000;324.00;324.00;+0.00%;370.00;370.00;+0.00%;13.55%;Ні;*;недоступний у фіді
EHW0800;250.00;250.00;+0.00%;290.00;290.00;+0.00%;13.55%;Ні;*;недоступний у фіді
EHW1000;299.00;299.00;+0.00%;340.00;340.00;+0.00%;13.55%;Ні;*;недоступний у фіді
ESP-150;8778.00;8778.00;+0.00%;10100.00;10100.00;+0.00%;15.00%;Ні;*;недоступний у фіді
FACB1030;400.00;400.00;+0.00%;470.00;470.00;+0.00%;15.29%;Ні;*;недоступний у фіді
FACB1040;467.00;467.00;+0.00%;540.00;540.00;+0.00%;15.29%;Ні;*;недоступний у фіді
FAEF0410V4;160.00;160.00;+0.00%;190.00;190.00;+0.00%;15.29%;Ні;*;недоступний у фіді
FBAD0210;173.00;173.00;+0.00%;200.00;200.00;+0.00%;15.29%;Ні;*;недоступний у фіді
FC14;62.00;62.00;+0.00%;80.00;80.00;+0.00%;14.33%;Ні;*;недоступний у фіді
FC5015;124.00;124.00;+0.00%;150.00;150.00;+0.00%;14.43%;Ні;*;недоступний у фіді
FC5030;167.00;167.00;+0.00%;200.00;200.00;+0.00%;14.43%;Ні;*;недоступний у фіді
FJAB0213;165.00;165.00;+0.00%;200.00;200.00;+0.00%;15.29%;Ні;*;недоступний у фіді
FJAB0315;158.00;158.00;+0.00%;190.00;190.00;+0.00%;15.29%;Ні;*;недоступний у фіді
FL-1002W;2058.00;2058.00;+0.00%;2370.00;2370.00;+0.00%;15.00%;Ні;*;недоступний у фіді
FOCUS-DIESEL;21450.00;21450.00;+0.00%;24670.00;24670.00;+0.00%;15.00%;Ні;*;недоступний у фіді
FR7;2202.00;2202.00;+0.00%;2500.00;2500.00;+0.00%;13.20%;Ні;*;недоступний у фіді
FR8;2202.00;2202.00;+0.00%;2500.00;2500.00;+0.00%;13.20%;Ні;*;недоступний у фіді
FSSW2108;278.00;278.00;+0.00%;330.00;330.00;+0.00%;15.14%;Ні;*;недоступний у фіді
FTEC1421;385.00;385.00;+0.00%;450.00;450.00;+0.00%;15.29%;Ні;*;недоступний у фіді
GAAL0910;481.00;481.00;+0.00%;560.00;560.00;+0.00%;15.27%;Ні;*;недоступний у фіді
GAAL0911;609.00;609.00;+0.00%;710.00;710.00;+0.00%;15.27%;Ні;*;недоступний у фіді
GAAL0912;678.00;678.00;+0.00%;790.00;790.00;+0.00%;15.27%;Ні;*;недоступний у фіді
GAAL0913;522.00;522.00;+0.00%;600.00;600.00;+0.00%;14.88%;Ні;*;недоступний у фіді
GAAL0914;634.00;634.00;+0.00%;730.00;730.00;+0.00%;14.88%;Ні;*;недоступний у фіді
GAAL0916;619.00;619.00;+0.00%;720.00;720.00;+0.00%;14.88%;Ні;*;недоступний у фіді
GAAL0919;699.00;699.00;+0.00%;810.00;810.00;+0.00%;14.88%;Ні;*;недоступний у фіді
GAAR1201;543.00;543.00;+0.00%;630.00;630.00;+0.00%;15.01%;Ні;*;недоступний у фіді
GAAT0101;1585.00;1585.00;+0.00%;1760.00;1760.00;+0.00%;10.63%;Ні;*;недоступний у фіді
GAAT0709;217.00;217.00;+0.00%;250.00;250.00;+0.00%;15.01%;Ні;*;недоступний у фіді
GABW3101;1117.00;1117.00;+0.00%;1290.00;1290.00;+0.00%;15.01%;Ні;*;недоступний у фіді
GACW3503;1098.00;1098.00;+0.00%;1270.00;1270.00;+0.00%;15.01%;Ні;*;недоступний у фіді
GBAR0205;394.00;394.00;+0.00%;460.00;460.00;+0.00%;15.14%;Ні;*;недоступний у фіді
GC1302;82.00;82.00;+0.00%;100.00;100.00;+0.00%;14.43%;Ні;*;недоступний у фіді
GC1304;173.00;173.00;+0.00%;200.00;200.00;+0.00%;14.43%;Ні;*;недоступний у фіді
GCAD1407;8100.00;8100.00;+0.00%;9330.00;9330.00;+0.00%;15.17%;Ні;*;недоступний у фіді
GCAD1607;2770.00;2770.00;+0.00%;3200.00;3200.00;+0.00%;15.17%;Ні;*;недоступний у фіді
GCAI5101;3197.00;3197.00;+0.00%;3690.00;3690.00;+0.00%;15.17%;Ні;*;недоступний у фіді
GCAJ0008;74872.00;74872.00;+0.00%;86070.00;86070.00;+0.00%;14.95%;Ні;*;недоступний у фіді
GCAJ0018;71616.00;71616.00;+0.00%;82330.00;82330.00;+0.00%;14.95%;Ні;*;недоступний у фіді
GCAZ0013;40195.00;40195.00;+0.00%;46300.00;46300.00;+0.00%;15.17%;Ні;*;недоступний у фіді
GCAZ0039;14926.00;14926.00;+0.00%;17200.00;17200.00;+0.00%;15.17%;Ні;*;недоступний у фіді
GDAE0701;1756.00;1756.00;+0.00%;1940.00;1940.00;+0.00%;10.38%;Ні;*;недоступний у фіді
GDAI2702;12387.00;12387.00;+0.00%;13680.00;13680.00;+0.00%;10.38%;Ні;*;недоступний у фіді
GDAI2704;14385.00;14385.00;+0.00%;15880.00;15880.00;+0.00%;10.38%;Ні;*;недоступний у фіді
GE-26105;56725.00;56725.00;+0.00%;65210.00;65210.00;+0.00%;14.95%;Ні;*;недоступний у фіді
GEAD1401;1941.00;1941.00;+0.00%;2240.00;2240.00;+0.00%;15.14%;Ні;*;недоступний у фіді
GED2224;5299.00;5299.00;+0.00%;6110.00;6110.00;+0.00%;15.17%;Ні;*;недоступний у фіді
GFG-1.4;5332.00;5332.00;+0.00%;6040.00;6040.00;+0.00%;13.20%;Ні;*;недоступний у фіді
GI12111;113740.00;113740.00;+0.00%;130500.00;130500.00;+0.00%;14.73%;Ні;*;недоступний у фіді
GI12114-220;31944.00;31944.00;+0.00%;36650.00;36650.00;+0.00%;14.73%;Ні;*;недоступний у фіді
GI12153;411.00;411.00;+0.00%;480.00;480.00;+0.00%;14.73%;Ні;*;недоступний у фіді
GI12157;456.00;456.00;+0.00%;530.00;530.00;+0.00%;14.73%;Ні;*;недоступний у фіді
GI12162;968.00;968.00;+0.00%;1120.00;1120.00;+0.00%;14.73%;Ні;*;недоступний у фіді
GI12164;352.00;352.00;+0.00%;410.00;410.00;+0.00%;15.00%;Ні;*;недоступний у фіді
GI12165;282.00;282.00;+0.00%;330.00;330.00;+0.00%;14.73%;Ні;*;недоступний у фіді
GI12167;617.00;617.00;+0.00%;710.00;710.00;+0.00%;14.73%;Ні;*;недоступний у фіді
GI12168;617.00;617.00;+0.00%;710.00;710.00;+0.00%;14.73%;Ні;*;недоступний у фіді
GI12207;6292.00;6292.00;+0.00%;7240.00;7240.00;+0.00%;15.00%;Ні;*;недоступний у фіді
GI13110-220;37752.00;37752.00;+0.00%;43420.00;43420.00;+0.00%;15.00%;Ні;*;недоступний у фіді
GI13114-220;55176.00;55176.00;+0.00%;63460.00;63460.00;+0.00%;15.00%;Ні;*;недоступний у фіді
GI15113;55660.00;55660.00;+0.00%;64010.00;64010.00;+0.00%;15.00%;Ні;*;недоступний у фіді
GI19113;48400.00;48400.00;+0.00%;55660.00;55660.00;+0.00%;15.00%;Ні;*;недоступний у фіді
GI20201;55660.00;55660.00;+0.00%;64010.00;64010.00;+0.00%;15.00%;Ні;*;недоступний у фіді
GI37207;23426.00;23426.00;+0.00%;26940.00;26940.00;+0.00%;15.00%;Ні;*;недоступний у фіді
GIZMATIС3045;9848.00;9848.00;+0.00%;11330.00;11330.00;+0.00%;15.00%;Ні;*;недоступний у фіді
GM100X;5239.00;5239.00;+0.00%;5960.00;5960.00;+0.00%;13.71%;Ні;*;недоступний у фіді
GM1030;2181.00;2181.00;+0.00%;2510.00;2510.00;+0.00%;14.69%;Ні;*;недоступний у фіді
GM1030C;1668.00;1668.00;+0.00%;1920.00;1920.00;+0.00%;14.69%;Ні;*;недоступний у фіді
GM1250;4245.00;4245.00;+0.00%;4870.00;4870.00;+0.00%;14.69%;Ні;*;недоступний у фіді
GM1356;2158.00;2158.00;+0.00%;2480.00;2480.00;+0.00%;14.69%;Ні;*;недоступний у фіді
GM1357;1787.00;1787.00;+0.00%;2050.00;2050.00;+0.00%;14.69%;Ні;*;недоступний у фіді
GM1360;1609.00;1609.00;+0.00%;1850.00;1850.00;+0.00%;14.69%;Ні;*;недоступний у фіді
GM220;10912.00;10912.00;+0.00%;12410.00;12410.00;+0.00%;13.71%;Ні;*;недоступний у фіді
GM280;13094.00;13094.00;+0.00%;14890.00;14890.00;+0.00%;13.71%;Ні;*;недоступний у фіді
GM300H;852.00;852.00;+0.00%;980.00;980.00;+0.00%;14.69%;Ні;*;недоступний у фіді
GM3110;1165.00;1165.00;+0.00%;1350.00;1350.00;+0.00%;15.51%;Ні;*;недоступний у фіді
GM3123;6259.00;6259.00;+0.00%;7230.00;7230.00;+0.00%;15.51%;Ні;*;недоступний у фіді
GM3125;9808.00;9808.00;+0.00%;11330.00;11330.00;+0.00%;15.51%;Ні;*;недоступний у фіді
GM510;2983.00;2983.00;+0.00%;3440.00;3440.00;+0.00%;15.24%;Ні;*;недоступний у фіді
GM511;3925.00;3925.00;+0.00%;4530.00;4530.00;+0.00%;15.24%;Ні;*;недоступний у фіді
GM533;634.00;634.00;+0.00%;730.00;730.00;+0.00%;14.69%;Ні;*;недоступний у фіді
GM550H;946.00;946.00;+0.00%;1090.00;1090.00;+0.00%;14.69%;Ні;*;недоступний у фіді
GM62;1407.00;1407.00;+0.00%;1610.00;1610.00;+0.00%;13.81%;Ні;*;недоступний у фіді
GM650;965.00;965.00;+0.00%;1110.00;1110.00;+0.00%;14.51%;Ні;*;недоступний у фіді
GM761;1684.00;1684.00;+0.00%;1940.00;1940.00;+0.00%;15.00%;Ні;*;недоступний у фіді
GM87;721.00;721.00;+0.00%;830.00;830.00;+0.00%;15.00%;Ні;*;недоступний у фіді
GM8801;4209.00;4209.00;+0.00%;4830.00;4830.00;+0.00%;14.69%;Ні;*;недоступний у фіді
GM8805;3453.00;3453.00;+0.00%;3970.00;3970.00;+0.00%;14.69%;Ні;*;недоступний у фіді
GM8806;12004.00;12004.00;+0.00%;13770.00;13770.00;+0.00%;14.69%;Ні;*;недоступний у фіді
GP3J800;6519.00;6519.00;+0.00%;7480.00;7480.00;+0.00%;14.60%;Ні;*;недоступний у фіді
GRAJ1501;2515.00;2515.00;+0.00%;2890.00;2890.00;+0.00%;14.88%;Ні;*;недоступний у фіді
GSAB1401;2649.00;2649.00;+0.00%;3050.00;3050.00;+0.00%;14.88%;Ні;*;недоступний у фіді
GT3251;10865.00;10865.00;+0.00%;12470.00;12470.00;+0.00%;14.69%;Ні;*;недоступний у фіді
GT5105A;5471.00;5471.00;+0.00%;6320.00;6320.00;+0.00%;15.51%;Ні;*;недоступний у фіді
GT887NS-AL390 380V;160072.00;160072.00;+0.00%;183670.00;183670.00;+0.00%;14.74%;Ні;*;недоступний у фіді
GT889NS-AL390 380V;167156.00;167156.00;+0.00%;191800.00;191800.00;+0.00%;14.74%;Ні;*;недоступний у фіді
GTSL0510;52.00;52.00;+0.00%;60.00;60.00;+0.00%;15.29%;Ні;*;недоступний у фіді
GTSL0615;63.00;63.00;+0.00%;80.00;80.00;+0.00%;15.29%;Ні;*;недоступний у фіді
GTSL0820;84.00;84.00;+0.00%;100.00;100.00;+0.00%;15.29%;Ні;*;недоступний у фіді
GTSL0930;127.00;127.00;+0.00%;150.00;150.00;+0.00%;15.29%;Ні;*;недоступний у фіді
GVD4602;23041.00;23041.00;+0.00%;26540.00;26540.00;+0.00%;15.17%;Ні;*;недоступний у фіді
GW10ST;126.00;126.00;+0.00%;150.00;150.00;+0.00%;15.21%;Ні;*;недоступний у фіді
GW17ST;176.00;176.00;+0.00%;210.00;210.00;+0.00%;15.21%;Ні;*;недоступний у фіді
H-1001A-1.4;4789.00;4789.00;+0.00%;5430.00;5430.00;+0.00%;13.20%;Ні;*;недоступний у фіді
H-3000-PT-1.8;3753.00;3753.00;+0.00%;4250.00;4250.00;+0.00%;13.20%;Ні;*;недоступний у фіді
H-3003-DIGITAL-1.3;5104.00;5104.00;+0.00%;5780.00;5780.00;+0.00%;13.20%;Ні;*;недоступний у фіді
H-3003-DIGITAL-1.3LM;5104.00;5104.00;+0.00%;5780.00;5780.00;+0.00%;13.20%;Ні;*;недоступний у фіді
H-3003-DIGITAL-1.4;5104.00;5104.00;+0.00%;5780.00;5780.00;+0.00%;13.20%;Ні;*;недоступний у фіді
H-3003-DIGITAL-1.4LM;5104.00;5104.00;+0.00%;5780.00;5780.00;+0.00%;13.20%;Ні;*;недоступний у фіді
H-3003A-1.3LM;4649.00;4649.00;+0.00%;5270.00;5270.00;+0.00%;13.20%;Ні;*;недоступний у фіді
H-3003A-1.4;5347.00;5347.00;+0.00%;6060.00;6060.00;+0.00%;13.20%;Ні;*;недоступний у фіді
H-3003A-1.7;5347.00;5347.00;+0.00%;6060.00;6060.00;+0.00%;13.20%;Ні;*;недоступний у фіді
H-3003A-1.7LM;5347.00;5347.00;+0.00%;6060.00;6060.00;+0.00%;13.20%;Ні;*;недоступний у фіді
H-3003A-MINI-0.8;3541.00;3541.00;+0.00%;4010.00;4010.00;+0.00%;13.20%;Ні;*;недоступний у фіді
H-4004-1.3;5762.00;5762.00;+0.00%;6530.00;6530.00;+0.00%;13.20%;Ні;*;недоступний у фіді
H-4004-1.3LM;5762.00;5762.00;+0.00%;6530.00;6530.00;+0.00%;13.20%;Ні;*;недоступний у фіді
H-4004-1.4;5762.00;5762.00;+0.00%;6530.00;6530.00;+0.00%;13.20%;Ні;*;недоступний у фіді
H-4004-1.4LM;5762.00;5762.00;+0.00%;6530.00;6530.00;+0.00%;13.20%;Ні;*;недоступний у фіді
H-5000-DIGITAL-1.3;9320.00;9320.00;+0.00%;10560.00;10560.00;+0.00%;13.20%;Ні;*;недоступний у фіді
H-5000-DIGITAL-1.3LM;9320.00;9320.00;+0.00%;10560.00;10560.00;+0.00%;13.20%;Ні;*;недоступний у фіді
H-5000-DIGITAL-1.4;9320.00;9320.00;+0.00%;10560.00;10560.00;+0.00%;13.20%;Ні;*;недоступний у фіді
H-5000-DIGITAL-1.4LM;9320.00;9320.00;+0.00%;10560.00;10560.00;+0.00%;13.20%;Ні;*;недоступний у фіді
H-5005-1.3;7323.00;7323.00;+0.00%;8290.00;8290.00;+0.00%;13.20%;Ні;*;недоступний у фіді
H-5005-1.3LM;7323.00;7323.00;+0.00%;8290.00;8290.00;+0.00%;13.20%;Ні;*;недоступний у фіді
H-5005-1.4;7323.00;7323.00;+0.00%;8290.00;8290.00;+0.00%;13.20%;Ні;*;недоступний у фіді
H-5005-1.4LM;7323.00;7323.00;+0.00%;8290.00;8290.00;+0.00%;13.20%;Ні;*;недоступний у фіді
HAAG2028;694.00;694.00;+0.00%;790.00;790.00;+0.00%;13.55%;Ні;*;недоступний у фіді
HBAB0219;199.00;199.00;+0.00%;230.00;230.00;+0.00%;15.34%;Ні;*;недоступний у фіді
HBP0501;699.00;699.00;+0.00%;810.00;810.00;+0.00%;14.60%;Ні;*;недоступний у фіді
HCRT0070;2678.00;2678.00;+0.00%;2970.00;2970.00;+0.00%;10.63%;Ні;*;недоступний у фіді
HCRT0240;2953.00;2953.00;+0.00%;3270.00;3270.00;+0.00%;10.63%;Ні;*;недоступний у фіді
HCRT0300;3090.00;3090.00;+0.00%;3420.00;3420.00;+0.00%;10.63%;Ні;*;недоступний у фіді
HCRT0400;8567.00;8567.00;+0.00%;9480.00;9480.00;+0.00%;10.63%;Ні;*;недоступний у фіді
HD-855;48972.00;48972.00;+0.00%;55800.00;55800.00;+0.00%;13.94%;Ні;*;недоступний у фіді
HKS0903;110.00;110.00;+0.00%;130.00;130.00;+0.00%;14.88%;Ні;*;недоступний у фіді
HMF0101;924.00;924.00;+0.00%;1070.00;1070.00;+0.00%;15.34%;Ні;*;недоступний у фіді
HNST0024;3860.00;3860.00;+0.00%;4390.00;4390.00;+0.00%;13.55%;Ні;*;недоступний у фіді
HNST0024A;5210.00;5210.00;+0.00%;5920.00;5920.00;+0.00%;13.55%;Ні;*;недоступний у фіді
HPT30GP;15400.00;15400.00;+0.00%;17710.00;17710.00;+0.00%;15.00%;Ні;*;недоступний у фіді
HRC05-06;36.00;36.00;+0.00%;50.00;50.00;+0.00%;14.33%;Ні;*;недоступний у фіді
HS-B1037;279.00;279.00;+0.00%;320.00;320.00;+0.00%;13.94%;Ні;*;недоступний у фіді
HS-E1088A;318.00;318.00;+0.00%;370.00;370.00;+0.00%;14.60%;Ні;*;недоступний у фіді
HS-E2010;1271.00;1271.00;+0.00%;1460.00;1460.00;+0.00%;14.60%;Ні;*;недоступний у фіді
HS-E3408-12;628.00;628.00;+0.00%;730.00;730.00;+0.00%;15.00%;Ні;*;недоступний у фіді
HS-E3463;3465.00;3465.00;+0.00%;3980.00;3980.00;+0.00%;14.60%;Ні;*;недоступний у фіді
HS-E3464;303.00;303.00;+0.00%;350.00;350.00;+0.00%;14.60%;Ні;*;недоступний у фіді
HSA2530;163.00;163.00;+0.00%;190.00;190.00;+0.00%;15.00%;Ні;*;недоступний у фіді
HSP0300;358.00;358.00;+0.00%;420.00;420.00;+0.00%;15.00%;Ні;*;недоступний у фіді
IBA-300;18552.00;18552.00;+0.00%;21210.00;21210.00;+0.00%;14.29%;Ні;*;недоступний у фіді
ICEMK003;1010.00;1010.00;+0.00%;1170.00;1170.00;+0.00%;15.00%;Ні;*;недоступний у фіді
IDC0106;160.00;160.00;+0.00%;190.00;190.00;+0.00%;13.65%;Ні;*;недоступний у фіді
IEB007068;43193.00;43193.00;+0.00%;49820.00;49820.00;+0.00%;15.34%;Ні;*;недоступний у фіді
IND-1000W;19184.00;19184.00;+0.00%;22010.00;22010.00;+0.00%;14.73%;Ні;*;недоступний у фіді
IPRT25TD;810.00;810.00;+0.00%;930.00;930.00;+0.00%;14.60%;Ні;*;недоступний у фіді
IPS-3502;24200.00;24200.00;+0.00%;27830.00;27830.00;+0.00%;15.00%;Ні;*;недоступний у фіді
ISDS0601;410.00;410.00;+0.00%;480.00;480.00;+0.00%;15.29%;Ні;*;недоступний у фіді
ISPH0210;48.00;48.00;+0.00%;60.00;60.00;+0.00%;15.29%;Ні;*;недоступний у фіді
ISSL0615;48.00;48.00;+0.00%;60.00;60.00;+0.00%;15.29%;Ні;*;недоступний у фіді
J20;1344.00;1344.00;+0.00%;1550.00;1550.00;+0.00%;14.97%;Ні;*;недоступний у фіді
JCDE0908;822.00;822.00;+0.00%;940.00;940.00;+0.00%;13.94%;Ні;*;недоступний у фіді
JCDE1212;877.00;877.00;+0.00%;1000.00;1000.00;+0.00%;13.94%;Ні;*;недоступний у фіді
JCDE1515;987.00;987.00;+0.00%;1130.00;1130.00;+0.00%;13.94%;Ні;*;недоступний у фіді
JCDF2425;2719.00;2719.00;+0.00%;3100.00;3100.00;+0.00%;13.94%;Ні;*;недоступний у фіді
JCM-0401;6586.00;6586.00;+0.00%;7510.00;7510.00;+0.00%;13.94%;Ні;*;недоступний у фіді
JDAU8595;360.00;360.00;+0.00%;420.00;420.00;+0.00%;14.60%;Ні;*;недоступний у фіді
JDAU95B0;360.00;360.00;+0.00%;420.00;420.00;+0.00%;14.60%;Ні;*;недоступний у фіді
JFAB0233;1070.00;1070.00;+0.00%;1220.00;1220.00;+0.00%;13.55%;Ні;*;недоступний у фіді
JFCC0140;1658.00;1658.00;+0.00%;1910.00;1910.00;+0.00%;15.00%;Ні;*;недоступний у фіді
JFDE0105;5080.00;5080.00;+0.00%;5850.00;5850.00;+0.00%;15.00%;Ні;*;недоступний у фіді
JGAE0203;1343.00;1343.00;+0.00%;1540.00;1540.00;+0.00%;13.94%;Ні;*;недоступний у фіді
JJAU0418;27372.00;27372.00;+0.00%;30920.00;30920.00;+0.00%;12.96%;Ні;*;недоступний у фіді
JJBA1402;1162.00;1162.00;+0.00%;1330.00;1330.00;+0.00%;13.94%;Ні;*;недоступний у фіді
JLAB0435;2234.00;2234.00;+0.00%;2530.00;2530.00;+0.00%;12.96%;Ні;*;недоступний у фіді
JLAB0445;2234.00;2234.00;+0.00%;2530.00;2530.00;+0.00%;12.96%;Ні;*;недоступний у фіді
JLAB0460;2234.00;2234.00;+0.00%;2530.00;2530.00;+0.00%;12.96%;Ні;*;недоступний у фіді
JLAD0406;2234.00;2234.00;+0.00%;2530.00;2530.00;+0.00%;12.96%;Ні;*;недоступний у фіді
JLBJ1035;1635.00;1635.00;+0.00%;1890.00;1890.00;+0.00%;15.00%;Ні;*;недоступний у фіді
JQ30;1173.00;1173.00;+0.00%;1350.00;1350.00;+0.00%;14.97%;Ні;*;недоступний у фіді
JRMR0107;726.00;726.00;+0.00%;840.00;840.00;+0.00%;14.60%;Ні;*;недоступний у фіді
K-401-9;194.00;194.00;+0.00%;230.00;230.00;+0.00%;13.94%;Ні;*;недоступний у фіді
K60;1785.00;1785.00;+0.00%;2060.00;2060.00;+0.00%;14.97%;Ні;*;недоступний у фіді
KAAC1660;5553.00;5553.00;+0.00%;6130.00;6130.00;+0.00%;10.38%;Ні;*;недоступний у фіді
KAAD3216;34648.00;34648.00;+0.00%;38250.00;38250.00;+0.00%;10.38%;Ні;*;недоступний у фіді
KAAL1610;9824.00;9824.00;+0.00%;10850.00;10850.00;+0.00%;10.38%;Ні;*;недоступний у фіді
KAAM1606;10978.00;10978.00;+0.00%;12120.00;12120.00;+0.00%;10.38%;Ні;*;недоступний у фіді
KABA4850;5116.00;5116.00;+0.00%;5900.00;5900.00;+0.00%;15.14%;Ні;*;недоступний у фіді
KABA4880;8545.00;8545.00;+0.00%;9840.00;9840.00;+0.00%;15.14%;Ні;*;недоступний у фіді
KABA4885;9286.00;9286.00;+0.00%;10700.00;10700.00;+0.00%;15.14%;Ні;*;недоступний у фіді
KABC1622;359.00;359.00;+0.00%;420.00;420.00;+0.00%;15.14%;Ні;*;недоступний у фіді
KACU3212;1810.00;1810.00;+0.00%;2090.00;2090.00;+0.00%;15.14%;Ні;*;недоступний у фіді
KAGA0204;220.00;220.00;+0.00%;250.00;250.00;+0.00%;10.63%;Ні;*;недоступний у фіді
KAGA0210;289.00;289.00;+0.00%;320.00;320.00;+0.00%;10.63%;Ні;*;недоступний у фіді
KAJC21B1;820.00;820.00;+0.00%;940.00;940.00;+0.00%;14.33%;Ні;*;недоступний у фіді
KAKC0595;7172.00;7172.00;+0.00%;7930.00;7930.00;+0.00%;10.47%;Ні;*;недоступний у фіді
KALD0302E;5145.00;5145.00;+0.00%;5890.00;5890.00;+0.00%;14.33%;Ні;*;недоступний у фіді
KB19ST;125.00;125.00;+0.00%;150.00;150.00;+0.00%;15.34%;Ні;*;недоступний у фіді
KBBC1626;316.00;316.00;+0.00%;370.00;370.00;+0.00%;15.14%;Ні;*;недоступний у фіді
KBEB0070;633.00;633.00;+0.00%;730.00;730.00;+0.00%;15.00%;Ні;*;недоступний у фіді
KBK1;260.00;260.00;+0.00%;300.00;300.00;+0.00%;15.34%;Ні;*;недоступний у фіді
KC-AT-4031B;136.00;136.00;+0.00%;160.00;160.00;+0.00%;14.33%;Ні;*;недоступний у фіді
KC-AT-4031KLB;179.00;179.00;+0.00%;210.00;210.00;+0.00%;14.33%;Ні;*;недоступний у фіді
KC-AT-4041KLB;196.00;196.00;+0.00%;230.00;230.00;+0.00%;14.33%;Ні;*;недоступний у фіді
KGNO36ST;216.00;216.00;+0.00%;250.00;250.00;+0.00%;15.08%;Ні;*;недоступний у фіді
KGNO46ST;238.00;238.00;+0.00%;280.00;280.00;+0.00%;15.08%;Ні;*;недоступний у фіді
KHAP0810E;8959.00;8959.00;+0.00%;10310.00;10310.00;+0.00%;15.00%;Ні;*;недоступний у фіді
KHAP1010E;10456.00;10456.00;+0.00%;12030.00;12030.00;+0.00%;15.00%;Ні;*;недоступний у фіді
KL-467;2145.00;2145.00;+0.00%;2450.00;2450.00;+0.00%;13.94%;Ні;*;недоступний у фіді
KPA-1639E;37918.00;37918.00;+0.00%;41820.00;41820.00;+0.00%;10.27%;Ні;*;недоступний у фіді
KPAA1650E;13659.00;13659.00;+0.00%;15070.00;15070.00;+0.00%;10.27%;Ні;*;недоступний у фіді
KPAB1685E;14575.00;14575.00;+0.00%;16080.00;16080.00;+0.00%;10.27%;Ні;*;недоступний у фіді
KPBA0840E;21656.00;21656.00;+0.00%;24080.00;24080.00;+0.00%;11.18%;Ні;*;недоступний у фіді
KPDB0803;1975.00;1975.00;+0.00%;2200.00;2200.00;+0.00%;11.18%;Ні;*;недоступний у фіді
KPDB0805;2775.00;2775.00;+0.00%;3090.00;3090.00;+0.00%;11.18%;Ні;*;недоступний у фіді
KPH-1607E;33983.00;33983.00;+0.00%;37790.00;37790.00;+0.00%;11.18%;Ні;*;недоступний у фіді
KPN-006ME;38934.00;38934.00;+0.00%;43080.00;43080.00;+0.00%;10.63%;Ні;*;недоступний у фіді
KPNA0510E;36252.00;36252.00;+0.00%;40110.00;40110.00;+0.00%;10.63%;Ні;*;недоступний у фіді
KPRA0306E;31951.00;31951.00;+0.00%;35350.00;35350.00;+0.00%;10.63%;Ні;*;недоступний у фіді
KR0810;34.00;34.00;+0.00%;40.00;40.00;+0.00%;15.21%;Ні;*;недоступний у фіді
KR1719;66.00;66.00;+0.00%;80.00;80.00;+0.00%;15.21%;Ні;*;недоступний у фіді
KSAU0808;5977.00;5977.00;+0.00%;6650.00;6650.00;+0.00%;11.18%;Ні;*;недоступний у фіді
KT100PU-6;479.00;479.00;+0.00%;550.00;550.00;+0.00%;14.73%;Ні;*;недоступний у фіді
KT100PU-8;509.00;509.00;+0.00%;590.00;590.00;+0.00%;14.73%;Ні;*;недоступний у фіді
KTPS06-PE;204.00;204.00;+0.00%;240.00;240.00;+0.00%;14.73%;Ні;*;недоступний у фіді
KTPS06-PP;204.00;204.00;+0.00%;240.00;240.00;+0.00%;14.73%;Ні;*;недоступний у фіді
KTPS06-PS;204.00;204.00;+0.00%;240.00;240.00;+0.00%;14.73%;Ні;*;недоступний у фіді
KTR0200;440.00;440.00;+0.00%;510.00;510.00;+0.00%;15.14%;Ні;*;недоступний у фіді
KTR0300;619.00;619.00;+0.00%;720.00;720.00;+0.00%;15.14%;Ні;*;недоступний у фіді
KTR0400;1007.00;1007.00;+0.00%;1160.00;1160.00;+0.00%;15.14%;Ні;*;недоступний у фіді
KTR0500;1368.00;1368.00;+0.00%;1580.00;1580.00;+0.00%;15.14%;Ні;*;недоступний у фіді
KVS0901;942.00;942.00;+0.00%;1090.00;1090.00;+0.00%;15.00%;Ні;*;недоступний у фіді
KWT4050;46860.00;46860.00;+0.00%;53400.00;53400.00;+0.00%;13.94%;Ні;*;недоступний у фіді
L-0802T;1347.00;1347.00;+0.00%;1550.00;1550.00;+0.00%;15.00%;Ні;*;недоступний у фіді
LA-TLTW-240SB-380;110000.00;110000.00;+0.00%;126160.00;126160.00;+0.00%;14.69%;Ні;*;недоступний у фіді
LL603R;1943.00;1943.00;+0.00%;2240.00;2240.00;+0.00%;14.91%;Ні;*;недоступний у фіді
LT30B;1456.00;1456.00;+0.00%;1680.00;1680.00;+0.00%;14.97%;Ні;*;недоступний у фіді
LTR-01;286.00;286.00;+0.00%;330.00;330.00;+0.00%;15.00%;Ні;*;недоступний у фіді
LWH0060;225.00;225.00;+0.00%;260.00;260.00;+0.00%;14.91%;Ні;*;недоступний у фіді
LWH0100;311.00;311.00;+0.00%;360.00;360.00;+0.00%;14.91%;Ні;*;недоступний у фіді
LWH0150;330.00;330.00;+0.00%;380.00;380.00;+0.00%;14.91%;Ні;*;недоступний у фіді
LWH0200;433.00;433.00;+0.00%;500.00;500.00;+0.00%;14.91%;Ні;*;недоступний у фіді
MBP0801;1401.00;1401.00;+0.00%;1610.00;1610.00;+0.00%;14.60%;Ні;*;недоступний у фіді
MC5-AIR;1630.00;1630.00;+0.00%;1880.00;1880.00;+0.00%;15.00%;Ні;*;недоступний у фіді
MFF0150;61.00;61.00;+0.00%;70.00;70.00;+0.00%;13.55%;Ні;*;недоступний у фіді
MFF0200;93.00;93.00;+0.00%;110.00;110.00;+0.00%;13.55%;Ні;*;недоступний у фіді
MFF0250;132.00;132.00;+0.00%;150.00;150.00;+0.00%;13.55%;Ні;*;недоступний у фіді
MFF0300;149.00;149.00;+0.00%;170.00;170.00;+0.00%;13.55%;Ні;*;недоступний у фіді
MHGP1501;6925.00;6925.00;+0.00%;7940.00;7940.00;+0.00%;14.60%;Ні;*;недоступний у фіді
MHGP2001;10289.00;10289.00;+0.00%;11800.00;11800.00;+0.00%;14.60%;Ні;*;недоступний у фіді
MHGP3001;12680.00;12680.00;+0.00%;14540.00;14540.00;+0.00%;14.60%;Ні;*;недоступний у фіді
MHGP5002;20297.00;20297.00;+0.00%;23270.00;23270.00;+0.00%;14.60%;Ні;*;недоступний у фіді
MPN0601;1254.00;1254.00;+0.00%;1450.00;1450.00;+0.00%;15.34%;Ні;*;недоступний у фіді
MTB300-1;726.00;726.00;+0.00%;840.00;840.00;+0.00%;14.95%;Ні;*;недоступний у фіді
MTB440-3;1187.00;1187.00;+0.00%;1370.00;1370.00;+0.00%;14.95%;Ні;*;недоступний у фіді
MTB540-5;1470.00;1470.00;+0.00%;1690.00;1690.00;+0.00%;14.95%;Ні;*;недоступний у фіді
MEGAFOGER;4500.00;4500.00;+0.00%;5180.00;5180.00;+0.00%;15.00%;Ні;*;недоступний у фіді
NK-200;3929.00;3929.00;+0.00%;4540.00;4540.00;+0.00%;15.34%;Ні;*;недоступний у фіді
NK-30;3929.00;3929.00;+0.00%;4540.00;4540.00;+0.00%;15.34%;Ні;*;недоступний у фіді
NK-300;3929.00;3929.00;+0.00%;4540.00;4540.00;+0.00%;15.34%;Ні;*;недоступний у фіді
NK-500;3929.00;3929.00;+0.00%;4540.00;4540.00;+0.00%;15.34%;Ні;*;недоступний у фіді
NS-AB-17G-2.0;429.00;429.00;+0.00%;490.00;490.00;+0.00%;13.20%;Ні;*;недоступний у фіді
NS-D-951-MINI-0.5;980.00;980.00;+0.00%;1110.00;1110.00;+0.00%;13.20%;Ні;*;недоступний у фіді
NS-D-951-MINI-0.5LM;980.00;980.00;+0.00%;1110.00;1110.00;+0.00%;13.20%;Ні;*;недоступний у фіді
NS-D-951-MINI-1.2;980.00;980.00;+0.00%;1110.00;1110.00;+0.00%;13.20%;Ні;*;недоступний у фіді
NS-GFG-1.4;1411.00;1411.00;+0.00%;1600.00;1600.00;+0.00%;13.20%;Ні;*;недоступний у фіді
NS-H-5005-1.3LM;2737.00;2737.00;+0.00%;3100.00;3100.00;+0.00%;13.20%;Ні;*;недоступний у фіді
NS-H-5005-1.4LM;2737.00;2737.00;+0.00%;3100.00;3100.00;+0.00%;13.20%;Ні;*;недоступний у фіді
NS-HD-1-1.3LM;1411.00;1411.00;+0.00%;1600.00;1600.00;+0.00%;13.20%;Ні;*;недоступний у фіді
NS-ST-3000-1.6LM;1214.00;1214.00;+0.00%;1380.00;1380.00;+0.00%;13.20%;Ні;*;недоступний у фіді
NS-ST-3000-1.8;1214.00;1214.00;+0.00%;1380.00;1380.00;+0.00%;13.20%;Ні;*;недоступний у фіді
NS-SHINE-1.4;1624.00;1624.00;+0.00%;1840.00;1840.00;+0.00%;13.20%;Ні;*;недоступний у фіді
NS-SHINE-MINI-0.8;1181.00;1181.00;+0.00%;1340.00;1340.00;+0.00%;13.20%;Ні;*;недоступний у фіді
NS-TTS-HV30-1.3;1531.00;1531.00;+0.00%;1740.00;1740.00;+0.00%;13.20%;Ні;*;недоступний у фіді
NTBT4004-X;9926.00;9926.00;+0.00%;11410.00;11410.00;+0.00%;14.95%;Ні;*;недоступний у фіді
NITROMAC;25432.00;25432.00;+0.00%;29250.00;29250.00;+0.00%;15.00%;Ні;*;недоступний у фіді
PBKB2R2410;405.00;405.00;+0.00%;470.00;470.00;+0.00%;15.14%;Ні;*;недоступний у фіді
PBKB2R2414;605.00;605.00;+0.00%;700.00;700.00;+0.00%;15.14%;Ні;*;недоступний у фіді
PBKB4B26103;395.00;395.00;+0.00%;460.00;460.00;+0.00%;15.14%;Ні;*;недоступний у фіді
PBW-053A;3913.00;3913.00;+0.00%;4500.00;4500.00;+0.00%;14.95%;Ні;*;недоступний у фіді
PCR6101;4455.00;4455.00;+0.00%;5110.00;5110.00;+0.00%;14.60%;Ні;*;недоступний у фіді
PLBN0108;146.00;146.00;+0.00%;170.00;170.00;+0.00%;13.65%;Ні;*;недоступний у фіді
PLDC0106;117.00;117.00;+0.00%;140.00;140.00;+0.00%;13.65%;Ні;*;недоступний у фіді
PLDC0107;142.00;142.00;+0.00%;170.00;170.00;+0.00%;13.65%;Ні;*;недоступний у фіді
PLHD0107;126.00;126.00;+0.00%;150.00;150.00;+0.00%;13.65%;Ні;*;недоступний у фіді
PLLN0106;113.00;113.00;+0.00%;130.00;130.00;+0.00%;13.65%;Ні;*;недоступний у фіді
PLSC0107;144.00;144.00;+0.00%;170.00;170.00;+0.00%;13.65%;Ні;*;недоступний у фіді
PLSC0108;163.00;163.00;+0.00%;190.00;190.00;+0.00%;13.65%;Ні;*;недоступний у фіді
PLWP0110;208.00;208.00;+0.00%;240.00;240.00;+0.00%;15.00%;Ні;*;недоступний у фіді
PLWP0112;271.00;271.00;+0.00%;310.00;310.00;+0.00%;13.65%;Ні;*;недоступний у фіді
PLWS0106;132.00;132.00;+0.00%;160.00;160.00;+0.00%;15.00%;Ні;*;недоступний у фіді
PM18C;1437.00;1437.00;+0.00%;1660.00;1660.00;+0.00%;15.51%;Ні;*;недоступний у фіді
PM5900;1650.00;1650.00;+0.00%;1900.00;1900.00;+0.00%;15.00%;Ні;*;недоступний у фіді
PM6519A;1267.00;1267.00;+0.00%;1460.00;1460.00;+0.00%;14.69%;Ні;*;недоступний у фіді
PM6519B;1437.00;1437.00;+0.00%;1650.00;1650.00;+0.00%;14.69%;Ні;*;недоступний у фіді
PM830;660.00;660.00;+0.00%;770.00;770.00;+0.00%;15.51%;Ні;*;недоступний у фіді
PMT-7E25;131.00;131.00;+0.00%;160.00;160.00;+0.00%;15.17%;Ні;*;недоступний у фіді
PPN-4000K;91476.00;91476.00;+0.00%;104920.00;104920.00;+0.00%;14.69%;Ні;*;недоступний у фіді
PRO-JS158;4840.00;4840.00;+0.00%;5570.00;5570.00;+0.00%;15.00%;Ні;*;недоступний у фіді
PRO-PD100W;5280.00;5280.00;+0.00%;6080.00;6080.00;+0.00%;15.00%;Ні;*;недоступний у фіді
PRO-PS1000B;38280.00;38280.00;+0.00%;44030.00;44030.00;+0.00%;15.00%;Ні;*;недоступний у фіді
PRO-PS1000D;42240.00;42240.00;+0.00%;48580.00;48580.00;+0.00%;15.00%;Ні;*;недоступний у фіді
PRO-PS1000F;41360.00;41360.00;+0.00%;47570.00;47570.00;+0.00%;15.00%;Ні;*;недоступний у фіді
PRO-PS1000G;44000.00;44000.00;+0.00%;50600.00;50600.00;+0.00%;15.00%;Ні;*;недоступний у фіді
PRO-PS1000H;39600.00;39600.00;+0.00%;45540.00;45540.00;+0.00%;15.00%;Ні;*;недоступний у фіді
PRO-PS1101LG;38720.00;38720.00;+0.00%;44530.00;44530.00;+0.00%;15.00%;Ні;*;недоступний у фіді
PRO-PS1200N;40700.00;40700.00;+0.00%;46810.00;46810.00;+0.00%;15.00%;Ні;*;недоступний у фіді
PRO-PS1500B;61600.00;61600.00;+0.00%;70840.00;70840.00;+0.00%;15.00%;Ні;*;недоступний у фіді
PRO-PS1500H;1350.00;1350.00;+0.00%;1560.00;1560.00;+0.00%;15.00%;Ні;*;недоступний у фіді
PRO-PS180E;5720.00;5720.00;+0.00%;6580.00;6580.00;+0.00%;15.00%;Ні;*;недоступний у фіді
PRO-PS2000F;65560.00;65560.00;+0.00%;75400.00;75400.00;+0.00%;15.00%;Ні;*;недоступний у фіді
PRO-PS2000G;75240.00;75240.00;+0.00%;86530.00;86530.00;+0.00%;15.00%;Ні;*;недоступний у фіді
PRO-PS300-2E;8360.00;8360.00;+0.00%;9620.00;9620.00;+0.00%;15.00%;Ні;*;недоступний у фіді
PRO-PS300B;238.00;238.00;+0.00%;280.00;280.00;+0.00%;15.00%;Ні;*;недоступний у фіді
PRO-PS300E;8360.00;8360.00;+0.00%;9620.00;9620.00;+0.00%;15.00%;Ні;*;недоступний у фіді
PRO-PS301G;15400.00;15400.00;+0.00%;17710.00;17710.00;+0.00%;15.00%;Ні;*;недоступний у фіді
PRO-PS500B;400.00;400.00;+0.00%;460.00;460.00;+0.00%;15.00%;Ні;*;недоступний у фіді
PRO-PS500E;18040.00;18040.00;+0.00%;20750.00;20750.00;+0.00%;15.00%;Ні;*;недоступний у фіді
PRO-PS500H;560.00;560.00;+0.00%;650.00;650.00;+0.00%;15.00%;Ні;*;недоступний у фіді
PRO-PS551G;24640.00;24640.00;+0.00%;28340.00;28340.00;+0.00%;15.00%;Ні;*;недоступний у фіді
PRO-PS600H;530.00;530.00;+0.00%;610.00;610.00;+0.00%;15.00%;Ні;*;недоступний у фіді
PRO-PS700N;26620.00;26620.00;+0.00%;30620.00;30620.00;+0.00%;15.00%;Ні;*;недоступний у фіді
PRO-S10;932.00;932.00;+0.00%;1080.00;1080.00;+0.00%;15.00%;Ні;*;недоступний у фіді
PRO-S20;2420.00;2420.00;+0.00%;2790.00;2790.00;+0.00%;15.00%;Ні;*;недоступний у фіді
PRO-S30;2860.00;2860.00;+0.00%;3290.00;3290.00;+0.00%;15.00%;Ні;*;недоступний у фіді
PRO-VS8802;1760.00;1760.00;+0.00%;1990.00;1990.00;+0.00%;12.96%;Ні;*;недоступний у фіді
PRO-VS9801;1760.00;1760.00;+0.00%;1990.00;1990.00;+0.00%;12.96%;Ні;*;недоступний у фіді
PRO-YT120W;13200.00;13200.00;+0.00%;15180.00;15180.00;+0.00%;15.00%;Ні;*;недоступний у фіді
PRO-YT210W;24200.00;24200.00;+0.00%;27830.00;27830.00;+0.00%;15.00%;Ні;*;недоступний у фіді
PRO5500;2124.00;2124.00;+0.00%;2450.00;2450.00;+0.00%;15.00%;Ні;*;недоступний у фіді
PU12-10;1610.00;1610.00;+0.00%;1860.00;1860.00;+0.00%;15.00%;Ні;*;недоступний у фіді
PU6;632.00;632.00;+0.00%;730.00;730.00;+0.00%;15.00%;Ні;*;недоступний у фіді
PILOT HD;41800.00;41800.00;+0.00%;47930.00;47930.00;+0.00%;14.66%;Ні;*;недоступний у фіді
PILOT SCAN TPMS;31752.00;31752.00;+0.00%;36410.00;36410.00;+0.00%;14.66%;Ні;*;недоступний у фіді
R-110;2154.00;2154.00;+0.00%;2480.00;2480.00;+0.00%;15.00%;Ні;*;недоступний у фіді
R-510;2755.00;2755.00;+0.00%;3150.00;3150.00;+0.00%;14.29%;Ні;*;недоступний у фіді
R-510D;3091.00;3091.00;+0.00%;3540.00;3540.00;+0.00%;14.29%;Ні;*;недоступний у фіді
R-600;1138.00;1138.00;+0.00%;1320.00;1320.00;+0.00%;15.51%;Ні;*;недоступний у фіді
R-620D;1474.00;1474.00;+0.00%;1710.00;1710.00;+0.00%;15.51%;Ні;*;недоступний у фіді
R100;2842.00;2842.00;+0.00%;3270.00;3270.00;+0.00%;14.97%;Ні;*;недоступний у фіді
R150;3199.00;3199.00;+0.00%;3680.00;3680.00;+0.00%;14.97%;Ні;*;недоступний у фіді
R470;28984.00;28984.00;+0.00%;33340.00;33340.00;+0.00%;15.00%;Ні;*;недоступний у фіді
RCFL0102;1034.00;1034.00;+0.00%;1190.00;1190.00;+0.00%;15.00%;Ні;*;недоступний у фіді
RCFL0152;1320.00;1320.00;+0.00%;1520.00;1520.00;+0.00%;15.00%;Ні;*;недоступний у фіді
RCFL0202;1760.00;1760.00;+0.00%;2030.00;2030.00;+0.00%;15.00%;Ні;*;недоступний у фіді
RCFL1001;1848.00;1848.00;+0.00%;2130.00;2130.00;+0.00%;15.00%;Ні;*;недоступний у фіді
RCFL2001;2684.00;2684.00;+0.00%;3090.00;3090.00;+0.00%;15.00%;Ні;*;недоступний у фіді
RCFL3001;3520.00;3520.00;+0.00%;4050.00;4050.00;+0.00%;15.00%;Ні;*;недоступний у фіді
RGWR3601;253.00;253.00;+0.00%;300.00;300.00;+0.00%;15.21%;Ні;*;недоступний у фіді
RGWR3801;265.00;265.00;+0.00%;310.00;310.00;+0.00%;15.21%;Ні;*;недоступний у фіді
RK-AB-17-PT;200.00;200.00;+0.00%;230.00;230.00;+0.00%;13.20%;Ні;*;недоступний у фіді
RK-GFG;362.00;362.00;+0.00%;410.00;410.00;+0.00%;13.20%;Ні;*;недоступний у фіді
RK-H-3000-PT;419.00;419.00;+0.00%;480.00;480.00;+0.00%;13.20%;Ні;*;недоступний у фіді
RK-H-5005;470.00;470.00;+0.00%;540.00;540.00;+0.00%;13.20%;Ні;*;недоступний у фіді
RK-PT-2/PT-8;223.00;223.00;+0.00%;260.00;260.00;+0.00%;14.33%;Ні;*;недоступний у фіді
RK-TTS-HV30;362.00;362.00;+0.00%;410.00;410.00;+0.00%;13.20%;Ні;*;недоступний у фіді
RK-TTS-TE10;362.00;362.00;+0.00%;410.00;410.00;+0.00%;13.20%;Ні;*;недоступний у фіді
RK12TR;182.00;182.00;+0.00%;210.00;210.00;+0.00%;14.92%;Ні;*;недоступний у фіді
RK14TR;118.00;118.00;+0.00%;140.00;140.00;+0.00%;14.92%;Ні;*;недоступний у фіді
RP17620;1668.00;1668.00;+0.00%;1850.00;1850.00;+0.00%;10.47%;Ні;*;недоступний у фіді
RP7322;2832.00;2832.00;+0.00%;3130.00;3130.00;+0.00%;10.47%;Ні;*;недоступний у фіді
RP7412;1885.00;1885.00;+0.00%;2090.00;2090.00;+0.00%;10.38%;Ні;*;недоступний у фіді
RP7601;2708.00;2708.00;+0.00%;3120.00;3120.00;+0.00%;15.00%;Ні;*;недоступний у фіді
RP8623N;20192.00;20192.00;+0.00%;23230.00;23230.00;+0.00%;15.00%;Ні;*;недоступний у фіді
RSM-1;69000.00;69000.00;+0.00%;79350.00;79350.00;+0.00%;15.00%;Ні;*;недоступний у фіді
RSM-2;72000.00;72000.00;+0.00%;82800.00;82800.00;+0.00%;15.00%;Ні;*;недоступний у фіді
RSM-3;93000.00;93000.00;+0.00%;106950.00;106950.00;+0.00%;15.00%;Ні;*;недоступний у фіді
RSPK0002;41468.00;41468.00;+0.00%;47550.00;47550.00;+0.00%;14.66%;Ні;*;недоступний у фіді
SABP0107;792.00;792.00;+0.00%;910.00;910.00;+0.00%;14.60%;Ні;*;недоступний у фіді
SBAH0707;335.00;335.00;+0.00%;390.00;390.00;+0.00%;15.00%;Ні;*;недоступний у фіді
SBAH1010;509.00;509.00;+0.00%;590.00;590.00;+0.00%;15.00%;Ні;*;недоступний у фіді
SBAH1313;636.00;636.00;+0.00%;740.00;740.00;+0.00%;15.00%;Ні;*;недоступний у фіді
SBBB1808;1328.00;1328.00;+0.00%;1510.00;1510.00;+0.00%;13.65%;Ні;*;недоступний у фіді
SBBB2410;1814.00;1814.00;+0.00%;2070.00;2070.00;+0.00%;13.65%;Ні;*;недоступний у фіді
SBBB3013;2528.00;2528.00;+0.00%;2880.00;2880.00;+0.00%;13.65%;Ні;*;недоступний у фіді
SBBB3616;3409.00;3409.00;+0.00%;3880.00;3880.00;+0.00%;13.65%;Ні;*;недоступний у фіді
SBBB4218;4778.00;4778.00;+0.00%;5440.00;5440.00;+0.00%;13.65%;Ні;*;недоступний у фіді
SBBH1010;606.00;606.00;+0.00%;700.00;700.00;+0.00%;15.00%;Ні;*;недоступний у фіді
SBM0704;906.00;906.00;+0.00%;1040.00;1040.00;+0.00%;14.60%;Ні;*;недоступний у фіді
SBZ0808;1221.00;1221.00;+0.00%;1400.00;1400.00;+0.00%;14.60%;Ні;*;недоступний у фіді
SCB1018;21.00;21.00;+0.00%;40.00;40.00;+0.00%;15.00%;Ні;*;недоступний у фіді
SCP0407;627.00;627.00;+0.00%;720.00;720.00;+0.00%;14.60%;Ні;*;недоступний у фіді
SCY0250;542.00;542.00;+0.00%;630.00;630.00;+0.00%;14.60%;Ні;*;недоступний у фіді
SCY0300;606.00;606.00;+0.00%;700.00;700.00;+0.00%;14.60%;Ні;*;недоступний у фіді
SDP-380;156816.00;156816.00;+0.00%;180340.00;180340.00;+0.00%;15.00%;Ні;*;недоступний у фіді
SDPH0075;28.00;28.00;+0.00%;40.00;40.00;+0.00%;15.29%;Ні;*;недоступний у фіді
SDPH0210;36.00;36.00;+0.00%;50.00;50.00;+0.00%;15.29%;Ні;*;недоступний у фіді
SDPH0215;45.00;45.00;+0.00%;60.00;60.00;+0.00%;15.29%;Ні;*;недоступний у фіді
SDSL0510;34.00;34.00;+0.00%;40.00;40.00;+0.00%;15.29%;Ні;*;недоступний у фіді
SHF2000;500.00;500.00;+0.00%;570.00;570.00;+0.00%;13.55%;Ні;*;недоступний у фіді
SHW2000;469.00;469.00;+0.00%;540.00;540.00;+0.00%;13.55%;Ні;*;недоступний у фіді
SK0220-1;6099.00;6099.00;+0.00%;6990.00;6990.00;+0.00%;14.60%;Ні;*;недоступний у фіді
SK2L14;1910.00;1910.00;+0.00%;2190.00;2190.00;+0.00%;14.60%;Ні;*;недоступний у фіді
SLAD0505V0;654.00;654.00;+0.00%;760.00;760.00;+0.00%;15.00%;Ні;*;недоступний у фіді
SLFL0601;1540.00;1540.00;+0.00%;1780.00;1780.00;+0.00%;15.00%;Ні;*;недоступний у фіді
SLFL1001;1980.00;1980.00;+0.00%;2280.00;2280.00;+0.00%;15.00%;Ні;*;недоступний у фіді
SLFL1501;2640.00;2640.00;+0.00%;3040.00;3040.00;+0.00%;15.00%;Ні;*;недоступний у фіді
SLFL2001;3520.00;3520.00;+0.00%;4050.00;4050.00;+0.00%;15.00%;Ні;*;недоступний у фіді
SMART50-210-220-ITALY;12760.00;12760.00;+0.00%;13920.00;13920.00;+0.00%;9.05%;Ні;*;недоступний у фіді
SMT-0316;54.00;54.00;+0.00%;70.00;70.00;+0.00%;15.17%;Ні;*;недоступний у фіді
SMT-0519;81.00;81.00;+0.00%;100.00;100.00;+0.00%;15.17%;Ні;*;недоступний у фіді
SMT-7E25;119.00;119.00;+0.00%;140.00;140.00;+0.00%;15.17%;Ні;*;недоступний у фіді
SN-304;452.00;452.00;+0.00%;520.00;520.00;+0.00%;15.00%;Ні;*;недоступний у фіді
SP009-8;45.00;45.00;+0.00%;60.00;60.00;+0.00%;15.00%;Ні;*;недоступний у фіді
SP01000002;166110.00;166110.00;+0.00%;191030.00;191030.00;+0.00%;15.00%;Ні;*;недоступний у фіді
SPE06-08;19.00;19.00;+0.00%;40.00;40.00;+0.00%;15.00%;Ні;*;недоступний у фіді
SPL12-03;56.00;56.00;+0.00%;70.00;70.00;+0.00%;15.00%;Ні;*;недоступний у фіді
SPP0301;479.00;479.00;+0.00%;560.00;560.00;+0.00%;15.17%;Ні;*;недоступний у фіді
SPSW1635;172.00;172.00;+0.00%;200.00;200.00;+0.00%;15.14%;Ні;*;недоступний у фіді
SQF0150;52.00;52.00;+0.00%;60.00;60.00;+0.00%;13.55%;Ні;*;недоступний у фіді
SQF0250;97.00;97.00;+0.00%;120.00;120.00;+0.00%;13.55%;Ні;*;недоступний у фіді
SQRT0008;145.00;145.00;+0.00%;170.00;170.00;+0.00%;14.60%;Ні;*;недоступний у фіді
SQRT0009;145.00;145.00;+0.00%;170.00;170.00;+0.00%;14.60%;Ні;*;недоступний у фіді
SQRT0010;174.00;174.00;+0.00%;200.00;200.00;+0.00%;14.60%;Ні;*;недоступний у фіді
SRDW2108;233.00;233.00;+0.00%;270.00;270.00;+0.00%;15.00%;Ні;*;недоступний у фіді
SSVP001;612.00;612.00;+0.00%;710.00;710.00;+0.00%;15.00%;Ні;*;недоступний у фіді
ST-0108-12;2932.00;2932.00;+0.00%;3380.00;3380.00;+0.00%;15.17%;Ні;*;недоступний у фіді
ST-1224;2507.00;2507.00;+0.00%;2890.00;2890.00;+0.00%;15.17%;Ні;*;недоступний у фіді
SVCK0101;3005.00;3005.00;+0.00%;3460.00;3460.00;+0.00%;15.00%;Ні;*;недоступний у фіді
SVCK012VAG;9016.00;9016.00;+0.00%;10370.00;10370.00;+0.00%;15.00%;Ні;*;недоступний у фіді
SVCK040T;5100.00;5100.00;+0.00%;5870.00;5870.00;+0.00%;15.00%;Ні;*;недоступний у фіді
SVCK053GAZ;4620.00;4620.00;+0.00%;5320.00;5320.00;+0.00%;15.00%;Ні;*;недоступний у фіді
SVCK05HNK;3945.00;3945.00;+0.00%;4540.00;4540.00;+0.00%;15.00%;Ні;*;недоступний у фіді
SVCK0808;3005.00;3005.00;+0.00%;3460.00;3460.00;+0.00%;15.00%;Ні;*;недоступний у фіді
SVCK1010;3005.00;3005.00;+0.00%;3460.00;3460.00;+0.00%;15.00%;Ні;*;недоступний у фіді
SVCK12MMC;9016.00;9016.00;+0.00%;10370.00;10370.00;+0.00%;15.00%;Ні;*;недоступний у фіді
SVCK12MZD;9016.00;9016.00;+0.00%;10370.00;10370.00;+0.00%;15.00%;Ні;*;недоступний у фіді
SVCK12TTLX;9016.00;9016.00;+0.00%;10370.00;10370.00;+0.00%;15.00%;Ні;*;недоступний у фіді
SVCK130ZIL;5100.00;5100.00;+0.00%;5870.00;5870.00;+0.00%;15.00%;Ні;*;недоступний у фіді
SVCK14SMD;5100.00;5100.00;+0.00%;5870.00;5870.00;+0.00%;15.00%;Ні;*;недоступний у фіді
SVCK1500L;3005.00;3005.00;+0.00%;3460.00;3460.00;+0.00%;15.00%;Ні;*;недоступний у фіді
SVCK1600L;3005.00;3005.00;+0.00%;3460.00;3460.00;+0.00%;15.00%;Ні;*;недоступний у фіді
SVCK16MB;10050.00;10050.00;+0.00%;11560.00;11560.00;+0.00%;15.00%;Ні;*;недоступний у фіді
SVCK236YMZ;5100.00;5100.00;+0.00%;5870.00;5870.00;+0.00%;15.00%;Ні;*;недоступний у фіді
SVCK301T;3005.00;3005.00;+0.00%;3460.00;3460.00;+0.00%;15.00%;Ні;*;недоступний у фіді
SVCK302S;3005.00;3005.00;+0.00%;3460.00;3460.00;+0.00%;15.00%;Ні;*;недоступний у фіді
SVCK402V;3280.00;3280.00;+0.00%;3780.00;3780.00;+0.00%;15.00%;Ні;*;недоступний у фіді
SVCK406ZMZ;4096.00;4096.00;+0.00%;4720.00;4720.00;+0.00%;15.00%;Ні;*;недоступний у фіді
SVCK60SMD;5100.00;5100.00;+0.00%;5870.00;5870.00;+0.00%;15.00%;Ні;*;недоступний у фіді
SVCKAVEO16V;3945.00;3945.00;+0.00%;4540.00;4540.00;+0.00%;15.00%;Ні;*;недоступний у фіді
SVCKAVEO8V;3945.00;3945.00;+0.00%;4540.00;4540.00;+0.00%;15.00%;Ні;*;недоступний у фіді
SVCKKAMAZ;5123.00;5123.00;+0.00%;5900.00;5900.00;+0.00%;15.00%;Ні;*;недоступний у фіді
SPRINT6;7920.00;7920.00;+0.00%;9110.00;9110.00;+0.00%;15.00%;Ні;*;недоступний у фіді
SPRINT6K;8910.00;8910.00;+0.00%;10250.00;10250.00;+0.00%;15.00%;Ні;*;недоступний у фіді
SPRINT6K+;9790.00;9790.00;+0.00%;11260.00;11260.00;+0.00%;15.00%;Ні;*;недоступний у фіді
T412001;3169.00;3169.00;+0.00%;3640.00;3640.00;+0.00%;14.69%;Ні;*;недоступний у фіді
T820010L;14991.00;14991.00;+0.00%;17200.00;17200.00;+0.00%;14.69%;Ні;*;недоступний у фіді
T82257;6676.00;6676.00;+0.00%;7660.00;7660.00;+0.00%;14.69%;Ні;*;недоступний у фіді
T83000ET;7479.00;7479.00;+0.00%;8580.00;8580.00;+0.00%;14.69%;Ні;*;недоступний у фіді
T83003;4325.00;4325.00;+0.00%;4970.00;4970.00;+0.00%;14.69%;Ні;*;недоступний у фіді
T90204S;923.00;923.00;+0.00%;1060.00;1060.00;+0.00%;14.69%;Ні;*;недоступний у фіді
T90504S;1708.00;1708.00;+0.00%;1960.00;1960.00;+0.00%;14.69%;Ні;*;недоступний у фіді
TAAH1606;8899.00;8899.00;+0.00%;10240.00;10240.00;+0.00%;15.00%;Ні;*;недоступний у фіді
TB-M-0900000L;14520.00;14520.00;+0.00%;16670.00;16670.00;+0.00%;14.74%;Ні;*;недоступний у фіді
TBAB0300;3373.00;3373.00;+0.00%;3880.00;3880.00;+0.00%;14.95%;Ні;*;недоступний у фіді
TBAG0102;8993.00;8993.00;+0.00%;10340.00;10340.00;+0.00%;14.95%;Ні;*;недоступний у фіді
TCAJ0601;20307.00;20307.00;+0.00%;23350.00;23350.00;+0.00%;14.95%;Ні;*;недоступний у фіді
TCAL0704;35905.00;35905.00;+0.00%;41280.00;41280.00;+0.00%;14.95%;Ні;*;недоступний у фіді
TCBH0703;44880.00;44880.00;+0.00%;51590.00;51590.00;+0.00%;14.95%;Ні;*;недоступний у фіді
TDS2001;477.00;477.00;+0.00%;550.00;550.00;+0.00%;15.00%;Ні;*;недоступний у фіді
TDS4001;726.00;726.00;+0.00%;840.00;840.00;+0.00%;15.00%;Ні;*;недоступний у фіді
TEAL3704;1054.00;1054.00;+0.00%;1220.00;1220.00;+0.00%;14.95%;Ні;*;недоступний у фіді
TEAS6501;5570.00;5570.00;+0.00%;6410.00;6410.00;+0.00%;14.95%;Ні;*;недоступний у фіді
TEL05004;5066.00;5066.00;+0.00%;5610.00;5610.00;+0.00%;10.60%;Ні;*;недоступний у фіді
TGSL8150;3225.00;3225.00;+0.00%;3680.00;3680.00;+0.00%;13.86%;Ні;*;недоступний у фіді
TL-1001;1060.00;1060.00;+0.00%;1220.00;1220.00;+0.00%;15.00%;Ні;*;недоступний у фіді
TLT-235SCA-220;129800.00;129800.00;+0.00%;148870.00;148870.00;+0.00%;14.69%;Ні;*;недоступний у фіді
TLT-240SCA-220;132000.00;132000.00;+0.00%;151400.00;151400.00;+0.00%;14.69%;Ні;*;недоступний у фіді
TLTW-235SB-220;103400.00;103400.00;+0.00%;118590.00;118590.00;+0.00%;14.69%;Ні;*;недоступний у фіді
TLTW-235SB-380;101200.00;101200.00;+0.00%;116070.00;116070.00;+0.00%;14.69%;Ні;*;недоступний у фіді
TLTW-235SC-220;118800.00;118800.00;+0.00%;136260.00;136260.00;+0.00%;14.69%;Ні;*;недоступний у фіді
TLTW-235SC-380;116600.00;116600.00;+0.00%;133730.00;133730.00;+0.00%;14.69%;Ні;*;недоступний у фіді
TLTW-235SCA-380;132000.00;132000.00;+0.00%;151400.00;151400.00;+0.00%;14.69%;Ні;*;недоступний у фіді
TLTW-240SB-220;105600.00;105600.00;+0.00%;121120.00;121120.00;+0.00%;14.69%;Ні;*;недоступний у фіді
TLTW-240SB-380;103400.00;103400.00;+0.00%;118590.00;118590.00;+0.00%;14.69%;Ні;*;недоступний у фіді
TLTW-240SC-220;121000.00;121000.00;+0.00%;138780.00;138780.00;+0.00%;14.69%;Ні;*;недоступний у фіді
TLTW-240SC-380;118800.00;118800.00;+0.00%;136260.00;136260.00;+0.00%;14.69%;Ні;*;недоступний у фіді
TLTW-240SCA-220;136400.00;136400.00;+0.00%;156440.00;156440.00;+0.00%;14.69%;Ні;*;недоступний у фіді
TLTW-250AT;206800.00;206800.00;+0.00%;237180.00;237180.00;+0.00%;14.69%;Ні;*;недоступний у фіді
TR15006;8095.00;8095.00;+0.00%;9290.00;9290.00;+0.00%;14.69%;Ні;*;недоступний у фіді
TR20006;6353.00;6353.00;+0.00%;7290.00;7290.00;+0.00%;14.69%;Ні;*;недоступний у фіді
TR6505;3499.00;3499.00;+0.00%;3990.00;3990.00;+0.00%;13.94%;Ні;*;недоступний у фіді
TR9010;1789.00;1789.00;+0.00%;2060.00;2060.00;+0.00%;14.69%;Ні;*;недоступний у фіді
TR9020;2252.00;2252.00;+0.00%;2590.00;2590.00;+0.00%;14.69%;Ні;*;недоступний у фіді
TR9030;3377.00;3377.00;+0.00%;3880.00;3880.00;+0.00%;14.69%;Ні;*;недоступний у фіді
TRA8205;2812.00;2812.00;+0.00%;3230.00;3230.00;+0.00%;14.69%;Ні;*;недоступний у фіді
TRAD003;9076.00;9076.00;+0.00%;10440.00;10440.00;+0.00%;15.00%;Ні;*;недоступний у фіді
TRAD036;11188.00;11188.00;+0.00%;12870.00;12870.00;+0.00%;15.00%;Ні;*;недоступний у фіді
TRE8220B;11259.00;11259.00;+0.00%;12950.00;12950.00;+0.00%;15.00%;Ні;*;недоступний у фіді
TRE8310;32094.00;32094.00;+0.00%;36910.00;36910.00;+0.00%;15.00%;Ні;*;недоступний у фіді
TRF0422;48337.00;48337.00;+0.00%;55590.00;55590.00;+0.00%;15.00%;Ні;*;недоступний у фіді
TRG2095;17157.00;17157.00;+0.00%;19550.00;19550.00;+0.00%;13.94%;Ні;*;недоступний у фіді
TRG4001-3.5;3372.00;3372.00;+0.00%;3880.00;3880.00;+0.00%;15.00%;Ні;*;недоступний у фіді
TRK203D-M;12320.00;12320.00;+0.00%;14120.00;14120.00;+0.00%;14.60%;Ні;*;недоступний у фіді
TRK208-10;8348.00;8348.00;+0.00%;9570.00;9570.00;+0.00%;14.60%;Ні;*;недоступний у фіді
TRMT005;1855.00;1855.00;+0.00%;2130.00;2130.00;+0.00%;14.69%;Ні;*;недоступний у фіді
TRN37-2;3556.00;3556.00;+0.00%;4090.00;4090.00;+0.00%;15.00%;Ні;*;недоступний у фіді
TRP2108;739.00;739.00;+0.00%;850.00;850.00;+0.00%;14.60%;Ні;*;недоступний у фіді
TRPL017;979.00;979.00;+0.00%;1130.00;1130.00;+0.00%;14.60%;Ні;*;недоступний у фіді
TSG5932;19218.00;19218.00;+0.00%;22110.00;22110.00;+0.00%;15.00%;Ні;*;недоступний у фіді
TTS-HV30-1.3;7055.00;7055.00;+0.00%;7990.00;7990.00;+0.00%;13.20%;Ні;*;недоступний у фіді
TTS-TE10-1.3LM;7267.00;7267.00;+0.00%;8230.00;8230.00;+0.00%;13.20%;Ні;*;недоступний у фіді
TW05001;5082.00;5082.00;+0.00%;5850.00;5850.00;+0.00%;15.00%;Ні;*;недоступний у фіді
TWSR4125;2640.00;2640.00;+0.00%;3040.00;3040.00;+0.00%;15.00%;Ні;*;недоступний у фіді
TY20003;20057.00;20057.00;+0.00%;23070.00;23070.00;+0.00%;15.00%;Ні;*;недоступний у фіді
TZ830026X;8311.00;8311.00;+0.00%;9540.00;9540.00;+0.00%;14.69%;Ні;*;недоступний у фіді
TZ830027H;13893.00;13893.00;+0.00%;15940.00;15940.00;+0.00%;14.69%;Ні;*;недоступний у фіді
UC5;1474.00;1474.00;+0.00%;1700.00;1700.00;+0.00%;15.00%;Ні;*;недоступний у фіді
UFT0202;1480.00;1480.00;+0.00%;1710.00;1710.00;+0.00%;15.00%;Ні;*;недоступний у фіді
UFT4748;909.00;909.00;+0.00%;1050.00;1050.00;+0.00%;15.00%;Ні;*;недоступний у фіді
UPDATE;13200.00;13200.00;+0.00%;15140.00;15140.00;+0.00%;14.66%;Ні;*;недоступний у фіді
VE-700;160600.00;160600.00;+0.00%;184690.00;184690.00;+0.00%;15.00%;Ні;*;недоступний у фіді
VE-800B;233200.00;233200.00;+0.00%;268180.00;268180.00;+0.00%;15.00%;Ні;*;недоступний у фіді
VGT0501;305.00;305.00;+0.00%;360.00;360.00;+0.00%;15.00%;Ні;*;недоступний у фіді
VGT0601;305.00;305.00;+0.00%;360.00;360.00;+0.00%;15.00%;Ні;*;недоступний у фіді
VGT0701;305.00;305.00;+0.00%;360.00;360.00;+0.00%;15.00%;Ні;*;недоступний у фіді
VGT0801;305.00;305.00;+0.00%;360.00;360.00;+0.00%;15.00%;Ні;*;недоступний у фіді
VGT0901;305.00;305.00;+0.00%;360.00;360.00;+0.00%;15.00%;Ні;*;недоступний у фіді
VSC0101;1723.00;1723.00;+0.00%;1980.00;1980.00;+0.00%;14.60%;Ні;*;недоступний у фіді
VSC2108;503.00;503.00;+0.00%;580.00;580.00;+0.00%;15.00%;Ні;*;недоступний у фіді
VSP-800;7260.00;7260.00;+0.00%;8210.00;8210.00;+0.00%;12.96%;Ні;*;недоступний у фіді
W40;1176.00;1176.00;+0.00%;1360.00;1360.00;+0.00%;14.97%;Ні;*;недоступний у фіді
WDF-100;4325.00;4325.00;+0.00%;4990.00;4990.00;+0.00%;15.34%;Ні;*;недоступний у фіді
WDF-20;4325.00;4325.00;+0.00%;4990.00;4990.00;+0.00%;15.34%;Ні;*;недоступний у фіді
WDF-200;4325.00;4325.00;+0.00%;4990.00;4990.00;+0.00%;15.34%;Ні;*;недоступний у фіді
WDF-30;4325.00;4325.00;+0.00%;4990.00;4990.00;+0.00%;15.34%;Ні;*;недоступний у фіді
WDF-300;4325.00;4325.00;+0.00%;4990.00;4990.00;+0.00%;15.34%;Ні;*;недоступний у фіді
WDF-50;4325.00;4325.00;+0.00%;4990.00;4990.00;+0.00%;15.34%;Ні;*;недоступний у фіді
WDF-500;4325.00;4325.00;+0.00%;4990.00;4990.00;+0.00%;15.34%;Ні;*;недоступний у фіді
WHS110MM;5737.00;5737.00;+0.00%;6610.00;6610.00;+0.00%;15.14%;Ні;*;недоступний у фіді
WLST-010;627.00;627.00;+0.00%;730.00;730.00;+0.00%;14.96%;Ні;*;недоступний у фіді
WMT-0525M;100.00;100.00;+0.00%;120.00;120.00;+0.00%;15.17%;Ні;*;недоступний у фіді
WSA0101;266.00;266.00;+0.00%;310.00;310.00;+0.00%;15.00%;Ні;*;недоступний у фіді
WSM0202;304.00;304.00;+0.00%;350.00;350.00;+0.00%;15.00%;Ні;*;недоступний у фіді
WT-400;414480.00;414480.00;+0.00%;476660.00;476660.00;+0.00%;15.00%;Ні;*;недоступний у фіді
WT200A;1058.00;1058.00;+0.00%;1210.00;1210.00;+0.00%;13.71%;Ні;*;недоступний у фіді
WT2100;6688.00;6688.00;+0.00%;7610.00;7610.00;+0.00%;13.71%;Ні;*;недоступний у фіді
WT323E;2326.00;2326.00;+0.00%;2670.00;2670.00;+0.00%;14.69%;Ні;*;недоступний у фіді
WT327D;1071.00;1071.00;+0.00%;1230.00;1230.00;+0.00%;14.69%;Ні;*;недоступний у фіді
WT55;1968.00;1968.00;+0.00%;2270.00;2270.00;+0.00%;15.00%;Ні;*;недоступний у фіді
WT64-10MW;885.00;885.00;+0.00%;1010.00;1010.00;+0.00%;13.81%;Ні;*;недоступний у фіді
WT6810;3872.00;3872.00;+0.00%;4380.00;4380.00;+0.00%;12.96%;Ні;*;недоступний у фіді
WT82;916.00;916.00;+0.00%;1020.00;1020.00;+0.00%;11.06%;Ні;*;недоступний у фіді
WT87C;1376.00;1376.00;+0.00%;1530.00;1530.00;+0.00%;11.06%;Ні;*;недоступний у фіді
WT8800;5562.00;5562.00;+0.00%;6380.00;6380.00;+0.00%;14.69%;Ні;*;недоступний у фіді
WT8802;5192.00;5192.00;+0.00%;5960.00;5960.00;+0.00%;14.69%;Ні;*;недоступний у фіді
WT8806;4910.00;4910.00;+0.00%;5640.00;5640.00;+0.00%;14.69%;Ні;*;недоступний у фіді
WT8821;4015.00;4015.00;+0.00%;4610.00;4610.00;+0.00%;14.69%;Ні;*;недоступний у фіді
WT8825;3428.00;3428.00;+0.00%;3940.00;3940.00;+0.00%;14.69%;Ні;*;недоступний у фіді
WT8827;1996.00;1996.00;+0.00%;2290.00;2290.00;+0.00%;14.69%;Ні;*;недоступний у фіді
WT900;1790.00;1790.00;+0.00%;2060.00;2060.00;+0.00%;14.69%;Ні;*;недоступний у фіді
WTB400;14982.00;14982.00;+0.00%;17080.00;17080.00;+0.00%;13.94%;Ні;*;недоступний у фіді
X-431 ADAS KIT;136400.00;136400.00;+0.00%;156860.00;156860.00;+0.00%;15.00%;Ні;*;недоступний у фіді
X-431 ADAS PRO;180400.00;180400.00;+0.00%;206850.00;206850.00;+0.00%;14.66%;Ні;*;недоступний у фіді
X-431 HDIII;48300.00;48300.00;+0.00%;55390.00;55390.00;+0.00%;14.66%;Ні;*;недоступний у фіді
X-431 IMMO PAD;158400.00;158400.00;+0.00%;181630.00;181630.00;+0.00%;14.66%;Ні;*;недоступний у фіді
X-431 IMMO PRO;63800.00;63800.00;+0.00%;73160.00;73160.00;+0.00%;14.66%;Ні;*;недоступний у фіді
X-431 PADV II;167200.00;167200.00;+0.00%;191720.00;191720.00;+0.00%;14.66%;Ні;*;недоступний у фіді
X-431 PRO;55000.00;55000.00;+0.00%;63070.00;63070.00;+0.00%;14.66%;Ні;*;недоступний у фіді
X-431 PRO3;63000.00;63000.00;+0.00%;72240.00;72240.00;+0.00%;14.66%;Ні;*;недоступний у фіді
X-431 PRO5 SMARTLINK;109200.00;109200.00;+0.00%;125210.00;125210.00;+0.00%;14.66%;Ні;*;недоступний у фіді
X-431 TSGUN;12100.00;12100.00;+0.00%;13920.00;13920.00;+0.00%;15.00%;Ні;*;недоступний у фіді
X-431 TSGUN PRO;13200.00;13200.00;+0.00%;15180.00;15180.00;+0.00%;15.00%;Ні;*;недоступний у фіді
X-PROG;16324.00;16324.00;+0.00%;18780.00;18780.00;+0.00%;15.00%;Ні;*;недоступний у фіді
Y30;1288.00;1288.00;+0.00%;1490.00;1490.00;+0.00%;14.97%;Ні;*;недоступний у фіді
ZD03;40040.00;40040.00;+0.00%;45950.00;45950.00;+0.00%;14.74%;Ні;*;недоступний у фіді
ZSQ-6;1562.00;1562.00;+0.00%;1810.00;1810.00;+0.00%;15.29%;Ні;*;недоступний у фіді
ISMARTLINK-D01;66000.00;66000.00;+0.00%;75680.00;75680.00;+0.00%;14.66%;Ні;*;недоступний у фіді
ISMARTTOOL-601MAX;30800.00;30800.00;+0.00%;35320.00;35320.00;+0.00%;14.66%;Ні;*;недоступний у фіді
АТЕСТР;782.00;782.00;+0.00%;910.00;910.00;+0.00%;15.51%;Ні;*;недоступний у фіді
БАЛ17Х;51.00;51.00;+0.00%;60.00;60.00;+0.00%;15.34%;Ні;*;недоступний у фіді
В12ГМС;100.00;100.00;+0.00%;120.00;120.00;+0.00%;14.92%;Ні;*;недоступний у фіді
В34МСГ;424.00;424.00;+0.00%;490.00;490.00;+0.00%;14.92%;Ні;*;недоступний у фіді
В34ХГ;225.00;225.00;+0.00%;260.00;260.00;+0.00%;14.92%;Ні;*;недоступний у фіді
В34ЧНГ;641.00;641.00;+0.00%;740.00;740.00;+0.00%;14.92%;Ні;*;недоступний у фіді
В38ЧНГБ;132.00;132.00;+0.00%;160.00;160.00;+0.00%;14.92%;Ні;*;недоступний у фіді
В38ЧНГМ;103.00;103.00;+0.00%;120.00;120.00;+0.00%;14.92%;Ні;*;недоступний у фіді
ВЛК-ПРФ;9130.00;9130.00;+0.00%;10480.00;10480.00;+0.00%;14.74%;Ні;*;недоступний у фіді
ВП1234ЧН;626.00;626.00;+0.00%;720.00;720.00;+0.00%;14.92%;Ні;*;недоступний у фіді
Г100ЛЧ6;1581.00;1581.00;+0.00%;1830.00;1830.00;+0.00%;15.14%;Ні;*;недоступний у фіді
Г100ЛЧ8;1900.00;1900.00;+0.00%;2190.00;2190.00;+0.00%;15.14%;Ні;*;недоступний у фіді
Г34В22;175.00;175.00;+0.00%;210.00;210.00;+0.00%;15.14%;Ні;*;недоступний у фіді
Г34В46;310.00;310.00;+0.00%;360.00;360.00;+0.00%;15.14%;Ні;*;недоступний у фіді
Г85ЛЧ6;1515.00;1515.00;+0.00%;1750.00;1750.00;+0.00%;15.14%;Ні;*;недоступний у фіді
Г85ЛЧ8;1535.00;1535.00;+0.00%;1770.00;1770.00;+0.00%;15.14%;Ні;*;недоступний у фіді
ИКС;1535.00;1535.00;+0.00%;1770.00;1770.00;+0.00%;15.00%;Ні;*;недоступний у фіді
КАРД08Х;78.00;78.00;+0.00%;90.00;90.00;+0.00%;15.14%;Ні;*;недоступний у фіді
КАРД10Х;78.00;78.00;+0.00%;90.00;90.00;+0.00%;15.14%;Ні;*;недоступний у фіді
КАРД12Х;78.00;78.00;+0.00%;90.00;90.00;+0.00%;15.14%;Ні;*;недоступний у фіді
КАРД13Х;78.00;78.00;+0.00%;90.00;90.00;+0.00%;15.14%;Ні;*;недоступний у фіді
КАРД14Х;78.00;78.00;+0.00%;90.00;90.00;+0.00%;15.14%;Ні;*;недоступний у фіді
КЕРН;11.00;11.00;+0.00%;40.00;40.00;+0.00%;15.34%;Ні;*;недоступний у фіді
КПРЕЙ08МС;176.00;176.00;+0.00%;210.00;210.00;+0.00%;15.00%;Ні;*;недоступний у фіді
КРУЧ08Х;83.00;83.00;+0.00%;100.00;100.00;+0.00%;15.00%;Ні;*;недоступний у фіді
КРФ28;392.00;392.00;+0.00%;450.00;450.00;+0.00%;14.60%;Ні;*;недоступний у фіді
КРФ30-6;392.00;392.00;+0.00%;450.00;450.00;+0.00%;14.60%;Ні;*;недоступний у фіді
КС43-Б;221.00;221.00;+0.00%;260.00;260.00;+0.00%;14.92%;Ні;*;недоступний у фіді
КС43-Ч;221.00;221.00;+0.00%;260.00;260.00;+0.00%;14.92%;Ні;*;недоступний у фіді
КС53-Б;307.00;307.00;+0.00%;360.00;360.00;+0.00%;14.92%;Ні;*;недоступний у фіді
КС53-Ч;307.00;307.00;+0.00%;360.00;360.00;+0.00%;14.92%;Ні;*;недоступний у фіді
КСТАРТ13Х;40.00;40.00;+0.00%;50.00;50.00;+0.00%;15.00%;Ні;*;недоступний у фіді
ЛОМХМ;166.00;166.00;+0.00%;200.00;200.00;+0.00%;15.14%;Ні;*;недоступний у фіді
МОЛ20Т;194.00;194.00;+0.00%;230.00;230.00;+0.00%;13.55%;Ні;*;недоступний у фіді
МОЛ40Т;298.00;298.00;+0.00%;340.00;340.00;+0.00%;13.55%;Ні;*;недоступний у фіді
МОЛ60Т;386.00;386.00;+0.00%;440.00;440.00;+0.00%;13.55%;Ні;*;недоступний у фіді
МОЛ80Т;485.00;485.00;+0.00%;560.00;560.00;+0.00%;13.55%;Ні;*;недоступний у фіді
МОЛН;5005.00;5005.00;+0.00%;5760.00;5760.00;+0.00%;15.00%;Ні;*;недоступний у фіді
МОЛН220К;5555.00;5555.00;+0.00%;6390.00;6390.00;+0.00%;15.00%;Ні;*;недоступний у фіді
МОЛН220ПЕР;1045.00;1045.00;+0.00%;1210.00;1210.00;+0.00%;15.00%;Ні;*;недоступний у фіді
НОЖШАР25;495.00;495.00;+0.00%;570.00;570.00;+0.00%;15.00%;Ні;*;недоступний у фіді
НОЖШАР32;594.00;594.00;+0.00%;690.00;690.00;+0.00%;15.00%;Ні;*;недоступний у фіді
НОЖШАР40;693.00;693.00;+0.00%;800.00;800.00;+0.00%;15.00%;Ні;*;недоступний у фіді
НСВ1306;187.00;187.00;+0.00%;220.00;220.00;+0.00%;15.00%;Ні;*;недоступний у фіді
НСВ1306Т;214.00;214.00;+0.00%;250.00;250.00;+0.00%;15.00%;Ні;*;недоступний у фіді
НСВ1308;230.00;230.00;+0.00%;270.00;270.00;+0.00%;15.00%;Ні;*;недоступний у фіді
НСВ1308Т;266.00;266.00;+0.00%;310.00;310.00;+0.00%;15.00%;Ні;*;недоступний у фіді
НСВ1910;412.00;412.00;+0.00%;480.00;480.00;+0.00%;15.00%;Ні;*;недоступний у фіді
НСВ1910Т;474.00;474.00;+0.00%;550.00;550.00;+0.00%;15.00%;Ні;*;недоступний у фіді
НСВ2513;818.00;818.00;+0.00%;950.00;950.00;+0.00%;15.00%;Ні;*;недоступний у фіді
НСВ2513Т;891.00;891.00;+0.00%;1030.00;1030.00;+0.00%;15.00%;Ні;*;недоступний у фіді
НСК10ХЦ;89.00;89.00;+0.00%;110.00;110.00;+0.00%;15.00%;Ні;*;недоступний у фіді
ПЕСК-Ф;2700.00;2700.00;+0.00%;2990.00;2990.00;+0.00%;10.63%;Ні;*;недоступний у фіді
ПЕСК-Ч;4400.00;4400.00;+0.00%;4870.00;4870.00;+0.00%;10.63%;Ні;*;недоступний у фіді
ПОДШ08Л;1394.00;1394.00;+0.00%;1600.00;1600.00;+0.00%;14.60%;Ні;*;недоступний у фіді
ПОДШ41КРЛ;1157.00;1157.00;+0.00%;1330.00;1330.00;+0.00%;14.60%;Ні;*;недоступний у фіді
ПР0709Х;32.00;32.00;+0.00%;40.00;40.00;+0.00%;15.14%;Ні;*;недоступний у фіді
ПР0711Х;32.00;32.00;+0.00%;40.00;40.00;+0.00%;15.14%;Ні;*;недоступний у фіді
ПР0810Х;32.00;32.00;+0.00%;40.00;40.00;+0.00%;15.14%;Ні;*;недоступний у фіді
ПР0911Х;32.00;32.00;+0.00%;40.00;40.00;+0.00%;15.14%;Ні;*;недоступний у фіді
ПР1012Х;32.00;32.00;+0.00%;40.00;40.00;+0.00%;15.00%;Ні;*;недоступний у фіді
ПР1013Х;34.00;34.00;+0.00%;40.00;40.00;+0.00%;15.14%;Ні;*;недоступний у фіді
ПРСВ220;5720.00;5720.00;+0.00%;6580.00;6580.00;+0.00%;15.00%;Ні;*;недоступний у фіді
РАЗВ1011В;310.00;310.00;+0.00%;360.00;360.00;+0.00%;15.00%;Ні;*;недоступний у фіді
РАЗВ1011Л;120.00;120.00;+0.00%;140.00;140.00;+0.00%;15.00%;Ні;*;недоступний у фіді
РАЗВ10Л;120.00;120.00;+0.00%;140.00;140.00;+0.00%;15.00%;Ні;*;недоступний у фіді
РАЗВ10Ш;410.00;410.00;+0.00%;480.00;480.00;+0.00%;15.00%;Ні;*;недоступний у фіді
РАЗВ1112В;318.00;318.00;+0.00%;370.00;370.00;+0.00%;15.00%;Ні;*;недоступний у фіді
РАЗВ1113Л;136.00;136.00;+0.00%;160.00;160.00;+0.00%;15.00%;Ні;*;недоступний у фіді
РАЗВ11Ш;455.00;455.00;+0.00%;530.00;530.00;+0.00%;15.00%;Ні;*;недоступний у фіді
РАЗВ1213В;358.00;358.00;+0.00%;420.00;420.00;+0.00%;15.00%;Ні;*;недоступний у фіді
РАЗВ1213Л;136.00;136.00;+0.00%;160.00;160.00;+0.00%;15.00%;Ні;*;недоступний у фіді
РАЗВ125Ш;455.00;455.00;+0.00%;530.00;530.00;+0.00%;15.00%;Ні;*;недоступний у фіді
РАЗВ12Ш;455.00;455.00;+0.00%;530.00;530.00;+0.00%;15.00%;Ні;*;недоступний у фіді
РАЗВ1315В;350.00;350.00;+0.00%;410.00;410.00;+0.00%;15.00%;Ні;*;недоступний у фіді
РАЗВ1315Л;144.00;144.00;+0.00%;170.00;170.00;+0.00%;15.00%;Ні;*;недоступний у фіді
РАЗВ14Ш;455.00;455.00;+0.00%;530.00;530.00;+0.00%;15.00%;Ні;*;недоступний у фіді
РАЗВ1517В;360.00;360.00;+0.00%;420.00;420.00;+0.00%;15.00%;Ні;*;недоступний у фіді
РАЗВ1921В;415.00;415.00;+0.00%;480.00;480.00;+0.00%;15.00%;Ні;*;недоступний у фіді
РАЗВ2123В;529.00;529.00;+0.00%;610.00;610.00;+0.00%;15.00%;Ні;*;недоступний у фіді
РАЗВ2326В;605.00;605.00;+0.00%;700.00;700.00;+0.00%;15.00%;Ні;*;недоступний у фіді
РАЗВ25ЛРЕГ;1010.00;1010.00;+0.00%;1170.00;1170.00;+0.00%;15.00%;Ні;*;недоступний у фіді
РАЗВ25ЦЕЛ-L350;1150.00;1150.00;+0.00%;1330.00;1330.00;+0.00%;15.00%;Ні;*;недоступний у фіді
РАЗВ2629В;785.00;785.00;+0.00%;910.00;910.00;+0.00%;15.00%;Ні;*;недоступний у фіді
РАЗВ2933В;1075.00;1075.00;+0.00%;1240.00;1240.00;+0.00%;15.00%;Ні;*;недоступний у фіді
РАЗВ30Л;1070.00;1070.00;+0.00%;1240.00;1240.00;+0.00%;15.00%;Ні;*;недоступний у фіді
РАЗВ30ЦЕЛ;1220.00;1220.00;+0.00%;1410.00;1410.00;+0.00%;15.00%;Ні;*;недоступний у фіді
РАЗВ32ЦЕЛ-L350;1215.00;1215.00;+0.00%;1400.00;1400.00;+0.00%;15.00%;Ні;*;недоступний у фіді
РАЗВ3338В;1480.00;1480.00;+0.00%;1710.00;1710.00;+0.00%;15.00%;Ні;*;недоступний у фіді
РАЗВ3540В;1499.00;1499.00;+0.00%;1730.00;1730.00;+0.00%;15.00%;Ні;*;недоступний у фіді
РАЗВ35В-2;1400.00;1400.00;+0.00%;1610.00;1610.00;+0.00%;15.00%;Ні;*;недоступний у фіді
РАЗВ35Л;1165.00;1165.00;+0.00%;1340.00;1340.00;+0.00%;15.00%;Ні;*;недоступний у фіді
РАЗВ35РЛ;316.00;316.00;+0.00%;370.00;370.00;+0.00%;15.00%;Ні;*;недоступний у фіді
РАЗВ38Л;1400.00;1400.00;+0.00%;1610.00;1610.00;+0.00%;15.00%;Ні;*;недоступний у фіді
РАЗВ38ЦЕЛ;1465.00;1465.00;+0.00%;1690.00;1690.00;+0.00%;15.00%;Ні;*;недоступний у фіді
РАЗВ4043В;1925.00;1925.00;+0.00%;2220.00;2220.00;+0.00%;15.00%;Ні;*;недоступний у фіді
РАЗВ4345В;2300.00;2300.00;+0.00%;2650.00;2650.00;+0.00%;15.00%;Ні;*;недоступний у фіді
РАЗВ4547В;2320.00;2320.00;+0.00%;2670.00;2670.00;+0.00%;15.00%;Ні;*;недоступний у фіді
РАЗВ45Л;2780.00;2780.00;+0.00%;3200.00;3200.00;+0.00%;15.00%;Ні;*;недоступний у фіді
РАЗВ45ЦЕЛ;3080.00;3080.00;+0.00%;3550.00;3550.00;+0.00%;15.00%;Ні;*;недоступний у фіді
РАЗВ4750В;2840.00;2840.00;+0.00%;3270.00;3270.00;+0.00%;15.00%;Ні;*;недоступний у фіді
РАЗВ5.99;118.00;118.00;+0.00%;140.00;140.00;+0.00%;15.00%;Ні;*;недоступний у фіді
РАЗВ50Л;3245.00;3245.00;+0.00%;3740.00;3740.00;+0.00%;15.00%;Ні;*;недоступний у фіді
РАЗВ50ЦЕЛ;3390.00;3390.00;+0.00%;3900.00;3900.00;+0.00%;15.00%;Ні;*;недоступний у фіді
РАЗВ6.00;118.00;118.00;+0.00%;140.00;140.00;+0.00%;15.00%;Ні;*;недоступний у фіді
РАЗВ6.01;118.00;118.00;+0.00%;140.00;140.00;+0.00%;15.00%;Ні;*;недоступний у фіді
РАЗВ6.02;118.00;118.00;+0.00%;140.00;140.00;+0.00%;15.00%;Ні;*;недоступний у фіді
РАЗВ6.99;139.00;139.00;+0.00%;160.00;160.00;+0.00%;15.00%;Ні;*;недоступний у фіді
РАЗВ6Ш;378.00;378.00;+0.00%;440.00;440.00;+0.00%;15.00%;Ні;*;недоступний у фіді
РАЗВ7.00;139.00;139.00;+0.00%;160.00;160.00;+0.00%;15.00%;Ні;*;недоступний у фіді
РАЗВ7.01;139.00;139.00;+0.00%;160.00;160.00;+0.00%;15.00%;Ні;*;недоступний у фіді
РАЗВ7.02;139.00;139.00;+0.00%;160.00;160.00;+0.00%;15.00%;Ні;*;недоступний у фіді
РАЗВ7.98;157.00;157.00;+0.00%;190.00;190.00;+0.00%;15.00%;Ні;*;недоступний у фіді
РАЗВ7.99;157.00;157.00;+0.00%;190.00;190.00;+0.00%;15.00%;Ні;*;недоступний у фіді
РАЗВ7Л;120.00;120.00;+0.00%;140.00;140.00;+0.00%;15.00%;Ні;*;недоступний у фіді
РАЗВ7Ш;378.00;378.00;+0.00%;440.00;440.00;+0.00%;15.00%;Ні;*;недоступний у фіді
РАЗВ8.00;157.00;157.00;+0.00%;190.00;190.00;+0.00%;15.00%;Ні;*;недоступний у фіді
РАЗВ8.01;157.00;157.00;+0.00%;190.00;190.00;+0.00%;15.00%;Ні;*;недоступний у фіді
РАЗВ8.02;157.00;157.00;+0.00%;190.00;190.00;+0.00%;15.00%;Ні;*;недоступний у фіді
РАЗВ8.03;157.00;157.00;+0.00%;190.00;190.00;+0.00%;15.00%;Ні;*;недоступний у фіді
РАЗВ8.99;188.00;188.00;+0.00%;220.00;220.00;+0.00%;15.00%;Ні;*;недоступний у фіді
РАЗВ8Л;120.00;120.00;+0.00%;140.00;140.00;+0.00%;15.00%;Ні;*;недоступний у фіді
РАЗВ8Ш;378.00;378.00;+0.00%;440.00;440.00;+0.00%;15.00%;Ні;*;недоступний у фіді
РАЗВ9.00;188.00;188.00;+0.00%;220.00;220.00;+0.00%;15.00%;Ні;*;недоступний у фіді
РАЗВ9.01;188.00;188.00;+0.00%;220.00;220.00;+0.00%;15.00%;Ні;*;недоступний у фіді
РАЗВ9.02;188.00;188.00;+0.00%;220.00;220.00;+0.00%;15.00%;Ні;*;недоступний у фіді
РАЗВ9Л;120.00;120.00;+0.00%;140.00;140.00;+0.00%;15.00%;Ні;*;недоступний у фіді
РАЗВ9Ш;378.00;378.00;+0.00%;440.00;440.00;+0.00%;15.00%;Ні;*;недоступний у фіді
РАЗВПРВ-Г;1390.00;1390.00;+0.00%;1600.00;1600.00;+0.00%;15.00%;Ні;*;недоступний у фіді
РАС-ВРХ;503.00;503.00;+0.00%;580.00;580.00;+0.00%;15.00%;Ні;*;недоступний у фіді
РАС-УН3НАС;450.00;450.00;+0.00%;520.00;520.00;+0.00%;15.00%;Ні;*;недоступний у фіді
РАС-УР;803.00;803.00;+0.00%;930.00;930.00;+0.00%;15.00%;Ні;*;недоступний у фіді
РЕГ08Х;149.00;149.00;+0.00%;180.00;180.00;+0.00%;15.00%;Ні;*;недоступний у фіді
РЕГГАЗ;1178.00;1178.00;+0.00%;1350.00;1350.00;+0.00%;14.60%;Ні;*;недоступний у фіді
РОЛ08Х;190.00;190.00;+0.00%;220.00;220.00;+0.00%;15.00%;Ні;*;недоступний у фіді
СВ1617Х;12.00;12.00;+0.00%;40.00;40.00;+0.00%;15.14%;Ні;*;недоступний у фіді
СВ16КАРДХ;95.00;95.00;+0.00%;110.00;110.00;+0.00%;15.14%;Ні;*;недоступний у фіді
СВ2122Х;15.00;15.00;+0.00%;40.00;40.00;+0.00%;15.14%;Ні;*;недоступний у фіді
СВ21КАРДХ;95.00;95.00;+0.00%;110.00;110.00;+0.00%;15.14%;Ні;*;недоступний у фіді
СЕРПМФ;98.00;98.00;+0.00%;120.00;120.00;+0.00%;14.60%;Ні;*;недоступний у фіді
СК2ЛБКОВ;569.00;569.00;+0.00%;660.00;660.00;+0.00%;14.60%;Ні;*;недоступний у фіді
СК2ЛРБ;338.00;338.00;+0.00%;390.00;390.00;+0.00%;14.60%;Ні;*;недоступний у фіді
СК2ЛРМ;298.00;298.00;+0.00%;350.00;350.00;+0.00%;14.60%;Ні;*;недоступний у фіді
СК2ЛРСР;318.00;318.00;+0.00%;370.00;370.00;+0.00%;14.60%;Ні;*;недоступний у фіді
СК2ЛСРКОВ;402.00;402.00;+0.00%;470.00;470.00;+0.00%;14.60%;Ні;*;недоступний у фіді
СК2ЛЦ;508.00;508.00;+0.00%;590.00;590.00;+0.00%;14.60%;Ні;*;недоступний у фіді
СК3ЛКОВБ;1236.00;1236.00;+0.00%;1420.00;1420.00;+0.00%;14.60%;Ні;*;недоступний у фіді
СК3ЛКОВМ;367.00;367.00;+0.00%;430.00;430.00;+0.00%;14.60%;Ні;*;недоступний у фіді
СК3ЛКОВСР;716.00;716.00;+0.00%;830.00;830.00;+0.00%;14.60%;Ні;*;недоступний у фіді
СК4ЛКОВБ;1008.00;1008.00;+0.00%;1160.00;1160.00;+0.00%;14.60%;Ні;*;недоступний у фіді
СК4ЛКОВМ;396.00;396.00;+0.00%;460.00;460.00;+0.00%;14.60%;Ні;*;недоступний у фіді
СК4ЛКОВСР;571.00;571.00;+0.00%;660.00;660.00;+0.00%;14.60%;Ні;*;недоступний у фіді
СОСОК;605.00;605.00;+0.00%;700.00;700.00;+0.00%;14.74%;Ні;*;недоступний у фіді
СПОЛ;1451.00;1451.00;+0.00%;1670.00;1670.00;+0.00%;14.60%;Ні;*;недоступний у фіді
ССБЖКРЛ;1074.00;1074.00;+0.00%;1240.00;1240.00;+0.00%;14.60%;Ні;*;недоступний у фіді
ССБНИВА;1074.00;1074.00;+0.00%;1240.00;1240.00;+0.00%;14.60%;Ні;*;недоступний у фіді
СТРОБКВ;782.00;782.00;+0.00%;910.00;910.00;+0.00%;15.17%;Ні;*;недоступний у фіді
СТТАВР;67.00;67.00;+0.00%;80.00;80.00;+0.00%;14.60%;Ні;*;недоступний у фіді
СШОРУЧКРЛ;810.00;810.00;+0.00%;930.00;930.00;+0.00%;14.60%;Ні;*;недоступний у фіді
ТР0506ТОЧ;29.00;29.00;+0.00%;40.00;40.00;+0.00%;15.14%;Ні;*;недоступний у фіді
ТР0507ТОЧ;36.00;36.00;+0.00%;50.00;50.00;+0.00%;15.14%;Ні;*;недоступний у фіді
ТР0607ТОНК;9.00;9.00;+0.00%;40.00;40.00;+0.00%;15.14%;Ні;*;недоступний у фіді
ТР0708ТОНК;9.00;9.00;+0.00%;40.00;40.00;+0.00%;15.14%;Ні;*;недоступний у фіді
ТР0810ТОЧ;44.00;44.00;+0.00%;60.00;60.00;+0.00%;15.14%;Ні;*;недоступний у фіді
ТР0911ТОЧ;47.00;47.00;+0.00%;60.00;60.00;+0.00%;15.14%;Ні;*;недоступний у фіді
ТР1012ТОНК;11.00;11.00;+0.00%;40.00;40.00;+0.00%;15.14%;Ні;*;недоступний у фіді
ТР1012ТОЧ;47.00;47.00;+0.00%;60.00;60.00;+0.00%;15.14%;Ні;*;недоступний у фіді
ТР1013ТОНК;11.00;11.00;+0.00%;40.00;40.00;+0.00%;15.14%;Ні;*;недоступний у фіді
ТР1013ТОЧ;54.00;54.00;+0.00%;70.00;70.00;+0.00%;15.14%;Ні;*;недоступний у фіді
ТР1113ТОНК;11.00;11.00;+0.00%;40.00;40.00;+0.00%;15.14%;Ні;*;недоступний у фіді
ТР1213ТОНК;11.00;11.00;+0.00%;40.00;40.00;+0.00%;15.14%;Ні;*;недоступний у фіді
ТР1213ТОЧ;54.00;54.00;+0.00%;70.00;70.00;+0.00%;15.14%;Ні;*;недоступний у фіді
ТР1214ТОНК;11.00;11.00;+0.00%;40.00;40.00;+0.00%;15.14%;Ні;*;недоступний у фіді
ТР1214ТОЧ;61.00;61.00;+0.00%;80.00;80.00;+0.00%;15.14%;Ні;*;недоступний у фіді
ТР1314ТОЧ;61.00;61.00;+0.00%;80.00;80.00;+0.00%;15.14%;Ні;*;недоступний у фіді
ТР1315ТОЧ;61.00;61.00;+0.00%;80.00;80.00;+0.00%;15.14%;Ні;*;недоступний у фіді
ТР1317ТОЧ;73.00;73.00;+0.00%;90.00;90.00;+0.00%;15.14%;Ні;*;недоступний у фіді
ТР1415ТОНК;11.00;11.00;+0.00%;40.00;40.00;+0.00%;15.14%;Ні;*;недоступний у фіді
ТР1415ТОЧ;73.00;73.00;+0.00%;90.00;90.00;+0.00%;15.14%;Ні;*;недоступний у фіді
ТР1417ТОЧ;73.00;73.00;+0.00%;90.00;90.00;+0.00%;15.14%;Ні;*;недоступний у фіді
ТР1719ТОНК;14.00;14.00;+0.00%;40.00;40.00;+0.00%;15.14%;Ні;*;недоступний у фіді
УГОЛХ;627.00;627.00;+0.00%;720.00;720.00;+0.00%;14.60%;Ні;*;недоступний у фіді
ЧН14;507.00;507.00;+0.00%;590.00;590.00;+0.00%;14.88%;Ні;*;недоступний у фіді
ЧН16;1062.00;1062.00;+0.00%;1230.00;1230.00;+0.00%;15.14%;Ні;*;недоступний у фіді
ЧН24;942.00;942.00;+0.00%;1090.00;1090.00;+0.00%;15.14%;Ні;*;недоступний у фіді
ЧН47;879.00;879.00;+0.00%;1020.00;1020.00;+0.00%;15.14%;Ні;*;недоступний у фіді
ЧН5;826.00;826.00;+0.00%;950.00;950.00;+0.00%;14.88%;Ні;*;недоступний у фіді
ЧН7;1106.00;1106.00;+0.00%;1280.00;1280.00;+0.00%;14.88%;Ні;*;недоступний у фіді
ШАР2543;5558.00;5558.00;+0.00%;6400.00;6400.00;+0.00%;15.00%;Ні;*;недоступний у фіді
ШАР3243;5558.00;5558.00;+0.00%;6400.00;6400.00;+0.00%;15.00%;Ні;*;недоступний у фіді
ШАР403;6105.00;6105.00;+0.00%;7030.00;7030.00;+0.00%;15.00%;Ні;*;недоступний у фіді
ШАР503;10553.00;10553.00;+0.00%;12140.00;12140.00;+0.00%;15.00%;Ні;*;недоступний у фіді
ШАРС14ВК8;1859.00;1859.00;+0.00%;2140.00;2140.00;+0.00%;15.00%;Ні;*;недоступний у фіді
ШАРС60ВК8;1940.00;1940.00;+0.00%;2240.00;2240.00;+0.00%;15.00%;Ні;*;недоступний у фіді
ШГР12ХРВ;62.00;62.00;+0.00%;80.00;80.00;+0.00%;15.27%;Ні;*;недоступний у фіді
ШГР17Х;242.00;242.00;+0.00%;280.00;280.00;+0.00%;15.27%;Ні;*;недоступний у фіді
ШГР19Х;304.00;304.00;+0.00%;360.00;360.00;+0.00%;15.27%;Ні;*;недоступний у фіді
ШПХ-Ц;124.00;124.00;+0.00%;150.00;150.00;+0.00%;15.14%;Ні;*;недоступний у фіді
ШПЧН;447.00;447.00;+0.00%;520.00;520.00;+0.00%;15.14%;Ні;*;недоступний у фіді
ЭКСТРХ;67.00;67.00;+0.00%;80.00;80.00;+0.00%;15.00%;Ні;*;недоступний у фіді
