supplier_cat_id	supplier_cat	offers	rz_id	rz_name	tier	competitor_top	note
95118334	LVT плитка для підлоги	21	4641184	ПВХ покриття	manual	ПВХ покриття 59/107	55%; LVT для підлоги — підлогове ПВХ покриття
95118342	PET плитка 600*300	73	4629548	Декоративні панелі	manual	Декоративні панелі 118/201	59%; стінова PET плитка — панель для стін, ПВХ покриття — підлога
110	PET плитка 900*400	2	4629548	Декоративні панелі	manual	Декоративні панелі 56/104	54%; як сусідня PET 600*300
95118343	PET плитка в рулоні 600*3000	35	4648788	Самоклейні плівки	confirmed	Самоклейні плівки 116/182	
123	PЕT плитка 1200*3000	8	4648788	Самоклейні плівки	manual	Самоклейні плівки 46/103	45% проти 31% панелей; як сусідня PET у рулоні 600*3000 (64%)
193	Інтер’єрні самоклеючі панелі під шкіру	8	4629548	Декоративні панелі	confirmed	Декоративні панелі 51/54	
95118323	Алюмінієва плитка	21	4629548	Декоративні панелі	confirmed	Декоративні панелі 133/181	
95118327	Вологопоглинаючий килимок	29	142254	Килими	confirmed	Килими 160/162	
191	Вінілова плитка 400*400	2	4629548	Декоративні панелі	confirmed	Декоративні панелі 64/90	
95118345	Вінілова плитка 600*300	20	4629548	Декоративні панелі	confirmed	Декоративні панелі 143/213	
95118318	Вінілова плитка в рулоні	34	4648788	Самоклейні плівки	confirmed	Самоклейні плівки 111/168	
125	Вінілова плитка ковролін 300*300мм	9	4625988	Ковролін	manual	Ковролін 93/166	56%; сусідні ковролінові 66–71%
128	Вінілова плитка ковролін 500*500мм	6	4625988	Ковролін	confirmed	Ковролін 87/124	
126	Вінілова плитка ковролін 600*600мм	9	4625988	Ковролін	confirmed	Ковролін 129/194	
127	Вінілова плитка ковролін у рулоні 600*3000мм	6	4625988	Ковролін	confirmed	Ковролін 110/156	
95118347	Вінілова плитка під ламінат	14	4641184	ПВХ покриття	manual	ПВХ покриття 92/189	49% проти 40% панелей; «під ламінат» 152×914 — підлогові планки
95118348	Вініловий молдинг	6	4648788	Самоклейні плівки	owner	Самоклейні плівки 81/144	молдинг 5000×100: плівки 56% / плінтуси 30% — за змістом ні те, ні те → рішення власника 11.09: рекомендований варіант
95118319	Вінілові картини на стіну	6	4629548	Декоративні панелі	confirmed	Декоративні панелі 100/157	
120	Декоративні дзеркальні наклейки	14	4630668	Дзеркала	confirmed	Дзеркала 135/175	
95118338	Екошкіра самоклеюча у рулоні	20	4648788	Самоклейні плівки	owner	Спеціальні тканини 5/10	екошкіра: у пошуку лише 10 товарів, «Спеціальні тканини» 5 — доказів замало → рішення власника 11.09: рекомендований варіант
118	Етажерки мобільні	3	4652744	Етажерки	confirmed	Етажерки 144/158	
131	Звукоізоляційні панелі	9	4629548	Декоративні панелі	confirmed	Декоративні панелі 89/95	конкуренти 94% у панелях, не у «Звукоізоляції»
88277606	Коврик складний	16	4674142	Ігрові килимки	confirmed	Ігрові килимки 108/113	
95118312	Кольорові 3мм	26	4629548	Декоративні панелі	confirmed	Декоративні панелі 148/149	
95118339	Композитна плитка	14	4659010	Плитка для вулиці	owner	ПВХ покриття 54/118	ДПК 300×300×23 — терасна плитка; ПВХ покриття 46% за змістом хибне (не ПВХ) → рішення власника 11.09: рекомендований варіант
117	Контейнери для зберігання	2	4652702	Контейнери та коробки для зберігання	confirmed	Контейнери та коробки для зберігання 53/82	
194	Мʼякі велюрові панелі	8	4629548	Декоративні панелі	confirmed	Декоративні панелі 72/75	
114	Мозаїка з декоративного скла	12	4660237	Плитка мозаїка	confirmed	Плитка мозаїка 120/169	
124	Молдинг	19	4640984	Комплектуючі для оздоблення	owner	Аксесуари для меблевої фурнітури 37/101	молдинг: меблева фурнітура 37 / плівки 32 / стельові плінтуси 17 → рішення власника 11.09: рекомендований варіант
113	Надувні меблі	8	83646	Надувні меблі й аксесуари	confirmed	Надувні меблі й аксесуари 102/105	
95118295	ПВХ панелі 960*480мм	38	4629548	Декоративні панелі	confirmed	Декоративні панелі 132/211	
95118310	ПВХ панелі на самоклейці	12	4629548	Декоративні панелі	confirmed	Декоративні панелі 137/195	
95118367	Панелі 2мм	11	4629548	Декоративні панелі	confirmed	Декоративні панелі 160/161	
89190870	Панелі бамбук	13	4629548	Декоративні панелі	confirmed	Декоративні панелі 116/118	
95118311	Панелі в рулоні	43	4629548	Декоративні панелі	confirmed	Декоративні панелі 178/178	
92050378	Панелі декор	43	4629548	Декоративні панелі	confirmed	Декоративні панелі 191/192	
89190871	Панелі дерево	15	4629548	Декоративні панелі	confirmed	Декоративні панелі 185/185	
91008800	Панелі дитячі	3	4629548	Декоративні панелі	confirmed	Декоративні панелі 165/169	
95118314	Панелі камінь	8	4629548	Декоративні панелі	confirmed	Декоративні панелі 206/206	
95118316	Панелі катеринославська цегла	18	4629548	Декоративні панелі	confirmed	Декоративні панелі 168/169	
95118313	Панелі кладка	6	4629548	Декоративні панелі	confirmed	Декоративні панелі 195/197	
89190869	Панелі мармур	12	4629548	Декоративні панелі	confirmed	Декоративні панелі 208/210	
95118364	Панелі цегла з декором	22	4629548	Декоративні панелі	confirmed	Декоративні панелі 166/166	
105	Панелі-рейки	18	4629548	Декоративні панелі	confirmed	Декоративні панелі 139/143	
95118349	Плита 1220*2440	19	4629548	Декоративні панелі	confirmed	Декоративні панелі 88/146	
95118350	Плита 600*600	16	4629548	Декоративні панелі	manual	Декоративні панелі 91/169	54% проти 41% ПВХ покриття; настінна плита
130	Плівка віконна 600*10000мм	16	4647678	Плівки на вікна	confirmed	Плівки на вікна 120/148	
129	Плівка віконна 600*3000мм	15	4647678	Плівки на вікна	confirmed	Плівки на вікна 113/138	
95118362	Плівка на самоклейці 45см*10м	60	4648788	Самоклейні плівки	confirmed	Самоклейні плівки 188/191	
116	Плівка на самоклейці 60см*10м	15	4648788	Самоклейні плівки	confirmed	Самоклейні плівки 134/137	
115	Плівка на самоклейці 60см*3м	15	4648788	Самоклейні плівки	confirmed	Самоклейні плівки 140/142	
95118360	Плівка на самоклейці 67см*10м	4	4648788	Самоклейні плівки	confirmed	Самоклейні плівки 174/177	
95118361	Плівка на самоклейці 90см*10м	1	4648788	Самоклейні плівки	confirmed	Самоклейні плівки 56/57	
95118290	Плінтуси	14	4640952	Плінтуси	confirmed	Плінтуси 167/175	
137	Покриття вінілове в рулоні самоклеюче 3D рейки 600*3000мм	11	4629548	Декоративні панелі	manual	Декоративні панелі 43/80	54%; як сусідні 3D рейки 600×600 (80%)
121	Покриття вінілове самоклеюче 3D рейки 600*600мм	23	4629548	Декоративні панелі	confirmed	Декоративні панелі 101/127	
95118321	Поліуретанова плитка	8	4629548	Декоративні панелі	confirmed	Декоративні панелі 131/174	
95118356	Підлоговий вінил у рулонах	17	4641184	ПВХ покриття	confirmed	ПВХ покриття 97/141	
95118329	Підлогові покриття пазли	22	4646656	Гумові покриття	owner	Гумові покриття 95/194	пазли: гумові покриття 49 / ігрові килимки 34 — різні покупці → рішення власника 11.09: рекомендований варіант
190	Рейки 110х10х2900мм	2	4629548	Декоративні панелі	confirmed	Декоративні панелі 72/72	
95118352	Рейки 150*9*3000мм	7	4629548	Декоративні панелі	confirmed	Декоративні панелі 145/149	
95118353	Рейки 165*23*3000мм	19	4629548	Декоративні панелі	confirmed	Декоративні панелі 233/236	
187	Рейки 200х11х2900мм	6	4629548	Декоративні панелі	confirmed	Декоративні панелі 102/102	
186	Рейки 200х27х2900мм	5	4629548	Декоративні панелі	confirmed	Декоративні панелі 108/108	
189	Рейки 205х14х2900мм	6	4629548	Декоративні панелі	confirmed	Декоративні панелі 101/101	
95118351	Рейки PS 2900*120мм	32	4629548	Декоративні панелі	confirmed	Декоративні панелі 206/210	
107	Рейки нестандартні	7	4629548	Декоративні панелі	confirmed	Декоративні панелі 169/171	
95118333	Садові меблі	7	3130405	Садові меблі	manual	Садові меблі 36/63	57%, решта «Складані меблі»; постачальник теж називає садовими
185	Самоклеюча гнучка штукатурка 600*600*2,5мм	8	4629548	Декоративні панелі	confirmed	Декоративні панелі 75/117	
184	Самоклеюча гнучка штукатурка в рулоні 600*3000*2,5мм	10	4629548	Декоративні панелі	manual	Декоративні панелі 45/106	42/42 з плівками; як сусідня штукатурка 600×600 (64%)
138	Сатин самоклеючий в рулоні	8	4648788	Самоклейні плівки	confirmed	Самоклейні плівки 57/68	
106	Стелажі	7	4629178	Стелажі та консолі	confirmed	Стелажі та консолі 92/136	
195	Столики	9	2798167	Журнальні столи	confirmed	Журнальні столи 14/17	
119	Фігурні дзеркальні наклейки	32	4640928	Наклейки на стіну	confirmed	Наклейки на стіну 97/139	
95118370	Цегла 3-4 мм	12	4629548	Декоративні панелі	confirmed	Декоративні панелі 230/236	
95118365	Цегла 5-6 мм	18	4629548	Декоративні панелі	confirmed	Декоративні панелі 211/211	
95118366	Цегла 7 мм	6	4629548	Декоративні панелі	confirmed	Декоративні панелі 207/207	
95118294	Шпалери на самоклейці	26	4657848	Вінілові шпалери	confirmed	Вінілові шпалери 110/174	
95118359	Шпалери на самоклейці Розпродаж	1			review	Натуральні шпалери 1/2	розпродаж/уцінка — розділ «Знижені в ціні», не звичайна категорія
95118292	дитячі манікюрні набори	1	267137	Речі для догляду	confirmed	Речі для догляду 30/39	
