article	reason	name_ua
SW-00000563	без бренду	3D панель самоклеюча кладка 700х770х7мм Жовто-біла (039) SW-00000563
SW-00002594	без бренду	Декоративна ПВХ плита 1,22м х 2,44м х 3мм SW-00002594
SW-00002595	без бренду	Декоративна ПВХ плита 1,22м х 2,44м х 3мм SW-00002595
SW-00002596	без бренду	Декоративна ПВХ плита 1,22м х 2,44м х 3мм SW-00002596
SW-00002597	без бренду	Декоративна ПВХ плита 1,22м х 2,44м х 3мм SW-00002597
SW-00002598	без бренду	Плівка віконна 600*3000мм SW-00002598
SW-00002599	без бренду	Плівка віконна 600*3000мм SW-00002599
SW-00002600	без бренду	Плівка віконна 600*3000мм SW-00002600
SW-00002601	без бренду	Плівка віконна 600*3000мм SW-00002601
SW-00002606	без бренду	Плівка віконна 600*10000мм SW-00002606
SW-00002607	без бренду	Плівка віконна 600*10000мм SW-00002607
SW-00002608	без бренду	Плівка віконна 600*10000мм SW-00002608
SW-00002609	без бренду	Плівка віконна 600*10000мм SW-00002609
SW-00002613	без бренду	Плівка віконна 600*10000мм SW-00002613
SW-00002614	без бренду	Плівка віконна 600*10000мм SW-00002614
SW-00002615	без бренду	Плівка віконна 600*3000мм SW-00002615
SW-00002616	без бренду	Плівка на самоклейці 60см х 10м SW-00002616
SW-00002617	без бренду	Плівка на самоклейці 60см х 10м SW-00002617
SW-00002618	без бренду	Плівка на самоклейці 60см х 10м SW-00002618
SW-00002619	без бренду	Плівка на самоклейці 60см х 10м SW-00002619
SW-00002621	без бренду	Плівка на самоклейці 60см х 10м SW-00002621
SW-00002624	без бренду	Плівка на самоклейці 60см х 10м SW-00002624
SW-00002625	без бренду	Плівка на самоклейці 60см х 3м SW-00002625
SW-00002626	без бренду	Плівка на самоклейці 60см х 3м SW-00002626
SW-00002627	без бренду	Плівка на самоклейці 60см х 3м SW-00002627
SW-00002628	без бренду	Плівка на самоклейці 60см х 3м SW-00002628
SW-00002633	без бренду	Плівка на самоклейці 60см х 3м SW-00002633
SW-00002634	без бренду	Самоклеюча стінова PET плитка у рулоні 600х3000х2мм SW-00002634
SW-00002635	без бренду	Самоклеюча стінова PET плитка у рулоні 600х3000х2мм SW-00002635
SW-00002636	без бренду	Самоклеюча стінова PET плитка у рулоні 600х3000х2мм SW-00002636
SW-00002637	без бренду	Самоклеюча стінова PET плитка у рулоні 600х3000х2мм SW-00002637
SW-00002638	без бренду	Самоклеюча стінова PET плитка 600х300х2мм SW-00002638
SW-00002640	без бренду	Самоклеюча стінова PET плитка 600х300х2мм SW-00002640
SW-00002641	без бренду	Самоклеюча стінова PET плитка 600х300х2мм SW-00002641
SW-00002642	без бренду	Самоклеюча стінова PET плитка 600х300х2мм SW-00002642
SW-00002643	без бренду	Самоклеюча стінова PET плитка 600х300х2мм SW-00002643
SW-00002645	без бренду	Самоклеюча стінова PET плитка 600х300х2мм SW-00002645
SW-00002646	без бренду	Самоклеюча стінова PET плитка 600х300х2мм SW-00002646
SW-00002647	без бренду	Самоклеюча стінова PET плитка 600х300х2мм SW-00002647
SW-00002648	без бренду	Самоклеюча стінова PET плитка 600х300х2мм SW-00002648
SW-00002651	без бренду	Плівка віконна хвиля 600*3000мм SW-00002651
SW-00002664	без бренду	Самоклеюча стінова PET плитка в рулоні 1200х3000х2мм SW-00002664
SW-00002665	без бренду	Самоклеюча стінова PET плитка в рулоні 1200х3000х2мм SW-00002665
SW-00002666	без бренду	Самоклеюча стінова PET плитка в рулоні 1200х3000х2мм SW-00002666
SW-00002667	без бренду	Самоклеюча стінова PET плитка в рулоні 1200х3000х2мм SW-00002667
SW-00002668	без бренду	Самоклеюча стінова PET плитка в рулоні 1200х3000х2мм SW-00002668
SW-00002669	без бренду	Самоклеюча стінова PET плитка в рулоні 1200х3000х2мм SW-00002669
SW-00002670	без бренду	Самоклеюча стінова PET плитка в рулоні 1200х3000х2мм SW-00002670
SW-00002671	без бренду	Самоклеюча стінова PET плитка в рулоні 1200х3000х2мм SW-00002671
SW-00002724	без бренду	Дзеркальна сонцезахисна плівка для вікон Срібло 600х3000х0,08 мм SW-00002724
SW-00002838	без бренду	Декоративна ПВХ плита 600х600х3мм (S) SW-00002838
SW-00002839	без бренду	Декоративна ПВХ плита 600х600х3мм (S) SW-00002839
SW-00002875	без бренду	Самоклеюча стінова PET плитка 600х300х2мм SW-00002875
SW-00002890	без бренду	Самоклеюча стінова PET плитка у рулоні 600х3000х2мм SW-00002890
SW-00002968	без бренду	Самоклеюча вінілова плитка 152.4х914.4х1.5мм Мат (D) SW-00002968
SW-00002972	без бренду	Шпалери самоклеючі 2800х500х1,5мм Перлинний сірий (D) SW-00002972
SW-00002977	без бренду	Самоклеюча вініловая плитка в рулоні 600х3000х2мм Глянсова SW-00002977
SW-00002978	без бренду	Самоклеюча стінова PET плитка у рулоні 600х3000х2мм SW-00002978
SW-00003240	без бренду	Самоклеюча стінова PET плитка у рулоні 600х3000х2мм SW-00003240
SW-00003316	без бренду	Самоклеючі м'які велюрові панелі в рулоні Перлинно-білий 600х2950х7мм SW-00003316
SW-00003317	без бренду	Самоклеючі м'які велюрові панелі в рулоні Карамельний 600х2950х7мм SW-00003317
SW-00003318	без бренду	Самоклеючі м'які велюрові панелі в рулоні Шоколадний 600х2950х7мм SW-00003318
SW-00003319	без бренду	Самоклеючі м'які велюрові панелі в рулоні 600х2950х7мм Перлинно-білий SW-00003319
SW-00003320	без бренду	Самоклеючі м'які велюрові панелі в рулоні Карамельний 600х2950х7мм SW-00003320
SW-00003321	без бренду	Самоклеючі м'які велюрові панелі в рулоні Оливковий 600х2950х7мм SW-00003321
SW-00003322	без бренду	Самоклеючі м'які велюрові панелі в рулоні 600х2950х10мм SW-00003322
SW-00003323	без бренду	Самоклеючі м'які велюрові панелі в рулоні 600х2950х10мм SW-00003323
SW-00003327	без бренду	Інтер’єрні самоклеючі панелі під шкіру 600х600х6мм Темно-сірий (квадрат) SW-00003327
SW-00003399	без бренду	Покриття вінілове самоклеюче 3D рейки 600х3000х3мм Зелений Мармур SW-00003399
SW-00003476	без бренду	Рейка декоративна WPC стінова 3000х150х9мм Молочний SW-00003476
SW-00000022	категорія на рішенні власника (review)	Підлога пазл - модульне підлогове покриття 600x600x10мм Золоте дерево (МР2) SW-00000022
SW-00000141	категорія на рішенні власника (review)	Підлога пазл - модульне підлогове покриття 600x600x10мм Океан (МР5) SW-00000141
SW-00000153	категорія на рішенні власника (review)	Підлога пазл - модульне підлогове покриття 600x600x10мм Зелена трава (МР4) SW-00000153
SW-00000204	категорія на рішенні власника (review)	Підлога пазл - модульне підлогове покриття 600x600x10мм Коричневе дерево (МР6) SW-00000204
SW-00000209	категорія на рішенні власника (review)	Підлога пазл - модульне підлогове покриття 600x600x10мм Сіре дерево (МР9) SW-00000209
SW-00000281	категорія на рішенні власника (review)	Самоклеюча екошкіра у рулоні 1.37х3м х 0.5мм Молочний SW-00000281
SW-00000648	категорія на рішенні власника (review)	Підлога пазл - модульне підлогове покриття 600x600x10мм Пісочне дерево (МР14) SW-00000648
SW-00001151	категорія на рішенні власника (review)	T-подібний молдинг 3000х12х4мм Золото SW-00001151
SW-00001154	категорія на рішенні власника (review)	Самоклеюча екошкіра у рулоні 1.37х1м х 0.5мм Темно-сірий SW-00001154
SW-00001166	категорія на рішенні власника (review)	Самоклеюча екошкіра у рулоні 1.37х1м х 0.5мм Білий SW-00001166
SW-00001169	категорія на рішенні власника (review)	Підлога пазл - модульне покриття для підлоги 600x600x10мм Чорне (МР15) SW-00001169
SW-00001170	категорія на рішенні власника (review)	Самоклеюча екошкіра у рулоні 1.37х3м х 0.5мм Бежевий SW-00001170
SW-00001198	категорія на рішенні власника (review)	Самоклеюча екошкіра у рулоні 1.37х3м х 0.5мм Коричневий SW-00001198
SW-00001324	категорія на рішенні власника (review)	Самоклеюча екошкіра у рулоні 1.37х3м х 0.5мм Світло-сірий SW-00001324
SW-00001332	категорія на рішенні власника (review)	Самоклеюча екошкіра у рулоні 1.37х1м х 0.5мм Світло-коричневий (D) SW-00001332
SW-00001340	категорія на рішенні власника (review)	Самоклеюча екошкіра у рулоні 1.37х3м х 0.5мм Темно-сірий SW-00001340
SW-00001346	категорія на рішенні власника (review)	Самоклеюча екошкіра у рулоні 1.37х1м х 0.5мм Бежевий SW-00001346
SW-00001358	категорія на рішенні власника (review)	Самоклеюча екошкіра у рулоні 1.37х1м х 0.5мм Чорний SW-00001358
SW-00001373	категорія на рішенні власника (review)	Самоклеюча екошкіра у рулоні 1.37х1м х 0.5мм Світло-сірий SW-00001373
SW-00001413	категорія на рішенні власника (review)	Самоклеюча екошкіра у рулоні 1.37х3м х 0.5мм Чорний SW-00001413
SW-00001550	категорія на рішенні власника (review)	D-образний молдінг 3м х 8мм х 4мм Білий (D) SW-00001550
SW-00001553	категорія на рішенні власника (review)	D-образний молдінг 3м х 8мм х 4мм Чорний (D) SW-00001553
SW-00001705	категорія на рішенні власника (review)	Композитна плитка ДПК 300х300х23мм Кедр (D) SW-00001705
SW-00001706	категорія на рішенні власника (review)	Композитна плиткаДПК 300х300х23мм Золотий дуб (D) SW-00001706
SW-00001707	категорія на рішенні власника (review)	Композитна плитка ДПК 300х300х23мм Темний дуб (D) SW-00001707
SW-00001708	категорія на рішенні власника (review)	Композитна плитка ДПК 300х300х23мм Антрацит (D) SW-00001708
SW-00001709	категорія на рішенні власника (review)	Композитна плитка ДПК 300х300х23мм Венге (D) SW-00001709
SW-00001711	категорія на рішенні власника (review)	Композитна плитка ДПК 30х30х2см Натуральне дерево (D) SW-00001711
SW-00001712	категорія на рішенні власника (review)	Композитна плитка ДПК 300х300х23мм Тик (D) SW-00001712
SW-00001713	категорія на рішенні власника (review)	Композитна плитка ДПК 300х300х23мм Вугілля (D) SW-00001713
SW-00001792	категорія на рішенні власника (review)	Молдинг вініловий самоклеючий 5000х100х2мм Глянсовий (D) SW-00001792
SW-00001794	категорія на рішенні власника (review)	Молдинг вініловий самоклеючий 5000х100х2мм Матовий (D) SW-00001794
SW-00001795	категорія на рішенні власника (review)	Молдинг вініловий самоклеючий 5000х100х2мм Глянсовий (D) SW-00001795
SW-00001796	категорія на рішенні власника (review)	Молдинг вініловий самоклеючий 5000х100х2мм Глянсовий (D) SW-00001796
SW-00001797	категорія на рішенні власника (review)	Молдинг вініловий самоклеючий 5000х100х2мм Матовий (D) SW-00001797
SW-00001798	категорія на рішенні власника (review)	Молдинг вініловий самоклеючий 5000х100х2мм Матовий (D) SW-00001798
SW-00001843	категорія на рішенні власника (review)	Підлогове двостороннє покриття GREY та BLACK 60*60cm*2cm (D) SW-00001843
SW-00001846	категорія на рішенні власника (review)	Підлогове двостороннє покриття CREAM and BEIGE 60*60cm*2cm (D) SW-00001846
SW-00002078	категорія на рішенні власника (review)	Підлога-пазл плюшевий 30х30х1см Чорний (D) SW-00002078
SW-00002079	категорія на рішенні власника (review)	Підлога-пазл плюшевий ЧОРНИЙ 60*60*1cm (D) SW-00002079
SW-00002080	категорія на рішенні власника (review)	Підлога-пазл плюшевий 30х30х1см Світло-сірий (D) SW-00002080
SW-00002081	категорія на рішенні власника (review)	Підлога-пазл плюшевий 60х60х1см Світло-сірий (D) SW-00002081
SW-00002082	категорія на рішенні власника (review)	Підлога-пазл плюшевий 30х30х1см Коричневий (D) SW-00002082
SW-00002083	категорія на рішенні власника (review)	Підлога-пазл плюшевий 60х60х1см Коричневий (D) SW-00002083
SW-00002086	категорія на рішенні власника (review)	Підлога-пазл плюшевий 30х30х1см Фіолетовий (D) SW-00002086
SW-00002087	категорія на рішенні власника (review)	Підлога-пазл плюшевий 60х60х1см Фіолетовий (D) SW-00002087
SW-00002090	категорія на рішенні власника (review)	Підлога-пазл плюшевий 30х30х1см Блакитний (D) SW-00002090
SW-00002091	категорія на рішенні власника (review)	Підлога-пазл плюшевий 60х60х1см Блакитний (D) SW-00002091
SW-00002092	категорія на рішенні власника (review)	Підлога-пазл плюшевий 30х30х1см Рожевий (D) SW-00002092
SW-00002094	категорія на рішенні власника (review)	Підлога-пазл плюшевий 30х30х1см Салатовий (D) SW-00002094
SW-00002095	категорія на рішенні власника (review)	Підлога-пазл плюшевий 60х60х1см Салатовий (D) SW-00002095
SW-00002172	категорія на рішенні власника (review)	Самоклеюча екошкіра у рулоні 1.37х1м х 0.5мм Теракотовий SW-00002172
SW-00002673	категорія на рішенні власника (review)	Молдинг 3000х20х8,5 мм Білий SW-00002673
SW-00002674	категорія на рішенні власника (review)	Молдинг 3000х20х8,5 мм Білий зі сріблом SW-00002674
SW-00002675	категорія на рішенні власника (review)	Молдинг 5000х30х9,5 мм Білий SW-00002675
SW-00002676	категорія на рішенні власника (review)	Молдинг 5000х30х9,5 мм Чорний SW-00002676
SW-00002677	категорія на рішенні власника (review)	Молдинг 4950х20х7 мм Білий SW-00002677
SW-00002678	категорія на рішенні власника (review)	Молдинг 4950х20х7 мм Білий із золотом SW-00002678
SW-00002679	категорія на рішенні власника (review)	Молдинг 4950х20х7 мм Білий зі сріблом SW-00002679
SW-00002680	категорія на рішенні власника (review)	Молдинг 5000х10х7мм Золотий SW-00002680
SW-00002681	категорія на рішенні власника (review)	Молдинг 5000х10х7мм Срібний SW-00002681
SW-00002682	категорія на рішенні власника (review)	Молдинг 5000х10х7мм Чорний SW-00002682
SW-00002683	категорія на рішенні власника (review)	Молдинг 5000х10х7 мм Білий SW-00002683
SW-00002684	категорія на рішенні власника (review)	Молдинг 5000х18х1мм Сріблявий SW-00002684
SW-00002685	категорія на рішенні власника (review)	Молдинг 5000х18х1мм Рожеве золото SW-00002685
SW-00002686	категорія на рішенні власника (review)	Молдинг 5000х30х2 мм Глянсовий білий SW-00002686
SW-00002687	категорія на рішенні власника (review)	Молдинг 3000х50х6 мм Білий SW-00002687
SW-00002688	категорія на рішенні власника (review)	Молдинг 3000х50х6 мм Білий із золотом SW-00002688
SW-00003287	категорія на рішенні власника (review)	Модульна плитка 300х300х25 мм Трава SW-00003287
SW-00003288	категорія на рішенні власника (review)	Композитна плитка ДПК 600х300х23 мм SW-00003288
SW-00003289	категорія на рішенні власника (review)	Композитна плитка ДПК 600х300х23 мм SW-00003289
SW-00003290	категорія на рішенні власника (review)	Композитна плитка ДПК 300х600х23 мм SW-00003290
SW-00003291	категорія на рішенні власника (review)	Композитна плитка ДПК 300х600х23 мм SW-00003291
SW-00003293	категорія на рішенні власника (review)	Композитна плитка ДПК 300х600х23 мм SW-00003293
SW-00000579	перше фото — інфографіка	Декоративна ПВХ панель 960х480х4мм SW-00000579
SW-00002126	уцінка/розпродаж — розділ «Знижені в ціні»	Уцінка Декоративна ПВХ панель 960х480х4мм SW-00002126
SW-00002167	уцінка/розпродаж — розділ «Знижені в ціні»	Уцінка Самоклеюча екошкіра в рулоні 1.37х1м х 0.5мм Теракотовий SW-00002167
SW-00002168	уцінка/розпродаж — розділ «Знижені в ціні»	Уцінка Самоклеюча екошкіра в рулоні 1.37х1м х 0.5мм Червоний SW-00002168
SW-00002170	уцінка/розпродаж — розділ «Знижені в ціні»	Уцінка Самоклеюча екошкіра в рулоні 1.37х1м х 0.5мм Пісочний SW-00002170
SW-00002177	уцінка/розпродаж — розділ «Знижені в ціні»	Уцінка Самоклеюча екошкіра в рулоні 1.37х3м х 0.5мм Червоний SW-00002177
SW-00002178	уцінка/розпродаж — розділ «Знижені в ціні»	Уцінка Самоклеюча екошкіра в рулоні 1.37х3м х 0.5мм Пісочний SW-00002178
SW-00002179	уцінка/розпродаж — розділ «Знижені в ціні»	Уцінка Самоклеюча екошкіра в рулоні 1.37х3м х 0.5мм Терракотовый SW-00002179
SW-00002423	уцінка/розпродаж — розділ «Знижені в ціні»	Уцінка Декоративна ПВХ панель 960х480х4мм SW-00002423
SW-00002475	уцінка/розпродаж — розділ «Знижені в ціні»	Уцінка Декоративна ПВХ панель 960х480х4мм SW-00002475-
SW-00002962	уцінка/розпродаж — розділ «Знижені в ціні»	УЦІНКА. Покриття вінілове самоклеюче 3D рейки 600х600х2,8мм Димчастий каштан SW-00002962
SW-00002963	уцінка/розпродаж — розділ «Знижені в ціні»	УЦІНКА. Покриття вінілове самоклеюче 3D рейки 600х600х2,8мм Білий графіт SW-00002963
SW-00002970	уцінка/розпродаж — розділ «Знижені в ціні»	УЦІНКА. Покриття вінілове самоклеюче 3D рейки 600х600х2,8мм SW-00002970
SW-00003332	уцінка/розпродаж — розділ «Знижені в ціні»	УЦІНКА Дзеркало акрилове самоклеюче (акрил) 400х1000х2мм Silver SW-00003332
SW-00003389	уцінка/розпродаж — розділ «Знижені в ціні»	Уцінка Шпалери самоклеючі 2800х500х1,5мм Червона катеринославська цегла (D) SW-00003389
SW-00003407	уцінка/розпродаж — розділ «Знижені в ціні»	Уцінка. Самоклеюча екошкіра у рулоні 1.37х3м х 0.5мм Темно-серый SW-00003407
SW-00003438	уцінка/розпродаж — розділ «Знижені в ціні»	Уцінка Декоративна ПВХ плита 1,22м х 2,44м х 3мм SW-00003438
SW-00003445	уцінка/розпродаж — розділ «Знижені в ціні»	Уценка Зеркальная наклейка (акрил) 270х420х2мм Silver SW-00003445
SW-00003447	уцінка/розпродаж — розділ «Знижені в ціні»	Уценка Самоклеящаяся виниловая плитка в рулоне 600х3000х2мм Глянец (D) SW-00003447
SW-00003449	уцінка/розпродаж — розділ «Знижені в ціні»	Уцінка Набор мебели складной (Стол и 4 стула), Белый (с сумкой) SW-00003449
SW-00003450	уцінка/розпродаж — розділ «Знижені в ціні»	УЦЕНКА!Набор мебели складной (Стол и 4 стула), Белый (с сумкой) SW-00003450
SW-00002656	характеристик 2 < 3	Комплект надувних меблів диван і крісло Коричневий SW-00002656
SW-00002657	характеристик 2 < 3	Комплект надувних меблів диван і 2 крісла Коричневий SW-00002657
SW-00002658	характеристик 2 < 3	Комплект надувних меблів диван і крісло Сірий SW-00002658
SW-00002659	характеристик 2 < 3	Комплект надувних меблів диван і 2 крісла Сірий SW-00002659
SW-00003033	характеристик 2 < 3	Дитячий складний термокилимок 147см х 177см х 8мм Лисички-Зростомір (303) SW-00003033
SW-00003360	характеристик 2 < 3	Столик приставний для ноутбука 60х40х80см SW-00003360
