catName	cat	sku	id	стан
Вагінальні кульки та тренажери	9478	AD40551	36707650	закрито 02.09
Вагінальні кульки та тренажери	9478	AL40563	36709359	закрито 02.09
Вагінальні кульки та тренажери	9478	AL40571	36707157	було закрито раніше
Вагінальні кульки та тренажери	9478	SO3042	36707922	закрито 02.09
Вагінальні кульки та тренажери	9478	SX3127	36712409	закрито 02.09
Вагінальні кульки та тренажери	9478	SX3170	36711310	закрито 02.09
Вібратори	9466	SO5415	36707706	закрито 02.09
Вібратори	9466	SO7048	36709574	закрито 02.09
Вібратори	9466	SX1215	36711199	закрито 02.09
Догляд за секс-іграшками	9448	F16005	36709283	закрито 02.09
Догляд за секс-іграшками	9448	F16012	36708171	закрито 02.09
Догляд за секс-іграшками	9448	SO1354	36707571	закрито 02.09
Догляд за секс-іграшками	9448	SO2004	36707309	закрито 02.09
Догляд за секс-іграшками	9448	SO2437	36707768	закрито 02.09
Догляд за секс-іграшками	9448	SO2802	36707969	закрито 02.09
Догляд за секс-іграшками	9448	SO2803	36707727	закрито 02.09
Догляд за секс-іграшками	9448	SO3217	36707747	закрито 02.09
Догляд за секс-іграшками	9448	SO3845	36708767	закрито 02.09
Догляд за секс-іграшками	9448	SO4467	36707899	закрито 02.09
Догляд за секс-іграшками	9448	SO5728	36707892	закрито 02.09
Догляд за секс-іграшками	9448	SO5729	36709141	закрито 02.09
Догляд за секс-іграшками	9448	SO7824	36708509	закрито 02.09
Догляд за секс-іграшками	9448	SO8126	36710057	закрито 02.09
Догляд за секс-іграшками	9448	SX1118	36711339	закрито 02.09
Догляд за секс-іграшками	9448	SX2732	36711499	закрито 02.09
Догляд за секс-іграшками	9448	SX3220	36711473	закрито 02.09
Догляд за секс-іграшками	9448	SX3224	36711125	закрито 02.09
Екстендери та помпи	9476	BM-30-CC	36707254	було закрито раніше
Екстендери та помпи	9476	E22146	36709376	закрито 02.09
Екстендери та помпи	9476	HM-20-BR	36707313	було закрито раніше
Екстендери та помпи	9476	HM-20-CC	36707960	було закрито раніше
Екстендери та помпи	9476	HM-30-CC	36707239	було закрито раніше
Екстендери та помпи	9476	HM-30-X-CC	36707455	було закрито раніше
Екстендери та помпи	9476	HM-40-BR	36707279	було закрито раніше
Екстендери та помпи	9476	HM-40-CC	36709309	було закрито раніше
Екстендери та помпи	9476	HM-40-X-CC	36707508	було закрито раніше
Екстендери та помпи	9476	ME001	36708539	було закрито раніше
Екстендери та помпи	9476	ME002	36707669	було закрито раніше
Екстендери та помпи	9476	ME003	36708190	було закрито раніше
Екстендери та помпи	9476	PMP002	36707516	було закрито раніше
Екстендери та помпи	9476	SO1659	36707606	було закрито раніше
Екстендери та помпи	9476	SO1732	36707219	було закрито раніше
Екстендери та помпи	9476	SO1960	36707800	було закрито раніше
Екстендери та помпи	9476	SO1961	36709319	було закрито раніше
Екстендери та помпи	9476	SO2054	36708602	закрито 02.09
Екстендери та помпи	9476	SO2440	36707850	було закрито раніше
Екстендери та помпи	9476	SO2457	36707243	було закрито раніше
Екстендери та помпи	9476	SO2459	36707772	було закрито раніше
Екстендери та помпи	9476	SO2461	36707207	було закрито раніше
Екстендери та помпи	9476	SO2776	36708354	було закрито раніше
Екстендери та помпи	9476	SO2911	36709287	закрито 02.09
Екстендери та помпи	9476	SO2912	36707257	було закрито раніше
Екстендери та помпи	9476	SO4480	36708307	було закрито раніше
Екстендери та помпи	9476	SO4558	36709089	було закрито раніше
Екстендери та помпи	9476	SO5069	36709045	було закрито раніше
Екстендери та помпи	9476	SO6226	36709555	було закрито раніше
Екстендери та помпи	9476	SO6227	36708721	було закрито раніше
Екстендери та помпи	9476	SO6298	36709704	було закрито раніше
Екстендери та помпи	9476	SO6299	36707858	було закрито раніше
Екстендери та помпи	9476	SO7441	36708650	було закрито раніше
Екстендери та помпи	9476	SO8699	36710036	було закрито раніше
Екстендери та помпи	9476	SO8700	36710460	було закрито раніше
Екстендери та помпи	9476	SO8704	36710384	було закрито раніше
Екстендери та помпи	9476	SO8705	36711409	було закрито раніше
Екстендери та помпи	9476	SO9390	36711929	було закрито раніше
Екстендери та помпи	9476	SX1636	36711820	було закрито раніше
Екстендери та помпи	9476	SX2297	36711790	було закрито раніше
Екстендери та помпи	9476	SX2298	36712351	було закрито раніше
Екстендери та помпи	9476	SX2299	36712163	було закрито раніше
Екстендери та помпи	9476	SX2304	36712004	було закрито раніше
Екстендери та помпи	9476	SX3004	36711815	було закрито раніше
Екстендери та помпи	9476	SX3006	36712363	було закрито раніше
Екстендери та помпи	9476	SX3903	36712803	було закрито раніше
Екстендери та помпи	9476	SX3929	36712782	було закрито раніше
Екстендери та помпи	9476	SX3930	36712912	було закрито раніше
Екстендери та помпи	9476	SX4044	36711939	було закрито раніше
Екстендери та помпи	9476	SX4045	36711762	було закрито раніше
Екстендери та помпи	9476	SX4046	36712626	було закрито раніше
Екстендери та помпи	9476	SX4050	36712806	було закрито раніше
Ерекційні кільця	9470	BM-PR-01	36707593	закрито 02.09
Ерекційні кільця	9470	BM-PR-02	36708067	закрито 02.09
Ерекційні кільця	9470	BM-PR-03	36709276	закрито 02.09
Ерекційні кільця	9470	SO2744	36707397	закрито 02.09
Ерекційні кільця	9470	SO5089	36707927	закрито 02.09
Ерекційні кільця	9470	SO8864	36710145	закрито 02.09
Еротичні приколи та сувеніри	9460	AD30352	36707563	закрито 02.09
Еротичні приколи та сувеніри	9460	SO2632	36707395	закрито 02.09
Еротичні приколи та сувеніри	9460	SO2634	36708871	закрито 02.09
Еротичні приколи та сувеніри	9460	SO2636	36707912	закрито 02.09
Еротичні приколи та сувеніри	9460	SO2638	36708351	закрито 02.09
Еротичні приколи та сувеніри	9460	SO2640	36708930	закрито 02.09
Еротичні приколи та сувеніри	9460	SO2642	36707534	закрито 02.09
Еротичні приколи та сувеніри	9460	SO2644	36707403	закрито 02.09
Еротичні приколи та сувеніри	9460	SO2646	36708072	закрито 02.09
Еротичні приколи та сувеніри	9460	SO4795	36708723	закрито 02.09
Еротичні приколи та сувеніри	9460	SO4796	36708233	закрито 02.09
Еротичні приколи та сувеніри	9460	SO4797	36708979	закрито 02.09
Еротичні приколи та сувеніри	9460	SO4798	36708010	закрито 02.09
Еротичні приколи та сувеніри	9460	SO4799	36707318	закрито 02.09
Еротичні приколи та сувеніри	9460	SO4800	36708270	закрито 02.09
Еротичні приколи та сувеніри	9460	SO4801	36708803	закрито 02.09
Еротичні приколи та сувеніри	9460	SO4802	36707319	закрито 02.09
Еротичні приколи та сувеніри	9460	SO4803	36709443	закрито 02.09
Еротичні приколи та сувеніри	9460	SO6353	36709735	закрито 02.09
Еротичні приколи та сувеніри	9460	SO6355	36709498	закрито 02.09
Еротичні приколи та сувеніри	9460	SO6356	36710206	закрито 02.09
Еротичні приколи та сувеніри	9460	SO6357	36709504	закрито 02.09
Еротичні приколи та сувеніри	9460	SO6358	36709194	закрито 02.09
Еротичні приколи та сувеніри	9460	SO6359	36709200	закрито 02.09
Еротичні приколи та сувеніри	9460	SO6360	36707963	закрито 02.09
Еротичні приколи та сувеніри	9460	SO6363	36708573	закрито 02.09
Еротичні приколи та сувеніри	9460	SO6364	36709469	закрито 02.09
Еротичні приколи та сувеніри	9460	SO6365	36709224	закрито 02.09
Еротичні приколи та сувеніри	9460	SO6366	36708645	закрито 02.09
Еротичні приколи та сувеніри	9460	SO6368	36708652	закрито 02.09
Еротичні приколи та сувеніри	9460	SO6369	36709637	закрито 02.09
Еротичні приколи та сувеніри	9460	SO6370	36708895	закрито 02.09
Еротичні приколи та сувеніри	9460	SO9815	36710891	закрито 02.09
Еротичні приколи та сувеніри	9460	SX2305	36711711	закрито 02.09
Еротичні приколи та сувеніри	9460	SX2306	36710918	закрито 02.09
Еротичні приколи та сувеніри	9460	SX2307	36710887	закрито 02.09
Еротичні приколи та сувеніри	9460	SX2308	36711684	закрито 02.09
Еротичні приколи та сувеніри	9460	SX2309	36711829	закрито 02.09
Еротичні приколи та сувеніри	9460	SX2310	36711892	закрито 02.09
Еротичні приколи та сувеніри	9460	SX2311	36711898	закрито 02.09
Еротичні приколи та сувеніри	9460	SX2312	36711511	закрито 02.09
Еротичні приколи та сувеніри	9460	SX2313	36711721	закрито 02.09
Еротичні приколи та сувеніри	9460	SX2314	36712327	закрито 02.09
Еротичні приколи та сувеніри	9460	SX2315	36711883	закрито 02.09
Еротичні приколи та сувеніри	9460	SX2316	36711755	закрито 02.09
Еротичні приколи та сувеніри	9460	SX2317	36711850	закрито 02.09
Еротичні приколи та сувеніри	9460	SX2318	36711794	закрито 02.09
Еротичні приколи та сувеніри	9460	SX2319	36711447	закрито 02.09
Еротичні приколи та сувеніри	9460	SX2320	36710846	закрито 02.09
Еротичні приколи та сувеніри	9460	SX3021	36712658	закрито 02.09
Еротичні приколи та сувеніри	9460	SX3022	36711936	закрито 02.09
Еротичні приколи та сувеніри	9460	SX3023	36711876	закрито 02.09
Еротичні приколи та сувеніри	9460	SX3024	36712335	закрито 02.09
Еротичні приколи та сувеніри	9460	SX3025	36712777	закрито 02.09
Еротичні приколи та сувеніри	9460	SX3026	36712287	закрито 02.09
Еротичні приколи та сувеніри	9460	SX3027	36712219	закрито 02.09
Еротичні приколи та сувеніри	9460	SX3028	36712865	закрито 02.09
Еротичні приколи та сувеніри	9460	SX3029	36712750	закрито 02.09
Еротичні приколи та сувеніри	9460	SX3030	36712126	закрито 02.09
Еротичні приколи та сувеніри	9460	SX3048	36712262	закрито 02.09
Засоби для орального сексу	9628	SO2531	36708122	закрито 02.09
Засоби для орального сексу	9628	SO2532	36707785	закрито 02.09
Засоби для орального сексу	9628	SO2533	36707430	закрито 02.09
Засоби для орального сексу	9628	SO2534	36707584	закрито 02.09
Засоби для орального сексу	9628	SO2535	36708971	закрито 02.09
Засоби для орального сексу	9628	SO2536	36707864	закрито 02.09
Засоби для орального сексу	9628	SO2538	36708018	закрито 02.09
Засоби для орального сексу	9628	SO2801	36708118	закрито 02.09
Засоби для орального сексу	9628	SO3195	36708512	закрито 02.09
Засоби для орального сексу	9628	SO3198	36707966	закрито 02.09
Засоби для орального сексу	9628	SO3199	36708210	закрито 02.09
Засоби для орального сексу	9628	SO3200	36709475	закрито 02.09
Засоби для орального сексу	9628	SO3201	36707336	закрито 02.09
Засоби для орального сексу	9628	SO3202	36707991	закрито 02.09
Засоби для орального сексу	9628	SO3203	36708255	закрито 02.09
Засоби для орального сексу	9628	SO3219	36708079	закрито 02.09
Засоби для орального сексу	9628	SO3221	36707895	закрито 02.09
Засоби для орального сексу	9628	SO3222	36707676	закрито 02.09
Засоби для орального сексу	9628	SO3224	36708059	закрито 02.09
Засоби для орального сексу	9628	SO3226	36708162	закрито 02.09
Засоби для орального сексу	9628	SO3227	36708242	закрито 02.09
Засоби для орального сексу	9628	SO3231	36708496	закрито 02.09
Засоби для орального сексу	9628	SO3234	36708179	закрито 02.09
Засоби для орального сексу	9628	SO3490	36708157	закрито 02.09
Засоби для орального сексу	9628	SO3494	36708187	закрито 02.09
Засоби для орального сексу	9628	SO3495	36708834	закрито 02.09
Засоби для орального сексу	9628	SO3533	36707853	закрито 02.09
Засоби для орального сексу	9628	SO3535	36708848	закрито 02.09
Засоби для орального сексу	9628	SO4542	36709480	закрито 02.09
Засоби для орального сексу	9628	SO4942	36707923	закрито 02.09
Засоби для орального сексу	9628	SO4943	36709517	закрито 02.09
Засоби для орального сексу	9628	SO4944	36708870	закрито 02.09
Засоби для орального сексу	9628	SO4945	36707944	закрито 02.09
Засоби для орального сексу	9628	SO4946	36709767	закрито 02.09
Засоби для орального сексу	9628	SO4947	36709210	закрито 02.09
Засоби для орального сексу	9628	SO7132	36709245	закрито 02.09
Засоби для орального сексу	9628	SO7833	36709845	закрито 02.09
Засоби для орального сексу	9628	SO7834	36710083	закрито 02.09
Засоби для орального сексу	9628	SO9819	36711331	закрито 02.09
Засоби для орального сексу	9628	SO9820	36709994	закрито 02.09
Засоби для орального сексу	9628	SO9821	36710360	закрито 02.09
Засоби для орального сексу	9628	SO9822	36710579	закрито 02.09
Засоби для орального сексу	9628	SO9823	36710862	закрито 02.09
Засоби для орального сексу	9628	SO9824	36710412	закрито 02.09
Засоби для орального сексу	9628	SX0661	36710423	закрито 02.09
Засоби для орального сексу	9628	SX0662	36710233	закрито 02.09
Засоби для орального сексу	9628	SX0663	36710743	закрито 02.09
Засоби для орального сексу	9628	SX0664	36710840	закрито 02.09
Засоби для орального сексу	9628	SX1256	36710728	закрито 02.09
Засоби для орального сексу	9628	SX1257	36710386	закрито 02.09
Засоби для орального сексу	9628	SX1258	36710940	закрито 02.09
Засоби для орального сексу	9628	SX1260	36710583	закрито 02.09
Засоби для орального сексу	9628	SX1263	36710880	закрито 02.09
Засоби для орального сексу	9628	SX1264	36710391	закрито 02.09
Засоби для орального сексу	9628	SX1265	36710588	закрито 02.09
Засоби для орального сексу	9628	SX1266	36710618	закрито 02.09
Засоби для орального сексу	9628	SX1267	36711037	закрито 02.09
Засоби для орального сексу	9628	SX1694	36712322	закрито 02.09
Засоби для орального сексу	9628	SX1695	36712188	закрито 02.09
Засоби для орального сексу	9628	SX1696	36712142	закрито 02.09
Засоби для орального сексу	9628	SX1697	36711591	закрито 02.09
Засоби для орального сексу	9628	SX2659	36712503	закрито 02.09
Засоби для орального сексу	9628	SX3465	36711518	закрито 02.09
Мастурбатори	9472	F12441	36707259	було закрито раніше
Мастурбатори	9472	F19723	36707362	закрито 02.09
Мастурбатори	9472	MD1137	36707177	було закрито раніше
Мастурбатори	9472	SO1809	36707555	закрито 02.09
Мастурбатори	9472	SO2080	36708683	закрито 02.09
Мастурбатори	9472	SO3940	36707289	закрито 02.09
Мастурбатори	9472	SO4022	36708216	закрито 02.09
Мастурбатори	9472	SO4505	36707767	закрито 02.09
Мастурбатори	9472	SO7669	36708765	закрито 02.09
Мастурбатори	9472	SO7673	36710227	закрито 02.09
Мастурбатори	9472	SO8400	36711289	закрито 02.09
Мастурбатори	9472	SO8834	36710357	закрито 02.09
Мастурбатори	9472	SO9364	36710531	закрито 02.09
Мастурбатори	9472	SX1111	36710620	закрито 02.09
Насадки на член	9474	MD0609	36707329	закрито 02.09
Насадки на член	9474	SO1270	36708963	закрито 02.09
Насадки на член	9474	SO1271	36707709	закрито 02.09
Насадки на член	9474	SO1272	36709260	закрито 02.09
Насадки на член	9474	SO1273	36708515	закрито 02.09
Насадки на член	9474	SO1274	36707480	закрито 02.09
Насадки на член	9474	SO1275	36709279	закрито 02.09
Насадки на член	9474	SO1277	36708475	закрито 02.09
Насадки на член	9474	SO1814	36708076	закрито 02.09
Насадки на член	9474	SO1816	36707672	закрито 02.09
Насадки на член	9474	SO1817	36708052	закрито 02.09
Насадки на член	9474	SO1818	36708462	закрито 02.09
Насадки на член	9474	SO1819	36707763	закрито 02.09
Насадки на член	9474	SO1820	36707898	закрито 02.09
Насадки на член	9474	SO1892	36709433	закрито 02.09
Насадки на член	9474	SO2491	36707546	закрито 02.09
Насадки на член	9474	SO2492	36708581	закрито 02.09
Насадки на член	9474	SO2698	36707527	закрито 02.09
Насадки на член	9474	SO3716	36708395	закрито 02.09
Насадки на член	9474	SO3718	36707394	закрито 02.09
Насадки на член	9474	SO3719	36708915	закрито 02.09
Насадки на член	9474	SO3720	36707482	закрито 02.09
Насадки на член	9474	SO8871	36709968	закрито 02.09
Насадки на член	9474	SX1384	36711538	закрито 02.09
Насадки на член	9474	SX1385	36711582	закрито 02.09
Насадки на член	9474	SX1445	36712390	закрито 02.09
Насадки на член	9474	SX1446	36712063	закрито 02.09
Насадки на член	9474	SX1447	36712410	закрито 02.09
Насадки на член	9474	SX1448	36711408	закрито 02.09
Насадки на член	9474	SX1450	36712299	закрито 02.09
Насадки на член	9474	SX1451	36712256	закрито 02.09
Насадки на член	9474	SX1452	36711989	закрито 02.09
Насадки на член	9474	SX1453	36711306	закрито 02.09
Насадки на член	9474	SX1454	36711503	закрито 02.09
Насадки на член	9474	SX1455	36712332	закрито 02.09
Насадки на член	9474	SX1456	36711017	закрито 02.09
Насадки на член	9474	SX1457	36711906	закрито 02.09
Насадки на член	9474	SX1458	36711760	закрито 02.09
Насадки на член	9474	SX1459	36711057	закрито 02.09
Насадки на член	9474	SX1460	36710888	закрито 02.09
Насадки на член	9474	SX1461	36711212	закрито 02.09
Насадки на член	9474	SX1462	36711150	закрито 02.09
Насадки на член	9474	SX1463	36712082	закрито 02.09
Насадки на член	9474	SX1464	36711897	закрито 02.09
Насадки на член	9474	SX1465	36711184	закрито 02.09
Насадки на член	9474	SX1466	36712140	закрито 02.09
Насадки на член	9474	SX1467	36712270	закрито 02.09
Насадки на член	9474	SX1468	36711937	закрито 02.09
Насадки на член	9474	SX1469	36711595	закрито 02.09
Насадки на член	9474	SX1470	36712660	закрито 02.09
Насадки на член	9474	SX1471	36712221	закрито 02.09
Насадки на член	9474	SX1472	36712508	закрито 02.09
Насадки на член	9474	SX1473	36711647	закрито 02.09
Насадки на член	9474	SX1474	36711402	закрито 02.09
Насадки на член	9474	SX1475	36711594	закрито 02.09
Насадки на член	9474	SX1476	36711574	закрито 02.09
Насадки на член	9474	SX1477	36711824	закрито 02.09
Насадки на член	9474	SX1478	36712283	закрито 02.09
Насадки на член	9474	SX1479	36712834	закрито 02.09
Насадки на член	9474	SX1480	36712048	закрито 02.09
Насадки на член	9474	SX1481	36711624	закрито 02.09
Насадки на член	9474	SX1482	36712019	закрито 02.09
Насадки на член	9474	SX3243	36712578	закрито 02.09
Насадки на член	9474	SX3244	36712543	закрито 02.09
Насадки на член	9474	SX3245	36712478	закрито 02.09
Насадки на член	9474	SX3246	36711973	закрито 02.09
Насадки на член	9474	SX4040	36711269	закрито 02.09
Насадки на член	9474	SX4041	36712147	закрито 02.09
Насадки на член	9474	SX4610	36711844	закрито 02.09
Насадки на член	9474	SX4611	36712562	закрито 02.09
Насадки на член	9474	SX4612	36712826	закрито 02.09
Насадки на член	9474	SX4613	36712728	закрито 02.09
Насадки на член	9474	SX4614	36712015	закрито 02.09
Насадки на член	9474	SX4615	36711758	закрито 02.09
Насадки на член	9474	SX4616	36712901	закрито 02.09
Насадки на член	9474	SX4617	36712666	закрито 02.09
Насадки на член	9474	SX4618	36711664	закрито 02.09
Насадки на член	9474	SX4619	36712282	закрито 02.09
Насадки на член	9474	SX4620	36712569	закрито 02.09
Насадки на член	9474	SX4621	36712553	закрито 02.09
Насадки на член	9474	SX4622	36712757	закрито 02.09
Насадки на член	9474	SX4623	36712895	закрито 02.09
Насадки на член	9474	SX4624	36712883	закрито 02.09
Насадки на член	9474	SX4625	36712831	закрито 02.09
Насадки на член	9474	SX4626	36712211	закрито 02.09
Насадки на член	9474	SX4627	36712533	закрито 02.09
Насадки на член	9474	SX4628	36712879	закрито 02.09
Насадки на член	9474	SX4629	36712729	закрито 02.09
Пролонгатори	9636	SO3186	36708287	закрито 02.09
Пролонгатори	9636	SO4079	36708241	закрито 02.09
Пролонгатори	9636	SO4098	36708051	закрито 02.09
Пролонгатори	9636	SO8878	36710201	закрито 02.09
Пролонгатори	9636	SX0658	36709630	закрито 02.09
Пролонгатори	9636	SX3466	36712654	закрито 02.09
Пролонгатори	9636	SX4496	36712677	закрито 02.09
Страпони	9482	SO2710	36707697	закрито 02.09
Страпони	9482	SO2711	36707883	закрито 02.09
Страпони	9482	SO2793	36708694	закрито 02.09
Страпони	9482	SO6824	36709542	закрито 02.09
Фалоімітатори	9480	SO1575	36707904	закрито 02.09
Фалоімітатори	9480	SO5967	36709072	закрито 02.09
Фалоімітатори	9480	SO6023	36708758	закрито 02.09
Фалоімітатори	9480	SO6031	36709082	закрито 02.09
Фалоімітатори	9480	SO8217	36710480	закрито 02.09
Фалоімітатори	9480	SO8218	36709643	закрито 02.09
Фалоімітатори	9480	SO8907	36710898	закрито 02.09
Фалоімітатори	9480	SX0593	36711060	закрито 02.09
Фетиш та BDSM	9458	SO7007	36707820	закрито 02.09
Фетиш та BDSM	9458	SO7008	36709117	закрито 02.09
Фетиш та BDSM	9458	SO7009	36708937	закрито 02.09
Фетиш та BDSM	9458	SO7010	36709638	закрито 02.09
Фетиш та BDSM	9458	SO7278	36709953	закрито 02.09
Фетиш та BDSM	9458	SO8248	36708468	закрито 02.09
Фетиш та BDSM	9458	SO8262	36708260	закрито 02.09
Фетиш та BDSM	9458	SO8263	36709602	закрито 02.09
Фетиш та BDSM	9458	SO8293	36709812	закрито 02.09
Фетиш та BDSM	9458	SO8294	36708852	закрито 02.09
Фетиш та BDSM	9458	SO8295	36709605	закрито 02.09
Фетиш та BDSM	9458	SO8302	36710485	закрито 02.09
Фетиш та BDSM	9458	SO8795	36710022	закрито 02.09
Фетиш та BDSM	9458	SO8797	36709890	закрито 02.09
Фетиш та BDSM	9458	SO9460	36709937	закрито 02.09
Фетиш та BDSM	9458	SO9461	36711166	закрито 02.09
Фетиш та BDSM	9458	SO9462	36711213	закрито 02.09
Фетиш та BDSM	9458	SX1677	36712088	закрито 02.09
Фетиш та BDSM	9458	SX1678	36711342	закрито 02.09
Фетиш та BDSM	9458	SX1679	36711872	закрито 02.09
Фетиш та BDSM	9458	SX1680	36712061	закрито 02.09
Фетиш та BDSM	9458	SX1681	36711428	закрито 02.09
Фетиш та BDSM	9458	SX2229	36712260	закрито 02.09
Фетиш та BDSM	9458	SX3974	36711357	закрито 02.09
Фетиш та BDSM	9458	SX4560	36712857	закрито 02.09
Фетиш та BDSM	9458	SX4561	36712903	закрито 02.09
Фетиш та BDSM	9458	SX4562	36712703	закрито 02.09
Фетиш та BDSM	9458	SX4563	36712639	закрито 02.09
Фетиш та BDSM	9458	SX4564	36712454	закрито 02.09
Фетиш та BDSM	9458	SX4565	36712599	закрито 02.09
Фетиш та BDSM	9458	SX4566	36712605	закрито 02.09
Фетиш та BDSM	9458	SX4567	36712692	закрито 02.09
Фетиш та BDSM	9458	SX4568	36712888	закрито 02.09
Фетиш та BDSM	9458	SX4569	36712908	закрито 02.09
Фетиш та BDSM	9458	SX4570	36712709	закрито 02.09
Фетиш та BDSM	9458	SX4571	36712792	закрито 02.09
Фетиш та BDSM	9458	SX4572	36712458	закрито 02.09
Фетиш та BDSM	9458	SX4577	36712445	закрито 02.09
Фетиш та BDSM	9458	SX4578	36711616	закрито 02.09
Фетиш та BDSM	9458	SX4579	36712302	закрито 02.09
Фетиш та BDSM	9458	SX4580	36712731	закрито 02.09
Фетиш та BDSM	9458	SX4581	36711834	закрито 02.09
