checked	group	marker	search	run	main	partial	blocks	skus
2026-09-15 15:12	ua	зорвінтал	ua	1	0	0	0	
2026-09-15 15:12	ua	зорвінтал	ua	2	0	0	0	
2026-09-15 15:12	ua	зорвінтал	ru	1	0	0	0	
2026-09-15 15:12	ua	зорвінтал	ru	2	0	0	0	
2026-09-15 15:12	ru	квербаліс	ua	1	0	0	0	
2026-09-15 15:12	ru	квербаліс	ua	2	0	0	0	
2026-09-15 15:12	ru	квербаліс	ru	1	0	0	0	
2026-09-15 15:12	ru	квербаліс	ru	2	0	0	0	
2026-09-16 03:02	ua	зорвінтал	ua	1	8	0	8	SO2540,SO2802,SO3771,SO9179,SX2253,SX3681,SX3684,SX3907
2026-09-16 03:02	ua	зорвінтал	ua	2	8	0	8	SO2540,SO2802,SO3771,SO9179,SX2253,SX3681,SX3684,SX3907
2026-09-16 03:02	ua	зорвінтал	ru	1	8	0	8	SO2540,SO2802,SO3771,SO9179,SX2253,SX3681,SX3684,SX3907
2026-09-16 03:02	ua	зорвінтал	ru	2	8	0	8	SO2540,SO2802,SO3771,SO9179,SX2253,SX3681,SX3684,SX3907
2026-09-16 03:02	ru	квербаліс	ua	1	7	0	9	SO5964,SO5990,SO6781,SO7018,SO7792,SX0886,SX1110
2026-09-16 03:02	ru	квербаліс	ua	2	7	0	9	SO5964,SO5990,SO6781,SO7018,SO7792,SX0886,SX1110
2026-09-16 03:02	ru	квербаліс	ru	1	7	0	9	SO5964,SO5990,SO6781,SO7018,SO7792,SX0886,SX1110
2026-09-16 03:02	ru	квербаліс	ru	2	7	0	9	SO5964,SO5990,SO6781,SO7018,SO7792,SX0886,SX1110
2026-09-16 05:48	ua	зорвінтал	ua	1	8	0	8	SO2540,SO2802,SO3771,SO9179,SX2253,SX3681,SX3684,SX3907
2026-09-16 05:48	ua	зорвінтал	ua	2	8	0	8	SO2540,SO2802,SO3771,SO9179,SX2253,SX3681,SX3684,SX3907
2026-09-16 05:48	ua	зорвінтал	ru	1	8	0	8	SO2540,SO2802,SO3771,SO9179,SX2253,SX3681,SX3684,SX3907
2026-09-16 05:48	ua	зорвінтал	ru	2	8	0	8	SO2540,SO2802,SO3771,SO9179,SX2253,SX3681,SX3684,SX3907
2026-09-16 05:48	ru	квербаліс	ua	1	7	0	9	SO5964,SO5990,SO6781,SO7018,SO7792,SX0886,SX1110
2026-09-16 05:48	ru	квербаліс	ua	2	7	0	9	SO5964,SO5990,SO6781,SO7018,SO7792,SX0886,SX1110
2026-09-16 05:48	ru	квербаліс	ru	1	7	0	9	SO5964,SO5990,SO6781,SO7018,SO7792,SX0886,SX1110
2026-09-16 05:48	ru	квербаліс	ru	2	7	0	9	SO5964,SO5990,SO6781,SO7018,SO7792,SX0886,SX1110
2026-09-16 05:48	cheap	мірквалон	ua	1	0	0	0	
2026-09-16 05:48	cheap	мірквалон	ua	2	0	0	0	
2026-09-16 05:48	cheap	мірквалон	ru	1	0	0	0	
2026-09-16 05:48	cheap	мірквалон	ru	2	0	0	0	
2026-09-16 05:48	expensive	тевзаніс	ua	1	0	0	0	
2026-09-16 05:48	expensive	тевзаніс	ua	2	0	0	0	
2026-09-16 05:48	expensive	тевзаніс	ru	1	0	0	0	
2026-09-16 05:48	expensive	тевзаніс	ru	2	0	0	0	
2026-09-18 05:50	ua	зорвінтал	ua	1	8	0	8	SO2540,SO2802,SO3771,SO9179,SX2253,SX3681,SX3684,SX3907
2026-09-18 05:50	ua	зорвінтал	ua	2	8	0	8	SO2540,SO2802,SO3771,SO9179,SX2253,SX3681,SX3684,SX3907
2026-09-18 05:50	ua	зорвінтал	ru	1	8	0	8	SO2540,SO2802,SO3771,SO9179,SX2253,SX3681,SX3684,SX3907
2026-09-18 05:50	ua	зорвінтал	ru	2	8	0	8	SO2540,SO2802,SO3771,SO9179,SX2253,SX3681,SX3684,SX3907
2026-09-18 05:50	ru	квербаліс	ua	1	7	0	9	SO5964,SO5990,SO6781,SO7018,SO7792,SX0886,SX1110
2026-09-18 05:50	ru	квербаліс	ua	2	7	0	9	SO5964,SO5990,SO6781,SO7018,SO7792,SX0886,SX1110
2026-09-18 05:50	ru	квербаліс	ru	1	7	0	9	SO5964,SO5990,SO6781,SO7018,SO7792,SX0886,SX1110
2026-09-18 05:50	ru	квербаліс	ru	2	7	0	9	SO5964,SO5990,SO6781,SO7018,SO7792,SX0886,SX1110
2026-09-18 05:50	cheap	мірквалон	ua	1	0	0	0	
2026-09-18 05:50	cheap	мірквалон	ua	2	0	0	0	
2026-09-18 05:50	cheap	мірквалон	ru	1	0	0	0	
2026-09-18 05:50	cheap	мірквалон	ru	2	0	0	0	
2026-09-18 05:50	expensive	тевзаніс	ua	1	0	0	1	
2026-09-18 05:50	expensive	тевзаніс	ua	2	0	0	1	
2026-09-18 05:50	expensive	тевзаніс	ru	1	0	0	1	
2026-09-18 05:50	expensive	тевзаніс	ru	2	0	0	1	
2026-10-02 21:25	ru	обсидіаніт	ua	1	0	0	245	
2026-10-02 21:25	ru	обсидіаніт	ua	2	0	0	245	
2026-10-02 21:25	ru	обсидіаніт	ru	1	0	0	245	
2026-10-02 21:25	ru	обсидіаніт	ru	2	0	0	245	
2026-10-02 21:25	ru	верлітан	ua	1	0	0	4	
2026-10-02 21:25	ru	верлітан	ua	2	0	0	4	
2026-10-02 21:25	ru	верлітан	ru	1	0	0	4	
2026-10-02 21:25	ru	верлітан	ru	2	0	0	4	
2026-10-02 21:25	ua	флаверин	ua	1	0	0	413	
2026-10-02 21:25	ua	флаверин	ua	2	0	0	413	
2026-10-02 21:25	ua	флаверин	ru	1	0	0	413	
2026-10-02 21:25	ua	флаверин	ru	2	0	0	413	
2026-10-02 21:25	cheap	мірквалон	ua	1	0	0	0	
2026-10-02 21:25	cheap	мірквалон	ua	2	0	0	0	
2026-10-02 21:25	cheap	мірквалон	ru	1	0	0	0	
2026-10-02 21:25	cheap	мірквалон	ru	2	0	0	0	
2026-10-02 21:25	expensive	тевзаніс	ua	1	0	0	0	
2026-10-02 21:25	expensive	тевзаніс	ua	2	0	0	0	
2026-10-02 21:25	expensive	тевзаніс	ru	1	0	0	0	
2026-10-02 21:25	expensive	тевзаніс	ru	2	0	0	0	
2026-10-03 05:46	ru	джвиркаль	ua	1	0	0	70	
2026-10-03 05:46	ru	джвиркаль	ua	2	0	0	70	
2026-10-03 05:46	ru	джвиркаль	ru	1	0	0	70	
2026-10-03 05:46	ru	джвиркаль	ru	2	0	0	70	
2026-10-03 05:46	ru	кнурвелід	ua	1	0	0	0	
2026-10-03 05:46	ru	кнурвелід	ua	2	0	0	0	
2026-10-03 05:46	ru	кнурвелід	ru	1	0	0	0	
2026-10-03 05:46	ru	кнурвелід	ru	2	0	0	0	
2026-10-03 05:46	ua	роштибан	ua	1	0	0	8	
2026-10-03 05:46	ua	роштибан	ua	2	0	0	8	
2026-10-03 05:46	ua	роштибан	ru	1	0	0	8	
2026-10-03 05:46	ua	роштибан	ru	2	0	0	8	
2026-10-03 05:46	cheap	мірквалон	ua	1	0	0	70	
2026-10-03 05:46	cheap	мірквалон	ua	2	0	0	70	
2026-10-03 05:46	cheap	мірквалон	ru	1	0	0	70	
2026-10-03 05:46	cheap	мірквалон	ru	2	0	0	70	
2026-10-03 05:46	expensive	тевзаніс	ua	1	0	0	3	
2026-10-03 05:46	expensive	тевзаніс	ua	2	0	0	3	
2026-10-03 05:46	expensive	тевзаніс	ru	1	0	0	3	
2026-10-03 05:46	expensive	тевзаніс	ru	2	0	0	3	
