sku	prom_id	found_pos	other_ours_pos	seen	cat_id	category	price	presence	params	pics	desc_len	name	name_len	kw_count	keywords
SO2399	3152110730	0	0	10	161011	Вибраторы	1889.0	available	13	2	1267	Потужний вібратор Rocks Off Chaiamo Black, soft-touch силікон, до 3-х годин роботи, водостійкий	95	9	вібратори, інтимні іграшки, вібратор для клітора, вібратор rocks off, вібратор рокс оф, rocks off chaiamo black, чорний вібратор, чорний вібратор rocks off, силіконовий вібратор
SX0972	3152115561	0	0	0	161014	Анальные пробки	1799.0	available	9	7	2056	Анальна пробка з ерекційним кільцем Fun Factory BOOTIE RING slate, діаметр 2,8 см	81	6	кільце fun factory, кільце фан факторі, fun factory bootie ring, силіконове кільце, гіпоалергенний кільце, ерекційне кільце fun factory
SO6310	3152113135	0	0	15	161014	Анальные пробки	869.0	available	8	4	1715	Металева анальна пробка Кролячий хвостик Alive Fluffy Twist Plug L Purple, діаметр 3,8 см	89	9	анальні пробки, анальні іграшки, металева анальна пробка, металева анальна пробка alive, металева анальна пробка елайв, alive fluffy twist, фіолетова металева анальна пробка, водонепроникна металева анальна пробка, анальний плаг alive
SO3886	3152111993	0	0	7	161011	Вибраторы	1799.0	available	9	3	1028	Мінівібромасажер Rianne S: Lovely Leopard Pink, 10 режимів роботи, косметичка-чохол, мед.силікон	96	9	вібратори, інтимні іграшки, вагінальний мінівібромасажер, мінівібромасажер rianne s, rianne s lovely leopard, рожевий мінівібромасажер, рожевий мінівібромасажер rianne s, силіконовий мінівібромасажер, мінівібромасажер 10 режимів
SO1271	3152110082	0	0	30	161016	Насадки на член и эрекционные кольца	519.0	available	7	4	809	Насадка на член Kokos Extreme Sleeve ES.01 розмір M, tpe	56	6	іграшки для чоловіків, насадка член, насадка член kokos, насадка член кокос, kokos extreme sleeve, tpe насадка член
SX4011	3152118703	0	0	13	161013	Мастурбаторы	3849.0	available	6	7	462	Мастурбатор з вібрацією Hismith Male Masturbation Cup, сумісний з секс-машинами бренду	86	9	мастурбатори, іграшки для чоловіків, мастурбатор hismith, мастурбатор хісміт, hismith male masturbation, мастурбатор на водній основі, мастурбатор з вібрацією, штучна вагіна hismith, гумова вагіна hismith
SX3305	3152118188	0	0	18	161018	Вакуумные стимуляторы	1379.0	available	7	8	1976	Вакуумний стимулятор Fun Factory Delicia Rose, 11 режимів роботи, перезаряджуваний, силікон	91	9	вакуумні стимулятори, вакуумний стимулятор fun factory, вакуумний стимулятор фан факторі, fun factory delicia rose, силіконовий вакуумний стимулятор, вакуумний стимулятор 11 режимів, безконтактний стимулятор fun factory, хвильовий стимулятор fun factory, водонепроникний вакуумний стимулятор
SX3706	3152118520	0	0	30	161011	Вибраторы	899.0	available	7	7	491	Вібратор Fun Factory Viola Soft Pink	36	9	вібратори, інтимні іграшки, вагінальний вібратор, вібратор fun factory, вібратор фан факторі, fun factory viola soft, рожевий вібратор, рожевий вібратор fun factory, вібратор на водній основі
SX1564	3152116360	0	0	10	161003	Лубриканты	859.0	available	8	4	1423	Лубрикант спрей для орального сексу Orgie – Wow! Strawberry Ice (10 мл) з охолоджувальним ефектом	97	6	лубриканти, інтимна косметика, спрей orgie, спрей оржі, orgie wow strawberry, охолоджувальний спрей
SO2926	3152110896	0	0	30	161003	Лубриканты	449.0	available	8	3	1023	Масажний гель для інтимних зон Intt Energy Drink (30 мл) розігрівальний	71	5	лубриканти, засоби для масажу, масажний гель, розігрівальний масажний гель, засоби для інтимної гігієни
SO6140	3152112874	1	9	10	161013	Мастурбаторы	3719.0	available	5	5	3002	Мастурбатор-вагіна Fleshlight Pink Lady Mini-Lotus Нова текстура, abs-пластик	77	9	мастурбатори, іграшки для чоловіків, мастурбатор-вагіна нова, мастурбатор-вагіна нова fleshlight, мастурбатор-вагіна нова флешлайт, fleshlight pink lady, рожева мастурбатор-вагіна нова, рожева мастурбатор-вагіна нова fleshlight, пластикова мастурбатор-вагіна нова
SO2815	3152110870	0	0	18	161013	Мастурбаторы	1659.0	available	6	2	1125	Мастурбатор-вагіна Doc Johnson Jessie Andrews - The All American Pussy, ultraskyn	81	7	мастурбатори, іграшки для чоловіків, мастурбатор-вагіна doc johnson, мастурбатор-вагіна док джонсон, doc johnson jessie andrews, штучна вагіна doc johnson, гумова вагіна doc johnson
SX1722	3152116464	1	0	1	161007	БДСМ-игрушки	2299.0	available	4	7	1450	Перлинний комплект Leg Avenue Faux Pearl, One Size, ліф, трусики та наручники, метал	84	8	бдсм іграшки, бдсм аксесуари, наручники leg avenue, наручники лег авеню, leg avenue faux pearl, металеві наручники, наручники для домінування, бдсм наручники leg avenue
SX1300	3152115787	0	0	30	161010	Фаллоимитаторы	1379.0	available	4	9	436	Фалоімітатор на присосці Cocktails by Addiction – Peach Bellini	63	7	фалоімітатори, інтимні іграшки, фалоімітатор addiction, addiction cocktails peach, фалоімітатор на водній основі, фалос реалістичний addiction, дildo addiction
SX3186	3152117739	0	0	20	161011	Вибраторы	4599.0	available	7	10	135	Вібратор Mystim Bon Aparte Pink	31	8	вібратори, інтимні іграшки, вагінальний вібратор, вібратор mystim, вібратор містім, mystim bon aparte, рожевий вібратор, рожевий вібратор mystim
SX3228	3152117771	0	0	0	161011	Вибраторы	2529.0	available	12	10	2860	Смарт-вібратор Magic Motion Ponder Purple, подвійна стимуляція, віброяйце+язичок для клітора, діаметр 3,8 см	108	9	вібратори, інтимні іграшки, віброяйця для клітора, подвійна віброяйця, віброяйця magic motion, magic motion ponder purple, фіолетова віброяйця, фіолетова віброяйця magic motion, силіконова віброяйця
SO2205	3152110322	0	0	5	161011	Вибраторы	2359.0	available	14	5	1590	Потужний вібратор Satisfyer Vibes Master, діаметр 46 мм, гнучкий літій силікон, 12 режимів роботи	97	9	вібратори, інтимні іграшки, вагінальний вібратор, вібратор satisfyer, вібратор сатисфаєр, satisfyer vibes master, силіконовий вібратор, вібратор на акумуляторі, водонепроникний вібратор
SX3636	3152118347	0	0	11	161003	Лубриканты	3799.0	available	4	3	1298	Універсальний лубрикант на силіконовій основі pjur Original 500 мл, 2 в 1, для сексу та масажу	94	6	лубриканти, інтимна косметика, лубрикант pjur, лубрикант пьюр, pjur original, лубрикант на силіконовій основі
SO2461	3152110746	0	0	20	161017	Вакуумные помпы	1799.0	available	6	6	2731	Автоматична вакуумна помпа на акумуляторі Men Powerup	53	2	вакуумні помпи, автоматична вакуумна помпа
SO8851	3152114477	0	0	2	161016	Насадки на член и эрекционные кольца	829.0	available	7	2	2093	Подвійне ерекційне кільце Boners Classic Cock & Ball Ring, діаметр 3 та 3,8 см, силікон	87	7	іграшки для чоловіків, подвійна кільце, кільце boners, boners classic cock, силіконове кільце, гіпоалергенний кільце, ерекційне кільце boners
SX2826	3152117549	0	0	10	161007	БДСМ-игрушки	2489.0	available	3	6	154	Нашийник з повідцем Liebe Seele White & Pink Fairy Goat Leather Collar, шкіра	77	3	бдсм іграшки, бдсм аксесуари, аксесуари для рольових ігор
SX2232	3152116552	0	0	30	161007	БДСМ-игрушки	799.0	available	4	4	485	Паддл Punishment - Purple Lips Paddle - Black	45	3	бдсм іграшки, бдсм аксесуари, аксесуари для рольових ігор
SO1801	3152110223	0	0	20	161013	Мастурбаторы	939.0	available	5	4	1047	Мастурбатор Kokos Haru	22	7	мастурбатори, іграшки для чоловіків, мастурбатор kokos, мастурбатор кокос, kokos haru, штучна вагіна kokos, гумова вагіна kokos
SX1375	3152115829	0	0	30	161014	Анальные пробки	1239.0	available	4	8	177	Анальна пробка Dorcel ONIX PLUG L	33	8	анальні пробки, анальні іграшки, анальна пробка dorcel, анальна пробка дорсель, dorcel onix plug, анальний плаг dorcel, анальний корок dorcel, пробка dorcel
SX2342	3152116988	2	0	30	161007	БДСМ-игрушки	489.0	available	5	3	572	Батіг Flogger Art of Sex, Білий, штучна шкіра	45	7	бдсм іграшки, бдсм аксесуари, батіг art of sex, батіг арт оф секс, art of sex flogger, білий батіг, розігрівальний батіг
SO3506	3152111497	0	0	10	161003	Лубриканты	859.0	available	9	5	1068	Змазка на водній основі JO GELATO White Chocolate Raspberry (120 мл) без цукру та парабенів	91	6	лубриканти, інтимна косметика, змазка водній, змазка водній джо, jo gelato white, білий змазка водній
SX1559	3152116018	0	0	10	161002	Возбуждающие средства	799.0	available	5	4	1651	Збуджувальний засіб спрей-пролонгатор Orgie Time Lag Delay Spray, 25 мл, без анестетиків, з пантенолом	102	6	збуджуючі засоби, інтимна косметика, збуджувальний засіб спрей-пролонгатор, збуджувальний засіб спрей-пролонгатор orgie, збуджувальний засіб спрей-пролонгатор оржі, orgie time lag
SX1209	3152115636	1	0	4	161018	Вакуумные стимуляторы	1979.0	available	9	5	2970	Вакуумний кліторальний стимулятор Satisfyer Mermaid Vibes Mint/Pink, 2 мотори, силікон	86	4	вакуумні стимулятори, satisfyer mermaid vibes, безконтактний стимулятор satisfyer, хвильовий стимулятор satisfyer
SO2619	3152110777	0	0	10	161003	Лубриканты	579.0	available	7	5	1083	Лубрикант на водній основі JO H2O — Candy Shop — Bubblegum (60 мл) без цукру та парабенів	89	6	лубриканти, інтимна косметика, лубрикант джо, jo h2o candy, лубрикант на водній основі, засоби для інтимної гігієни
SO4929	3152112359	0	0	30	161011	Вибраторы	2689.0	available	11	7	3303	Смарт-вібратор для пар Satisfyer Double Love (Blue), силікон	60	8	вібратори, інтимні іграшки, вібратор для пар, вібратор для пар satisfyer, вібратор для пар сатисфаєр, satisfyer double love, синій вібратор для пар, силіконовий вібратор для пар
SO6670	3152113268	0	0	30	161011	Вибраторы	6699.0	available	11	10	3258	Смартвібратор для пар Zalo — Fanfan Bright Red, силікон	55	9	вібратори, інтимні іграшки, для пар, для пар для клітора, для пар zalo, для пар зало, zalo fanfan bright, силіконовий для пар, для пар 8 режимів
SO4296	3152112061	1	0	30	161018	Вакуумные стимуляторы	2969.0	available	6	10	1183	Вакуумний KISSTOY стимулятор KISTOY K-King Pink, силікон	56	9	вакуумні стимулятори, вакуумний стимулятор kisstoy, kisstoy kistoy k-king, рожевий вакуумний стимулятор, рожевий вакуумний стимулятор kisstoy, силіконовий вакуумний стимулятор, вакуумний стимулятор 3 режимів, безконтактний стимулятор kisstoy, хвильовий стимулятор kisstoy
SX3227	3152117770	0	0	8	16102102	Тренажеры Кегеля	3269.0	available	11	10	4402	Тренажер Кегеля смарт-віброяйце Magic Motion Flamingo Max Blue 2 в 1: віброяйце та тренажер Кегеля, 10 режимів	110	9	тренажери кегеля, тренажери для жінок, віброяйця для клітора, віброяйця magic motion, magic motion flamingo max, синя віброяйця, синя віброяйця magic motion, силіконова віброяйця, віброяйця 10 режимів
SO3552	3152111502	0	0	4	161011	Вибраторы	1639.0	available	10	2	2314	Вібратор морозиво-спінатор Satisfyer Lay-On - Sweet Treat Pink/Brown, 10 режимів роботи, водонепроникний	104	9	вібратори, інтимні іграшки, вібратор для клітора, вібратор satisfyer, вібратор сатисфаєр, satisfyer lay-on sweet, рожевий вібратор, рожевий вібратор satisfyer, вібратор на акумуляторі
SO6674	3152113272	0	0	0	161011	Вибраторы	4299.0	available	13	9	2651	Вібратор для точки G із підігрівом Zalo Sweet Magic - Courage Fairy Pink, діаметр 3,4 см	88	9	вібратори, інтимні іграшки, вібратор для точки g, вібратор zalo, вібратор зало, zalo sweet magic, рожевий вібратор, рожевий вібратор zalo, силіконовий вібратор
SO6959	3152113510	0	0	0	161011	Вибраторы	5629.0	available	11	10	2320	Смарт-вібратор для точки G We-Vibe Rave G-Spot, діаметр 3,5 см	62	7	вібратори, інтимні іграшки, смарт-вібратор для точки g, смарт-вібратор we-vibe, смарт-вібратор ві вайб, we-vibe rave g-spot, силіконовий смарт-вібратор
SO8813	3152114450	0	0	3	161007	БДСМ-игрушки	2759.0	available	9	9	1396	Набір БДСМ Bedroom Fantasies: Kinky Bondage Set 5-piece, наручники, поножі, пов’язка, флогер, свічки, метал	107	6	бдсм іграшки, бдсм аксесуари, набір бдсм наручники, металеві набір бдсм наручники, бдсм наручники, аксесуари для рольових ігор
SO5180	3152112461	0	0	30	161007	БДСМ-игрушки	4899.0	available	4	5	524	Нашийник з натуральної шкіри Art of Sex -  Collar Butterfly, метал	66	7	бдсм іграшки, бдсм аксесуари, нашийник art of sex, нашийник арт оф секс, металевий нашийник, нашийник для рольових ігор, нашийник для домінування
SO8701	3152114264	0	0	3	161017	Вакуумные помпы	589.0	available	3	4	2000	Вакуумна Men Powerup помпа для вульви Pussy Pump Premium Fun розмір S (11 см), механічний насос	95	5	вакуумні помпи, стимулятори клітора, вакуумна помпа, вакуумна помпа men powerup, men powerup pussy pump
SO4519	3152112127	0	0	5	161010	Фаллоимитаторы	1979.0	available	9	3	1331	Реалістичний фалоімітатор Strap-On-Me Soft REALISTIC DILDO Violet - Size S, діаметр 3,6 см	90	9	фалоімітатори, інтимні іграшки, фалоімітатор strap-on-me, фалоімітатор страп он мі, strap-on-me soft realistic, фіолетовий фалоімітатор, фіолетовий фалоімітатор strap-on-me, силіконовий фалоімітатор, водонепроникний фалоімітатор
SO3551	3152111501	0	0	4	161011	Вибраторы	1639.0	available	10	2	2314	Вібратор морозиво-спінатор Satisfyer Lay-On - Sweet Treat Black/Gold, 10 режимів роботи, водонепроникний	104	9	вібратори, інтимні іграшки, вібратор для клітора, вібратор satisfyer, вібратор сатисфаєр, satisfyer lay-on sweet, чорний вібратор, чорний вібратор satisfyer, вібратор на акумуляторі
SO5431	3163422124	0	0	30	161011	Вибраторы	1169.0	available	11	7	1902	Мінівібратор Satisfyer Ultra Power Bullet 5 Black, силікон	58	9	вібратори, інтимні іграшки, мінівібратор для клітора, мінівібратор satisfyer, мінівібратор сатисфаєр, satisfyer ultra power, чорний мінівібратор, чорний мінівібратор satisfyer, силіконовий мінівібратор
SO6610	3152113214	0	0	30	161007	БДСМ-игрушки	169.0	available	4	3	957	Лоскітка з пером півня Art of Sex – Feather Paddle, червона, пластик	68	4	бдсм іграшки, бдсм аксесуари, лоскітка пером, аксесуари для рольових ігор
SX2664	3152117129	0	0	2	161011	Вибраторы	2799.0	available	6	4	508	Вібромассажер Climaximum Aurora	31	6	вібратори, інтимні іграшки, вагінальний вібромассажер, вібромассажер climaximum, climaximum aurora, вібромассажер на водній основі
SX1371	3152115825	0	0	23	1767	Эротические подарки	629.0	available	1	2	863	Пестис з дзвіночками на соски Paris Hollywood Cache Tetons Clochettes	69	3	еротична білизна, пестис для рольових ігор, жіноча еротична білизна
SO3622	3152111525	0	0	10	161018	Вакуумные стимуляторы	2099.0	available	10	8	2395	Вакуумний KISSTOY стимулятор з вібрацією KISTOY Miss CC Pink, можна використовувати як вібратор, діам. 3,6см	108	9	вакуумні стимулятори, вакуумний стимулятор kisstoy, kisstoy kistoy miss, рожевий вакуумний стимулятор, рожевий вакуумний стимулятор kisstoy, силіконовий вакуумний стимулятор, вакуумний стимулятор на акумуляторі, вакуумний стимулятор 10 режимів, вакуумний стимулятор з вібрацією
SO7660	3152113801	0	0	9	161011	Вибраторы	1239.0	available	11	5	2245	Кліторальний вібратор SugarBoo Blue Bae, працює від батарейок (у комплекті), силікон	84	9	вібратори, інтимні іграшки, кліторальний вібратор, кліторальний вібратор для клітора, кліторальний вібратор sugarboo, sugarboo blue bae, синій кліторальний вібратор, синій кліторальний вібратор sugarboo, силіконовий кліторальний вібратор
SO8628	3152114239	0	0	4	161013	Мастурбаторы	2689.0	available	11	7	4635	Смарт-мастурбатор з вібрацією Satisfyer Men Vibration+, 2 мотори, 14 режимів, водонепроникний	93	9	мастурбатори, іграшки для чоловіків, вагінальний смарт-мастурбатор, смарт-мастурбатор satisfyer, смарт-мастурбатор сатисфаєр, satisfyer men vibration, силіконовий смарт-мастурбатор, смарт-мастурбатор на акумуляторі, смарт-мастурбатор 14 режимів
SO2115	3152110304	0	0	0	161011	Вибраторы	1199.0	available	14	5	1091	Вібратор Rocks Off RO-160mm 10 Rouge Allure, діаметр 3,2 см	59	8	вібратори, інтимні іграшки, вагінальний вібратор, вібратор rocks off, вібратор рокс оф, rocks off ro-160mm rouge, силіконовий вібратор, водонепроникний вібратор
SO1594	3152110162	0	0	8	161011	Вибраторы	1099.0	available	10	5	744	Вібромасажер Big Teaze Toys качечка I Rub My Duckie - Classic Yellow v2.0, скромняжка, pvc (поливинилхлорид)	108	6	вібратори, інтимні іграшки, вібромасажер для клітора, вібромасажер big teaze toys, водонепроникний вібромасажер, вібромасажер 7 режимів
SO8779	3152114420	2	0	9	161011	Вибраторы	1769.0	available	10	6	2632	Вібратор для точки G Satisfyer G-Force Violet, 10 режимів + 5 рівнів інтенсивності, силікон	91	9	вібратори, інтимні іграшки, вібратор для точки g, вібратор satisfyer, вібратор сатисфаєр, satisfyer g-force violet, фіолетовий вібратор, фіолетовий вібратор satisfyer, силіконовий вібратор
SO6698	3152113290	0	0	10	161007	БДСМ-игрушки	759.0	available	4	4	467	Нашийник з повідцем із натуральної шкіри із заклепками Art of Sex - Jenna Collar with Leash, чорний	99	5	бдсм іграшки, бдсм аксесуари, нашийник art of sex, нашийник арт оф секс, аксесуари для рольових ігор
SX0912	3152115511	0	0	10	161007	БДСМ-игрушки	2999.0	available	5	10	2475	Маска-збруя для мінету з повідцем LOCKINK SEVANDA Blowjob Head Muzzle with Leash, чорна, метал	94	8	бдсм іграшки, бдсм аксесуари, маска-збруя lockink, lockink sevanda blowjob, чорна маска-збруя, чорна маска-збруя lockink, металева маска-збруя, маска-збруя для домінування
SX4616	3152115915	0	0	30	161016	Насадки на член и эрекционные кольца	579.0	available	6	6	466	Насадка на член Kokos Cock Sleeve CS 005 S	42	5	іграшки для чоловіків, насадка член, насадка член kokos, насадка член кокос, kokos cock sleeve
SO2648	3152110793	0	0	30	161007	БДСМ-игрушки	929.0	available	4	9	1341	Чокер Bijoux Indiscrets MAZE – Wide Chocker Black, тканина	58	6	бдсм іграшки, бдсм аксесуари, чокер bijoux indiscrets, чокер біжу ендіскре, bijoux indiscrets maze wide, аксесуари для рольових ігор
SO4953	3152112364	0	0	30	161018	Вакуумные стимуляторы	3469.0	available	7	2	1934	Вакуумний KISSTOY вібратор KISTOY Tina Mini Violet, вагінально-кліторальний	75	9	вакуумні стимулятори, інтимні іграшки, вакуумний вібратор, вакуумний вібратор kisstoy, kisstoy kistoy tina, фіолетовий вакуумний вібратор, фіолетовий вакуумний вібратор kisstoy, вакуумний вібратор на акумуляторі, вакуумний вібратор 3 режимів
SO4664	3152112192	0	0	8	161016	Насадки на член и эрекционные кольца	379.0	available	7	3	1163	Подвійне ерекційне кільце з обхватом для мошонки Fetish Tentation Double Сockring, поліуретан	93	5	іграшки для чоловіків, подвійна кільце, кільце fetish tentation, fetish tentation double, ерекційне кільце fetish tentation
SO5544	3152112535	2	0	30	161011	Вибраторы	2839.0	available	14	6	3338	Смарт вібратор-кролик із підігрівом Satisfyer Hot Lover Pink, силікон	69	9	вібратори, інтимні іграшки, вібратор-кролик для клітора, вібратор-кролик satisfyer, вібратор-кролик сатисфаєр, satisfyer hot lover, рожевий вібратор-кролик, рожевий вібратор-кролик satisfyer, силіконовий вібратор-кролик
SX3232	3152117774	0	0	22	161013	Мастурбаторы	2899.0	available	5	8	532	Мастурбатор Kokos Onahole Edition 004 by Vanilla Vibe	53	9	мастурбатори, іграшки для чоловіків, вагінальний мастурбатор, мастурбатор kokos, мастурбатор кокос, kokos onahole edition, мастурбатор на водній основі, штучна вагіна kokos, гумова вагіна kokos
SO2735	3152110845	0	0	8	161011	Вибраторы	2099.0	available	13	10	1843	Мінівібромасажер PalmPower Pocket із чохлом на блискавці, водостійкий, перезаряджуваний, довжина 9см	100	9	вібратори, інтимні іграшки, вагінальний мінівібромасажер, мінівібромасажер palmpower, palmpower pocket, силіконовий мінівібромасажер, мінівібромасажер на акумуляторі, водонепроникний мінівібромасажер, мінівібромасажер 7 режимів
SO6318	3152113139	0	0	26	161014	Анальные пробки	869.0	available	7	2	1497	Металева анальна пробка Кролячий хвостик Alive Fluffy Plug L Black, діаметр 3,9 см	82	9	анальні пробки, анальні іграшки, металева анальна пробка, металева анальна пробка alive, металева анальна пробка елайв, alive fluffy plug, чорна металева анальна пробка, анальний плаг alive, анальний корок alive
SX0977	3152115564	0	0	1	161012	Страпоны	5399.0	available	12	6	2860	Безремінний страпон з вібрацією Fun Factory SHARE VIBE PRO cool grey, регульований, діаметр 4,1 см	98	9	страпони, бдсм аксесуари, безремінний страпон, безремінний страпон fun factory, безремінний страпон фан факторі, fun factory share vibe, силіконовий безремінний страпон, безремінний страпон на акумуляторі, водонепроникний безремінний страпон
SX0838	3152115450	0	0	2	161007	БДСМ-игрушки	1499.0	available	6	8	2810	Тиклер зі змінними насадками LOCKINK 5-head Flirting Tickler, золотистий корпус, 5 наконечників, силікон	104	6	бдсм іграшки, іграшки для чоловіків, тиклер змінними насадками, тиклер змінними насадками lockink, lockink flirting tickler, силіконові тиклер змінними насадками
SO2790	3152110859	0	0	18	161010	Фаллоимитаторы	4699.0	available	9	3	1481	Фалоімітатор Doc Johnson The Realistic Cock 6 inch Black - ULTRASKYN, діаметр 4,3 см, Vac-U-Lock	96	9	фалоімітатори, інтимні іграшки, подвійний фалоімітатор, фалоімітатор doc johnson, фалоімітатор док джонсон, doc johnson the realistic, чорний фалоімітатор, чорний фалоімітатор doc johnson, фалос реалістичний doc johnson
SO2978	3152110932	9	0	20	161007	БДСМ-игрушки	5069.0	available	5	5	1253	Утяжка для пеніса Mystim Plunging Pete, позолочена, з двома кульками і коротким уретральним зондом, силікон	107	6	бдсм іграшки, бдсм аксесуари, утяжка mystim, утяжка містім, mystim plunging pete, силіконова утяжка
SO6037	3152112808	0	0	0	161018	Вакуумные стимуляторы	4999.0	available	10	8	2831	Пульсатор KISSTOY з вакуумним стимулятором KISTOY Cathy White на гнучкому з'єднанні, діаметр 4,2 см	99	8	вакуумні стимулятори, пульсатор вакуумним стимулятором, анальний пульсатор вакуумним стимулятором, подвійний пульсатор вакуумним стимулятором, пульсатор вакуумним стимулятором kisstoy, kisstoy kistoy cathy, білий пульсатор вакуумним стимулятором, силіконовий пульсатор вакуумним стимулятором
SO6083	3152112835	0	0	1	16102104	Массажеры простаты	2689.0	available	9	4	2854	Смарт-масажер простати Satisfyer Deep Diver Grey, діаметр 3,3 см	64	7	масажери простати, анальні іграшки, смарт-масажер satisfyer, смарт-масажер сатисфаєр, satisfyer deep diver, силіконовий смарт-масажер, смарт-масажер 12 режимів
SO9507	3152114803	0	0	2	161007	БДСМ-игрушки	1939.0	available	8	9	2727	Набір Liebe Seele Pink G lossy 7pcs Bondage Kit, фіксатори, нашийник з повідцем, кляп, флогер, маска	100	4	бдсм іграшки, бдсм аксесуари, рожевий набір, аксесуари для рольових ігор
SO5554	3152112543	3	0	20	161010	Фаллоимитаторы	869.0	available	7	2	1607	Прозорий фалоімітатор Alive Jelly Dildo Empire, діаметр 4,3см, ТПЕ, присоска, довжина 19,3см	92	9	фалоімітатори, інтимні іграшки, прозорий фалоімітатор, прозорий фалоімітатор alive, прозорий фалоімітатор елайв, alive jelly dildo, tpe прозорий фалоімітатор, фалос реалістичний alive, дildo alive
SO3084	3152111371	0	0	7	161011	Вибраторы	1979.0	available	11	6	797	Потужний мінівібратор Love To Love Delight Me Menthe з м'яким кінчиком, 16 режимів роботи, силікон	98	8	вібратори, інтимні іграшки, міні-вібратор для клітора, міні-вібратор love to love, міні-вібратор лав ту лав, силіконовий міні-вібратор, міні-вібратор на акумуляторі, міні-вібратор 16 режимів
SO6257	3152113096	0	0	27	161010	Фаллоимитаторы	3969.0	available	8	7	1783	Реалістичний фалоімітатор Strap-On-Me Sliding Skin Realistic Dildo Fuchsia L, ефект рухливої шкіри	98	8	фалоімітатори, інтимні іграшки, фалоімітатор strap-on-me, фалоімітатор страп он мі, strap-on-me sliding skin, силіконовий фалоімітатор, фалос реалістичний strap-on-me, дildo strap-on-me
SX0854	3152115466	0	0	10	161007	БДСМ-игрушки	5669.0	available	4	10	2633	Маска на очі LOCKINK Vixen Blindfold, коричнева, натуральна шкіра, регульований обсяг, метал	92	6	бдсм іграшки, бдсм аксесуари, маска очі, маска очі lockink, lockink vixen blindfold, металеві маска очі
SX2663	3152117128	0	0	0	161011	Вибраторы	5899.0	available	10	10	5687	Міні смарт-віброяйце Lovense Lush Mini, зменшена версія Lovense Lush 4, діаметр 3,1 см	86	9	вібратори, інтимні іграшки, вагінальний віброяйця, віброяйця lovense, віброяйця ловенс, lovense lush mini, силіконова віброяйця, віброяйця 7 режимів, вагінальна кулька lovense
SO1778	3152110212	0	0	30	161003	Лубриканты	859.0	available	7	5	1076	Змазка на водній основі JO H2O — Vanilla Cream (120 мл) без цукру, рослинний гліцерин	85	6	лубриканти, інтимна косметика, змазка водній, змазка водній джо, jo h2o vanilla, засоби для інтимної гігієни
SO2443	3152110738	0	0	6	161016	Насадки на член и эрекционные кольца	2169.0	available	9	4	1181	Ерекційне віброкільце Bathmate Vibe Ring Stretch, широке, може бути обмежувачем, tpe	84	8	іграшки для чоловіків, ерекційне віброкільце, вагінальний ерекційне віброкільце, ерекційне віброкільце bathmate, ерекційне віброкільце батмейт, bathmate vibe ring, tpe ерекційне віброкільце, ерекційне кільце bathmate
SX4015	3152118707	0	0	10	161003	Лубриканты	699.0	available	8	2	463	Лубрикант спрей для посилення слиновиділення EXSENS Wet Kiss Pomegranate 15 мл	78	5	лубриканти, інтимна косметика, спрей exsens, exsens wet kiss, засоби для інтимної гігієни
SX3952	3152118658	0	0	30	161010	Фаллоимитаторы	3629.0	available	4	7	560	Фалоімітатор SilexD Fantasy - Angel 9", двошаровий, силікон+Silexpan	68	9	фалоімітатори, інтимні іграшки, фалоімітатор silexd, фалоімітатор сілексд, silexd fantasy angel, силіконовий фалоімітатор, фалоімітатор на водній основі, фалос реалістичний silexd, дildo silexd
SO6304	3152113129	0	0	10	15131004	Менструальные чаши	369.0	available	5	3	4280	Менструальна чаша Femintimate Eve Cup New розмір M, об’єм — 35 мл, ергономічний дизайн, діаметр 4 см	100	6	менструальні чаші, жіноча гігієна, менструальна чаша, менструальна чаша femintimate, femintimate eve cup, силіконова менструальна чаша
SX3459	3152118264	0	0	30	161007	БДСМ-игрушки	1389.0	available	4	4	804	Чоловіча портупея Art of Sex - Spartacus, натуральна шкіра, колір чорний, розмір L-2XL, метал	93	4	бдсм іграшки, бдсм аксесуари, портупея art, аксесуари для рольових ігор
SX2271	3152116591	1	0	5	161601	Женская парфюмерия	989.0	available	2	4	144	Стимулювальний блиск для губ Love To Love Love Potion - Gloss Sensuel 8 мл	74	3	парфумерія з феромонами, інтимна косметика, стимулювальний блиск
SO6997	3152113540	0	0	13	161011	Вибраторы	3299.0	available	12	10	2838	Вібратор для точки G з інтелектуальним режимом Svakom Amy 2 Violet, силікон	75	9	вібратори, інтимні іграшки, вібратор для точки g, вібратор svakom, вібратор сваком, svakom amy violet, фіолетовий вібратор, фіолетовий вібратор svakom, силіконовий вібратор
SO3470	3152111477	0	0	10	161011	Вибраторы	4599.0	available	12	10	1658	Потужний вібратор Mystim Terrific Truman Purple з двома моторами і вираженою головкою, силікон	94	9	вібратори, інтимні іграшки, вагінальний вібратор, вібратор mystim, вібратор містім, mystim terrific truman, фіолетовий вібратор, фіолетовий вібратор mystim, силіконовий вібратор
SO3868	3152111985	0	0	10	161011	Вибраторы	2629.0	available	10	7	1241	Вібромасажер Rianne S: Bella Mini Wand Rose, 10 режимів, медичний силікон, подарункове паковання	96	9	вібратори, інтимні іграшки, вагінальний вібромасажер, вібромасажер rianne s, rianne s bella mini, силіконовий вібромасажер, водонепроникний вібромасажер, вібромасажер 10 режимів, подарунковий набір
SO8919	3152114523	0	0	10	1767	Эротические подарки	649.0	available	3	5	1064	Еротична FunGamesShop гра «Ти + Я: Дівочі посиденьки» (UA), ламінований картон	78	4	еротичні подарунки, еротичні сувеніри, еротична гра, еротична гра fungamesshop
SO9610	3152114851	0	0	0	1767	Эротические подарки	349.0	available	3	4	821	Еротична FlixPlay гра «Хочу тебе» (UA)	38	4	еротичні подарунки, еротичні сувеніри, еротична гра, еротична гра flixplay
SO5437	3163422126	0	0	20	161011	Вибраторы	1769.0	available	13	6	3294	Смарт міні-вібратор Satisfyer Ultra Power Bullet 8 Turquoise, силікон	69	9	вібратори, інтимні іграшки, смарт для клітора, смарт satisfyer, смарт сатисфаєр, satisfyer ultra power, силіконовий смарт, водонепроникний смарт, смарт 12 режимів
SX4491	3152119313	0	0	4	161013	Мастурбаторы	1199.0	available	4	8	139	Мастурбатор Doc Johnson Palm Pal Virgin Stroker with Pop Her Cherry Juice	73	7	мастурбатори, іграшки для чоловіків, мастурбатор doc johnson, мастурбатор док джонсон, doc johnson palm pal, штучна вагіна doc johnson, гумова вагіна doc johnson
SX2302	3152116950	0	0	16	161017	Вакуумные помпы	919.0	available	3	3	297	Пом'якшувальний Bathmate майданчик з довгою вставкою для Hydromax X50 (Hydromax 11)	83	5	вакуумні помпи, пом'якшувальний майданчик, пом'якшувальний майданчик bathmate, пом'якшувальний майданчик батмейт, bathmate hydromax x50
SX2694	3152117159	0	0	5	161011	Вибраторы	6239.0	available	15	10	3361	Смарт-вібратор Zalo Ares Obsidian Black, підігрів, 3 мотори, язичок для клітора, стимуляція точки G	99	9	вібратори, інтимні іграшки, смарт-вібратор для точки g, смарт-вібратор zalo, смарт-вібратор зало, zalo ares obsidian, чорний смарт-вібратор, чорний смарт-вібратор zalo, силіконовий смарт-вібратор
SO6279	3163432136	0	0	0	161014	Анальные пробки	2639.0	available	11	9	3960	Анальна смарт-вібропробка із перлинним масажем Satisfyer Rotator Plug 2+ Black, діаметр 3,5 см	94	9	анальні пробки, анальні іграшки, анальна смарт-вібропробка, анальна смарт-вібропробка satisfyer, анальна смарт-вібропробка сатисфаєр, satisfyer rotator plug, чорна анальна смарт-вібропробка, чорна анальна смарт-вібропробка satisfyer, силіконова анальна смарт-вібропробка
SO9747	3152114909	0	0	20	161007	БДСМ-игрушки	1839.0	available	4	3	1195	Шкіряний чокер з манжетами Art of Sex - Leather Chezarro, метал	63	5	бдсм іграшки, бдсм аксесуари, шкіряний чокер, металевий шкіряний чокер, аксесуари для рольових ігор
SO5568	3152112555	0	0	10	161018	Вакуумные стимуляторы	2099.0	available	6	7	2209	Розкішний вакуумний кліторальний стимулятор Pillow Talk - Dreamy Pink із кристалом Swarovski, силікон	101	4	вакуумні стимулятори, pillow talk dreamy pink, безконтактний стимулятор pillow talk, хвильовий стимулятор pillow talk
SX4305	3152119153	0	0	0	161013	Мастурбаторы	2139.0	available	9	6	2111	Мастурбатор для головки пеніса Fun Factory COBRA LIBRE II Nightblue, 2 мотори, гра без рук, діаметр 4,3 см	106	9	мастурбатори, іграшки для чоловіків, мастурбатор для клітора, мастурбатор fun factory, мастурбатор фан факторі, fun factory cobra libre, силіконовий мастурбатор, водонепроникний мастурбатор, мастурбатор 11 режимів
SX1201	3152115628	0	0	2	161011	Вибраторы	2099.0	available	11	5	2283	Вібратор для точки G Rocks Off Chaiamo G Black, 10 режимів, діаметр 3 см	72	9	вібратори, інтимні іграшки, вібратор для точки g, вібратор rocks off, вібратор рокс оф, rocks off chaiamo black, чорний вібратор, чорний вібратор rocks off, силіконовий вібратор
SO1608	3152110163	0	0	30	1507	Батарейки	29.0	available	3	3	249	Батарейка GP LR44	17	2	батарейки, gp lr44
SO8138	3152113981	0	0	0	161011	Вибраторы	3999.0	available	13	9	2011	Вібратор для точки G Mystim Right on Ron Rose, 8 режимів, дуже потужний, діаметр 3,7 см	87	9	вібратори, інтимні іграшки, вібратор для точки g, вібратор mystim, вібратор містім, mystim right ron, силіконовий вібратор, вібратор на акумуляторі, водонепроникний вібратор
SX1556	3152116015	0	0	10	161002	Возбуждающие средства	1479.0	available	3	4	2917	Набір олій для тантричного масажу Orgie – Tantric Mini Size Collection (3х30 мл), зволоження	92	5	збуджуючі засоби, інтимна косметика, набір orgie, набір оржі, orgie tantric mini
SX3475	3152118273	0	0	4	161013	Мастурбаторы	10349.0	available	6	10	1563	Мастурбатор-півторс Naked Factory BARBIE, вагіна + анус, 2 канали, дуже реалістичний, наскрізний, tpe	101	7	мастурбатори, іграшки для чоловіків, мастурбатор naked factory, naked factory barbie tpe, tpe мастурбатор, штучна вагіна naked factory, гумова вагіна naked factory
SO9931	3152114971	0	0	0	161011	Вибраторы	2499.0	available	12	9	801	Вібратор Adrien Lastic Caress Blue з насадками для стимуляції ерогенних зон, які обертаються., діаметр 5,5 см	109	9	вібратори, інтимні іграшки, вібратор для клітора, вібратор adrien lastic, вібратор адрієн ластік, adrien lastic caress blue, синій вібратор, синій вібратор adrien lastic, силіконовий вібратор
SO4596	3152112179	0	0	30	161011	Вибраторы	2349.0	available	9	10	1809	Мінівібромасажер Rosy Gold — Nouveau Mini Massager, силікон	59	9	вібратори, інтимні іграшки, вагінальний мінівібромасажер, мінівібромасажер rosy gold, rosy gold nouveau mini, золотий мінівібромасажер, золотий мінівібромасажер rosy gold, силіконовий мінівібромасажер, мінівібромасажер 10 режимів
SO8869	3152114492	0	0	3	161013	Мастурбаторы	2299.0	available	10	7	2242	Мастурбатор Boners Vibrating Handjob Stroker, 10 режимів, відкрита конструкція, силікон	87	9	мастурбатори, іграшки для чоловіків, вагінальний мастурбатор, мастурбатор boners, boners vibrating handjob, силіконовий мастурбатор, мастурбатор на акумуляторі, водонепроникний мастурбатор, мастурбатор 10 режимів
SO2497	3152110761	0	0	30	161003	Лубриканты	1339.0	available	9	3	731	Розігрівальна олія Shunga Aphrodisiac Warming Oil – Sparkling Strawberry Wine (100 мл) без цукру	96	7	збуджуючі засоби, засоби для масажу, розігрівальна олія, розігрівальна олія shunga, розігрівальна олія шунга, shunga aphrodisiac warming, масло для масажу shunga
SX0528	3152115134	0	0	10	161011	Вибраторы	4819.0	available	10	10	2806	Смарт-вібратор для пар We-Vibe Sync GO Turquoise, тревел-кейс, силікон	70	7	вібратори, інтимні іграшки, вібратор для пар, подвійний вібратор для пар, вібратор для пар we-vibe, we-vibe sync turquoise, силіконовий вібратор для пар
SO6893	3152113479	0	0	10	161002	Возбуждающие средства	1489.0	available	3	6	2105	Пінлива сіль для ванни Shunga Dead Sea salt Oriental Crystals — Rose Petal (500 г), Мертвого моря	97	6	збуджуючі засоби, інтимна косметика, пінлива сіль, пінлива сіль shunga, пінлива сіль шунга, shunga dead sea
SO1880	3152110254	0	0	20	161007	БДСМ-игрушки	549.0	available	4	3	552	Чокер з кільцем для повідця Bijoux Pour Toi - FETISH Red, екошкіра, поліуретан	78	4	бдсм іграшки, бдсм аксесуари, чокер bijoux pour toi, аксесуари для рольових ігор
SX1712	3152116454	0	0	7	161007	БДСМ-игрушки	2879.0	available	4	8	1609	Комплект портупея Leg Avenue Vegan Leather Harness Top and Garter S, екошкіра, бордовий, поліуретан	99	4	бдсм іграшки, бдсм аксесуари, leg avenue vegan leather, аксесуари для рольових ігор
SX3301	3152118184	0	0	10	161018	Вакуумные стимуляторы	1439.0	available	8	10	1995	Вакуумний стимулятор Fun Factory Seduction Ice Blue, 11 режимів роботи, перезаряджуваний, силікон	97	9	вакуумні стимулятори, вакуумний стимулятор fun factory, вакуумний стимулятор фан факторі, fun factory seduction ice, синій вакуумний стимулятор, силіконовий вакуумний стимулятор, вакуумний стимулятор 11 режимів, безконтактний стимулятор fun factory, хвильовий стимулятор fun factory
SX1322	3152115804	0	0	20	161013	Мастурбаторы	2139.0	available	4	7	149	Набір для мінету Doc Johnson GoodHead Grapefruit Blowjob Set - Yellow	69	5	мастурбатори, іграшки для чоловіків, набір doc johnson, набір док джонсон, doc johnson goodhead grapefruit
SO3562	3152111506	0	0	4	161013	Мастурбаторы	2129.0	available	3	8	2465	Мастурбатор Tenga Geo Glacier, новий матеріал, інтенсивні блоки, новий рівень розвитку Tenga Egg, abs-пластик	109	9	мастурбатори, іграшки для чоловіків, мастурбатор tenga, мастурбатор тенга, tenga geo glacier, пластиковий мастурбатор, мастурбатор на водній основі, штучна вагіна tenga, гумова вагіна tenga
SX3700	3152118514	0	0	10	161011	Вибраторы	1199.0	available	12	4	2812	Накладний вібратор Fun Factory LAYA III Black, ефект постукування пальцем, силікон	82	9	вібратори, інтимні іграшки, накладний вібратор, накладний вібратор для клітора, накладний вібратор fun factory, накладний вібратор фан факторі, fun factory laya iii, чорний накладний вібратор, силіконовий накладний вібратор
SO9971	3152115097	0	0	4	161010	Фаллоимитаторы	3179.0	available	10	6	2753	Фалоімітатор для секс-машин Hismith 8.3″ Silicone Dildo Black, система KlicLok, гнучкий стрижень	96	9	фалоімітатори, інтимні іграшки, фалоімітатор hismith, фалоімітатор хісміт, hismith silicone dildo, чорний фалоімітатор, чорний фалоімітатор hismith, силіконовий фалоімітатор, фалос реалістичний hismith
SO9847	3152114946	0	0	30	161007	БДСМ-игрушки	1269.0	available	5	5	1197	Сексуальна портупея жіноча Art of Sex - Roxi, розмір XS-2XL, колір чорний, метал	80	3	бдсм іграшки, бдсм аксесуари, аксесуари для рольових ігор
SO4552	3152112152	0	0	15	161013	Мастурбаторы	719.0	available	4	8	2871	Мастурбатор Tenga Rolling Head Cup Gentle з інтенсивною стимуляцією головки, поліуретан	87	7	мастурбатори, іграшки для чоловіків, мастурбатор tenga, мастурбатор тенга, tenga rolling head, штучна вагіна tenga, гумова вагіна tenga
SX2735	3152117185	0	0	1	161013	Мастурбаторы	1999.0	available	3	7	3002	Мастурбатор Tenga Spinner DX 03 Steps, з пружною стимулювальною спіраллю всередині, потужний вплив, tpe	103	9	мастурбатори, іграшки для чоловіків, мастурбатор tenga, мастурбатор тенга, tenga spinner steps, tpe мастурбатор, мастурбатор на водній основі, штучна вагіна tenga, гумова вагіна tenga
SO8712	3152114275	0	0	1	161018	Вакуумные стимуляторы	2589.0	available	8	5	2981	Віброяйце KISSTOY з вакуумним стимулятором KISTOY Cathy Mini на гнучкому зчепленні, підігрів, діаметр 3 см	106	6	вакуумні стимулятори, віброяйце вакуумним стимулятором, віброяйце вакуумним стимулятором kisstoy, kisstoy kistoy cathy, силіконовий віброяйце вакуумним стимулятором, водонепроникний віброяйце вакуумним стимулятором
SO8022	3152113909	0	0	0	161011	Вибраторы	7199.0	available	9	2	879	Вібромасажер DOXY Die Cast 3 PINEAPPLE, дуже потужний, живлення 220В, металевий корпус, діаметр 2,8 см	102	6	вібратори, інтимні іграшки, вагінальний вібромасажер, вібромасажер doxy, doxy die cast, силіконовий вібромасажер
SX1604	3152116392	0	0	0	161011	Вибраторы	1689.0	available	12	5	2744	Вібратор S Pleasures Bullets Amethyst, діаметр 2,8 см, фіолетовий, з двома відростками, 10 режимів	98	9	вібратори, інтимні іграшки, вібратор для клітора, вібратор s pleasures, s pleasures bullets amethyst, фіолетовий вібратор, фіолетовий вібратор s pleasures, силіконовий вібратор, вібратор на акумуляторі
SO7026	3152113557	0	0	10	161010	Фаллоимитаторы	1739.0	available	9	10	2647	Фалоімітатор SilexD Johnny Pink Glow in the dark, діаметр 3,5см, двошаровий, силікон+Silexpan	93	9	фалоімітатори, інтимні іграшки, фалоімітатор silexd, фалоімітатор сілексд, silexd johnny pink, рожевий фалоімітатор, рожевий фалоімітатор silexd, силіконовий фалоімітатор, фалос реалістичний silexd
SO3113	3152111381	0	0	10	161014	Анальные пробки	1829.0	available	11	6	2383	Анальна смарт-пробка Magic Motion Equinox з присоскою, макс. діаметр 3,5 см	75	9	анальні пробки, анальні іграшки, анальна смарт-пробка, анальна смарт-пробка magic motion, magic motion equinox, силіконова анальна смарт-пробка, анальна смарт-пробка на акумуляторі, водонепроникна анальна смарт-пробка, анальна смарт-пробка 7 режимів
SO5868	3152112707	0	0	27	161007	БДСМ-игрушки	369.0	available	5	3	511	Затискач для сосків та клітора Art of Sex - Nipple and clit clamps Felicia, метал	81	3	бдсм іграшки, бдсм аксесуари, аксесуари для рольових ігор
SO6242	3152113078	0	0	10	161011	Вибраторы	3969.0	available	12	5	2968	Вібратор у трусики Dorcel Discreet VIBE XXL, підігрів та пульт ДК, трусики в комплекті, силікон	95	9	вібратори, інтимні іграшки, вагінальний вібратор, вібратор dorcel, вібратор дорсель, dorcel discreet vibe, силіконовий вібратор, вібратор 10 режимів, вібратор з пультом
SX4476	3152119298	0	0	30	161010	Фаллоимитаторы	2489.0	available	3	10	156	Фалоімітатор Doc Johnson The Realistic Cock ULTRASKYN - 7 Inch Vanilla	70	7	фалоімітатори, інтимні іграшки, фалоімітатор doc johnson, фалоімітатор док джонсон, doc johnson the realistic, фалос реалістичний doc johnson, дildo doc johnson
SO2329	3152110700	5	0	12	161007	БДСМ-игрушки	539.0	available	4	3	799	Наручники Bijoux Indiscrets - Frou Frou Organza handcuffs, атлас і органза, подарункове паковання, метал	104	8	бдсм іграшки, бдсм аксесуари, наручники bijoux indiscrets, наручники біжу ендіскре, bijoux indiscrets frou frou, металеві наручники, подарунковий набір, бдсм наручники bijoux indiscrets
SO6088	3163422129	0	0	0	161018	Вакуумные стимуляторы	1959.0	available	10	4	2660	Вакуумний стимулятор із вібрацією Satisfyer Dual Crush Wine Red, діаметр 3,8 см	79	9	вакуумні стимулятори, вакуумний стимулятор satisfyer, вакуумний стимулятор сатисфаєр, satisfyer dual crush, червоний вакуумний стимулятор, червоний вакуумний стимулятор satisfyer, силіконовий вакуумний стимулятор, вакуумний стимулятор 11 режимів, вакуумний стимулятор з вібрацією
SO1270	3152109986	3	0	30	161016	Насадки на член и эрекционные кольца	399.0	available	7	4	809	Насадка на член Kokos Extreme Sleeve ES.01 розмір S, tpe	56	6	іграшки для чоловіків, насадка член, насадка член kokos, насадка член кокос, kokos extreme sleeve, tpe насадка член
SX4229	3152119114	3	0	14	161016	Насадки на член и эрекционные кольца	1159.0	available	9	8	3169	Вібратор на палець та ерекційне кільце 2в1 Satisfyer Perfect Pair 1, силікон	76	9	інтимні іграшки, вібратор для клітора, вібратор satisfyer, вібратор сатисфаєр, satisfyer perfect pair, силіконовий вібратор, вібратор 12 режимів, вібратор для пар, водонепроникний вібратор
SX3671	3152118370	0	0	16	161010	Фаллоимитаторы	1539.0	available	10	10	2657	Фалоімітатор Fun Factory BOUNCER Light Green, діаметр 3,9 см, кульки всередині, ефект вібрації	94	9	фалоімітатори, інтимні іграшки, фалоімітатор fun factory, фалоімітатор фан факторі, fun factory bouncer light, зелений фалоімітатор, зелений фалоімітатор fun factory, силіконовий фалоімітатор, водонепроникний фалоімітатор
SX1450	3152115900	0	0	30	161016	Насадки на член и эрекционные кольца	619.0	available	5	4	496	Насадка на член Kokos Penis Sleeve PS 002 L	43	5	іграшки для чоловіків, насадка член, насадка член kokos, насадка член кокос, kokos penis sleeve
SO2984	3152110937	0	0	11	161003	Лубриканты	1149.0	available	4	3	1034	Змазка з частинками золота Mystim The Goldfather (250 мл) підходить для електростимуляції	89	8	лубриканти, інтимна косметика, змазка частинками, змазка частинками mystim, змазка частинками містім, mystim the goldfather, золоті змазка частинками, золоті змазка частинками mystim
SO6306	3152113131	0	0	10	161014	Анальные пробки	619.0	available	8	3	1727	Металева анальна пробка Кролячий хвостик Alive Fluffy Twist Plug S Purple, діаметр 2,9 см	89	9	анальні пробки, анальні іграшки, металева анальна пробка, металева анальна пробка alive, металева анальна пробка елайв, alive fluffy twist, фіолетова металева анальна пробка, водонепроникна металева анальна пробка, анальний плаг alive
SX3663	3152118362	3	0	10	16102103	Вагинальные шарики	419.0	available	6	10	2567	Вагінальна кулька Fun Factory SMARTBALL UNO Purple, діаметр 3,6 см, одинарна	76	9	вагінальні кульки, тренажери для жінок, вагінальна кулька fun factory, вагінальна кулька фан факторі, fun factory smartball uno, фіолетова вагінальна кулька, силіконова вагінальна кулька, водонепроникна вагінальна кулька, гіпоалергенний вагінальна кулька
SO5155	3152112440	0	0	20	161007	БДСМ-игрушки	1099.0	available	4	4	871	Набір для фіксації Art of Sex – BDSM Fixation Black Night Simple, метал	71	6	бдсм іграшки, бдсм аксесуари, набір для фіксації, чорні набір для фіксації, металеві набір для фіксації, аксесуари для рольових ігор
SO2397	3152110729	0	0	10	161011	Вибраторы	2799.0	available	14	3	1512	Вібратор-кролик Rocks Off Rocks-Off Every Girl Burgundy, два мотори, різноколірне LED-підсвічування, потужний	109	9	вібратори, інтимні іграшки, вібратор-кролик для клітора, вібратор-кролик rocks off, вібратор-кролик рокс оф, rocks off rocks-off every, силіконовий вібратор-кролик, вібратор-кролик на акумуляторі, водонепроникний вібратор-кролик
SO2916	3152110889	0	0	5	161002	Возбуждающие средства	349.0	available	5	4	1695	Збуджувальний засіб бальзам для клітора Bijoux Indiscrets – Ghosting Remedy (Пішли його на...), розігрівальний	110	7	збуджуючі засоби, інтимна косметика, збуджувальний засіб, збуджувальний засіб bijoux indiscrets, збуджувальний засіб біжу ендіскре, bijoux indiscrets ghosting remedy, розігрівальний збуджувальний засіб
SX3326	3152118209	0	0	6	16131201	Презервативы	109.0	available	4	5	202	Презервативи Ultra Thin Mint Condoms Recare 12 шт, ультратонкі, аромат: м'ята, латекс	85	5	презервативи, засоби контрацепції, презервативи recare, recare ultra thin, латексні презервативи
SO1961	3152110276	0	0	21	161017	Вакуумные помпы	8199.0	available	6	5	716	Гідропомпа Bathmate Hydromax 7 WideBoyClear, діаметр до 5,5 см, для члена довжиною від 12,5 до 18 см	100	5	вакуумні помпи, гідропомпа діаметр, гідропомпа діаметр bathmate, гідропомпа діаметр батмейт, bathmate hydromax wideboyclear
SX2263	3152116580	0	0	7	161010	Фаллоимитаторы	1989.0	available	6	7	199	Фалоімітатор Dorcel Real Pleasure M Purple, діаметр 3,5 см	58	9	фалоімітатори, інтимні іграшки, фалоімітатор dorcel, фалоімітатор дорсель, dorcel real pleasure, фіолетовий фалоімітатор, фіолетовий фалоімітатор dorcel, фалос реалістичний dorcel, дildo dorcel
SO6691	3152113283	1	0	30	1767	Эротические подарки	399.0	available	3	5	2039	Еротична FlixPlay гра «Морський бій - Постільна версія» (UA)	60	4	еротичні подарунки, еротичні сувеніри, еротична гра, еротична гра flixplay
SO9664	3152114891	0	0	10	161007	БДСМ-игрушки	1379.0	available	4	3	1132	Кляп-маска з силіконовим кільцем Art of Sex - Tamer, Натуральна шкіра, колір Чорний	83	6	бдсм іграшки, бдсм аксесуари, кляп-маска силіконовим, art of sex tamer, кляп-маска силіконовим для домінування, аксесуари для рольових ігор
SO8992	3152113882	0	0	24	161012	Страпоны	1989.0	available	7	6	1568	Насадка для страпона Strap-On-Me Dildo Plug Balls Blue Metallic S, силікон	74	9	страпони, іграшки для чоловіків, насадка strap-on-me, насадка страп он мі, strap-on-me dildo plug, синя насадка, синя насадка strap-on-me, силіконова насадка, водонепроникна насадка
SO3150	3152111397	0	0	28	161010	Фаллоимитаторы	1529.0	available	9	7	1602	Фалоімітатор SilexD Johnny Pink (MODEL 1 size 7in), діаметр 3,8см, двошаровий, силікон + Silexpan	97	9	фалоімітатори, інтимні іграшки, фалоімітатор silexd, фалоімітатор сілексд, silexd johnny pink, рожевий фалоімітатор, рожевий фалоімітатор silexd, силіконовий фалоімітатор, фалос реалістичний silexd
SO6651	3152113250	0	0	1	161011	Вибраторы	5749.0	available	11	9	2877	Вібромасажер з насадками Zalo — Kyro Wand Obsidian Black, діаметр 3,5 см	72	9	вібратори, інтимні іграшки, вібромасажер для клітора, вібромасажер zalo, вібромасажер зало, zalo kyro wand, чорний вібромасажер, чорний вібромасажер zalo, вібромасажер 5 режимів
SX2261	3152116583	0	0	10	161010	Фаллоимитаторы	1739.0	available	5	7	174	Фалоімітатор Dorcel Real Pleasure S Vanilla, діаметр 3 см	57	7	фалоімітатори, інтимні іграшки, фалоімітатор dorcel, фалоімітатор дорсель, dorcel real pleasure, фалос реалістичний dorcel, дildo dorcel
SO9419	3152114663	0	0	8	161012	Страпоны	1179.0	available	5	4	1057	Страпон трусики Серце Feral Feelings - Hearts Strap-on Belt Red, діаметр 5 см	77	8	страпони, бдсм аксесуари, страпон feral feelings, страпон ферал філінгс, feral feelings hearts strap-on, червоний страпон, червоний страпон feral feelings, латексний страпон
SO2725	3152110840	0	0	0	161011	Вибраторы	2439.0	available	10	10	2270	Розкішний вібратор PILLOW TALK - Flirty Pink з кристалом Swarovski, гнучка головка, діаметр 2,2 см	98	9	вібратори, інтимні іграшки, міні-вібратор для клітора, міні-вібратор pillow talk, pillow talk flirty pink, рожевий міні-вібратор, рожевий міні-вібратор pillow talk, силіконовий міні-вібратор, міні-вібратор з кристалом
SX1511	3152115977	0	0	4	161003	Лубриканты	579.0	available	11	4	2208	Лубрикант на водній основі Orgie Lube Tube Cannabis, 100 мл, їстівний, з олією насіння конопель	95	8	лубриканти, засоби для масажу, олія orgie, олія оржі, orgie lube tube, олія на водній основі, їстівний олія, масло для масажу orgie
SO8210	3152114096	0	0	30	161010	Фаллоимитаторы	1529.0	available	9	3	1754	Фалоімітатор SilexD Johnny Purple (MODEL 1 size 7in), діаметр 3,8 см, двошаровий, силікон+Silexpan	98	9	фалоімітатори, інтимні іграшки, фалоімітатор silexd, фалоімітатор сілексд, silexd johnny purple, фіолетовий фалоімітатор, фіолетовий фалоімітатор silexd, силіконовий фалоімітатор, фалос реалістичний silexd
SX4597	3152119340	4	0	10	161003	Лубриканты	589.0	available	7	10	239	Лубрикант на водній основі JO Bake Shoppe - Orange Creampuff 60 мл, без цукру та парабенів	90	6	лубриканти, інтимна косметика, лубрикант джо, jo bake shoppe, лубрикант на водній основі, засоби для інтимної гігієни
SX2188	3152116513	0	0	30	161003	Лубриканты	3099.0	available	4	5	2082	Лубрикант на водній основі Bijoux Indiscrets - Sex au Naturel 500 мл	68	6	лубриканти, інтимна косметика, лубрикант bijoux indiscrets, лубрикант біжу ендіскре, bijoux indiscrets sex naturel, лубрикант на водній основі
SO6857	3152113478	0	0	0	161011	Вибраторы	5279.0	available	11	10	2744	Розкішний кролик з ротацією та вібрацією Pillow Talk Lively Teal, кристал Сваровскі, діаметр 3,7 см	99	9	вібратори, інтимні іграшки, вібратор-кролик для клітора, подвійний вібратор-кролик, вібратор-кролик pillow talk, pillow talk lively teal, силіконовий вібратор-кролик, водонепроникний вібратор-кролик, вібратор-кролик з кристалом
