SO2559	Еротичні подарунки	Лубриканти	Подарунковий набір Shunga NAUGHTY GEISHA: неви
SO2670	Вібратори	Бдсм-іграшки	Набір Bijoux Indiscrets Instruments of Pleasur
SO2672	Вібратори	Бдсм-іграшки	Набір Bijoux Indiscrets Instruments of Pleasur
SO2840	Збуджуючі засоби	Лубриканти	Набір JO Tri-Me Triple Pack — Flavors (3×30 мл
SO2964	Бдсм-іграшки	Анальні пробки	Силіконова анальна пробка Mystim Rocking Vibe 
SO2987	Бдсм-іграшки	Вібратори	Вібратор з електростимуляцією Mystim Electric 
SO2988	Бдсм-іграшки	Вібратори	Вібратор-кролик з електростимуляцією Mystim Da
SO3064	Насадки на член та ерекційні кільця	Анальні пробки	Анальна вібропробка Nexus SIMUL8 Plug Edition 
SO3067	Насадки на член та ерекційні кільця	Масажери простати	Стимулятор простати Nexus SIMUL8 Prostate Stim
SO3472	Бдсм-іграшки	Вібратори	Вібратор з електростимуляцією Mystim Tickling 
SO3473	Бдсм-іграшки	Вібратори	Вібратор з електростимуляцією Mystim Sizzling 
SO3841	Анальні пробки	Масажери простати	Набір масажерів простати Nexus Anal Starter Ki
SO3842	Насадки на член та ерекційні кільця	Масажери простати	Масажер простати Nexus Revo Embrace з оберталь
SO3981	Вакуумні стимулятори	Вібратори	Вібратор-кролик 3 в 1 з вакуумом і пульсівною 
SO4072	Насадки на член та ерекційні кільця	Масажери простати	Вібромасажер простати Love To Love Double Game
SO4496	Еротичні подарунки	Лубриканти	Подарунковий набір Shunga Sweet Kisses Kit
SO4499	Секс-машини	Мастурбатори	Мастурбатор-вагіна Kiiroo Feel Stroker для сек
SO4952	Вакуумні стимулятори	Вібратори	Вібратор-кролик з обертанням стовбура та вакуу
SO5072	Фалоімітатори	Вібратори	Вібратор-пульсатор двосторонній Dorcel ORGASMI
SO5908	Лубриканти	Збуджуючі засоби	Збуджувальний засіб спрей для посилення слинов
SO6071	Збуджуючі засоби	Медичні маски і респіратори	Двостороння маска Doc Johnson DJ Reversible an
SO6550	Бдсм-іграшки	Вакуумні стимулятори	Вакуумний CuteVibe стимулятор із мікрострумами
SO7503	Мастурбатори	Насадки на член та ерекційні кільця	Ерекційне кільце з віброкулею Bathmate Vibe Ed
SO8142	Бдсм-іграшки	Вібратори	Вібратор-кролик з електростимуляцією Mystim Ho
SO8143	Бдсм-іграшки	Вібратори	Вібратор для точки G з електростимуляцією Myst
SO8145	Бдсм-іграшки	Вібратори	Вібратор з електростимуляцією Mystim Sleak Fre
SO8146	Бдсм-іграшки	Вібратори	Вібратор для клітора з електростимуляцією Myst
SO8298	Бдсм-іграшки	Жіноча еротична білизна і одяг	Шкіряна портупея Art of Sex - Melani Leather h
SO8299	Бдсм-іграшки	Жіноча еротична білизна і одяг	Шкіряна портупея Art of Sex - Melani Leather h
SO8306	Бдсм-іграшки	Жіноча еротична білизна і одяг	Портупея жіноча Art of Sex - Delaria Leather h
SO8323	Бдсм-іграшки	Жіноча еротична білизна і одяг	Портупея жіноча Art of Sex - Delaria Leather h
SO9177	Еротичні подарунки	Жіноча еротична білизна і одяг	Пестис-метелики з кристалів Leg Avenue Chrysal
SO9340	Еротичні подарунки	Лубриканти	Подарунковий набір косметики Bijoux Indiscrets
SX0972	Насадки на член та ерекційні кільця	Анальні пробки	Анальна пробка з ерекційним кільцем Fun Factor
SX1191	Мастурбатори	Насадки на член та ерекційні кільця	Набір кілець з кігтями Master Series Five-Piec
SX1501	Збуджуючі засоби	Креми і лосьйони для тіла	Олія-шимер для тіла Orgie – Glow Shimmering Bo
SX2193	Вібратори	Тренажери кегеля	Смарт-віброяйце Magic Motion Flamingo Max Oran
SX2194	Вібратори	Тренажери кегеля	Тренажер Кегеля смарт-віброяйце Magic Motion F
SX2351	Бдсм-іграшки	Жіноча еротична білизна і одяг	Жіноча портупея з наручниками Art of Sex - Urs
SX2352	Бдсм-іграшки	Жіноча еротична білизна і одяг	Шкіряна жіноча портупея з наручниками Art of S
SX2416	Насадки на член та ерекційні кільця	Анальні пробки	Анальна вібропробка Nexus Tornado Cock and Bal
SX2431	Вібратори	Насадки на член та ерекційні кільця	Набір чоловічих іграшок Climaximum Entice, ере
SX2432	Вібратори	Анальні пробки	Набір для пар Climaximum Desire анальна пробка
SX2597	Еротичні подарунки	Лубриканти	Подарунковий набір Sensuva Lips & Nips Pleasur
SX2598	Еротичні подарунки	Лубриканти	Подарунковий набір Sensuva Lips & Nips Pleasur
SX2699	Насадки на член та ерекційні кільця	Масажери простати	Стимулятор простати Nexus SIMUL8 Orbit Edition
SX3091	Еротичні подарунки	Жіноча еротична білизна і одяг	Тілесні наліпки на соски Obsessive Intimies ni
SX3137	Вібратори	Збуджуючі засоби	Набір Orgie Vibe Bunny: рідкий вібратор та ере
SX3139	Вібратори	Збуджуючі засоби	Набір Orgie Orgasmic Bullet: збуджувальні крап
SX3154	Еротичні подарунки	Фалоімітатори	Набір фалоімітаторів ADDICTION Silly Willy 3.3
SX3227	Вібратори	Тренажери кегеля	Тренажер Кегеля смарт-віброяйце Magic Motion F
SX3262	Лубриканти	Збуджуючі засоби	Збуджувальний засіб спрей для посилення слинов
SX3263	Лубриканти	Збуджуючі засоби	Збуджувальний засіб спрей для посилення слинов
SX3309	Насадки на член та ерекційні кільця	Анальні пробки	Анальна пробка з ерекційним кільцем Fun Factor
SX3311	Бдсм-іграшки	Вібратори	Вібратори на палець з електростимуляцією KISST
SX3641	Вібратори	Збуджуючі засоби	Набір Orgie Orgasmic Bunny: збуджувальні крапл
SX3690	Насадки на член та ерекційні кільця	Анальні пробки	Анальна пробка з ерекційним кільцем Fun Factor
SX4011	Секс-машини	Мастурбатори	Мастурбатор з вібрацією Hismith Male Masturbat