cards,reason,sample_sku,sample_url,all_skus
7,"інші пропорції",SX4222,https://sexopt.com.ua/content/images/46/sx4222-89259451114659.jpg,"SX4222 SX4223 SX4224 SX4225 SX4226 SX4227 SX4228"
6,"інші пропорції",SO3915,https://sexopt.com.ua/content/images/6/so3915-35565258568894.jpg,"SO3915 SO3916 SO4453 SO6755 SO6756 SO6757"
6,"інші пропорції",SX0001,https://sexopt.com.ua/content/images/8/sx0001-18393612293411.jpg,"SX0001 SX0002 SX0003 SX0004 SX0005 SX0006"
6,"інші пропорції",SX0007,https://sexopt.com.ua/content/images/20/sx0007-51280838786370.jpg,"SX0007 SX0008 SX0009 SX0010 SX0011 SX0012"
6,"інші пропорції",SX0017,https://sexopt.com.ua/content/images/44/sx0017-72573818601568.jpg,"SX0017 SX0018 SX0019 SX0020 SX0021 SX0022"
6,"інші пропорції",SX0023,https://sexopt.com.ua/content/images/6/sx0023-15914318892980.jpg,"SX0023 SX0024 SX0025 SX0026 SX0027 SX0028"
6,"інші пропорції",SX0029,https://sexopt.com.ua/content/images/24/sx0029-21745560087331.jpg,"SX0029 SX0030 SX0031 SX0032 SX0033 SX0034"
6,"інші пропорції",SX0035,https://sexopt.com.ua/content/images/20/sx0035-64026847215500.jpg,"SX0035 SX0036 SX0037 SX0038 SX0039 SX0040"
6,"інші пропорції",SX0041,https://sexopt.com.ua/content/images/7/sx0041-67277677928368.jpg,"SX0041 SX0042 SX0043 SX0044 SX0045 SX0046"
6,"інші пропорції",SX0053,https://sexopt.com.ua/content/images/50/sx0053-81131382992312.jpg,"SX0053 SX0054 SX0055 SX0056 SX0057 SX0058"
6,"інші пропорції",SX0059,https://sexopt.com.ua/content/images/32/sx0059-46225312891903.jpg,"SX0059 SX0060 SX0061 SX0062 SX0063 SX0064"
6,"інші пропорції",SX0065,https://sexopt.com.ua/content/images/13/sx0065-58437864586074.jpg,"SX0065 SX0066 SX0067 SX0068 SX0069 SX0070"
6,"інші пропорції",SX0075,https://sexopt.com.ua/content/images/38/sx0075-94867304244857.jpg,"SX0075 SX0076 SX0077 SX0078 SX0079 SX0080"
6,"інші пропорції",SX0085,https://sexopt.com.ua/content/images/20/sx0085-58905571391848.jpg,"SX0085 SX0086 SX0087 SX0088 SX0089 SX0090"
6,"інші пропорції",SX0091,https://sexopt.com.ua/content/images/44/sx0091-54551720962163.jpg,"SX0091 SX0092 SX0093 SX0094 SX0095 SX0096"
6,"інші пропорції",SX0097,https://sexopt.com.ua/content/images/50/sx0097-58971444236957.jpg,"SX0097 SX0098 SX0099 SX0100 SX0101 SX0102"
6,"інші пропорції",SX0103,https://sexopt.com.ua/content/images/14/sx0103-72032385701986.jpg,"SX0103 SX0104 SX0105 SX0106 SX0107 SX0108"
6,"інші пропорції",SX0109,https://sexopt.com.ua/content/images/42/sx0109-16284106590472.jpg,"SX0109 SX0110 SX0111 SX0112 SX0113 SX0114"
6,"інші пропорції",SX0115,https://sexopt.com.ua/content/images/2/sx0115-72119124876043.jpg,"SX0115 SX0116 SX0117 SX0118 SX0119 SX0120"
6,"інші пропорції",SX0171,https://sexopt.com.ua/content/images/26/sx0171-82229446534105.jpg,"SX0171 SX0172 SX0173 SX0174 SX0175 SX0176"
6,"інші пропорції",SX0177,https://sexopt.com.ua/content/images/14/sx0177-17355350974913.jpg,"SX0177 SX0178 SX0179 SX0180 SX0181 SX0182"
6,"інші пропорції",SX0189,https://sexopt.com.ua/content/images/19/sx0189-91625530341695.jpg,"SX0189 SX0190 SX0191 SX0192 SX0193 SX0194"
6,"інші пропорції",SX0195,https://sexopt.com.ua/content/images/20/sx0195-22959129599746.jpg,"SX0195 SX0196 SX0197 SX0198 SX0199 SX0200"
6,"інші пропорції",SX0201,https://sexopt.com.ua/content/images/32/sx0201-85158599385622.jpg,"SX0201 SX0202 SX0203 SX0204 SX0205 SX0206"
6,"інші пропорції",SX0219,https://sexopt.com.ua/content/images/32/sx0219-28737540142779.jpg,"SX0219 SX0220 SX0221 SX0222 SX0223 SX0224"
6,"інші пропорції",SX0225,https://sexopt.com.ua/content/images/25/sx0225-86336392997045.jpg,"SX0225 SX0226 SX0227 SX0228 SX0229 SX0230"
6,"інші пропорції",SX0231,https://sexopt.com.ua/content/images/31/sx0231-80641028575851.jpg,"SX0231 SX0232 SX0233 SX0234 SX0235 SX0236"
6,"інші пропорції",SX0273,https://sexopt.com.ua/content/images/37/sx0273-52616359846898.jpg,"SX0273 SX0274 SX0275 SX0276 SX0277 SX0278"
6,"інші пропорції",SX0279,https://sexopt.com.ua/content/images/10/sx0279-96345681378254.jpg,"SX0279 SX0280 SX0281 SX0282 SX0283 SX0284"
6,"інші пропорції",SX0285,https://sexopt.com.ua/content/images/16/sx0285-22427620399974.jpg,"SX0285 SX0286 SX0287 SX0288 SX0289 SX0290"
6,"інші пропорції",SX0291,https://sexopt.com.ua/content/images/22/sx0291-48063598600573.jpg,"SX0291 SX0292 SX0293 SX0294 SX0295 SX0296"
6,"інші пропорції",SX0321,https://sexopt.com.ua/content/images/38/sx0321-19405862849191.jpg,"SX0321 SX0322 SX0323 SX0324 SX0325 SX0326"
6,"інші пропорції",SX0333,https://sexopt.com.ua/content/images/12/sx0333-26550155772980.jpg,"SX0333 SX0334 SX0335 SX0336 SX0337 SX0338"
6,"інші пропорції",SX0345,https://sexopt.com.ua/content/images/43/sx0345-18395579807538.jpg,"SX0345 SX0346 SX0347 SX0348 SX0349 SX0350"
6,"інші пропорції",SX0357,https://sexopt.com.ua/content/images/44/sx0357-70634582450742.jpg,"SX0357 SX0358 SX0359 SX0360 SX0361 SX0362"
6,"інші пропорції",SX0363,https://sexopt.com.ua/content/images/50/sx0363-86363472050567.jpg,"SX0363 SX0364 SX0365 SX0366 SX0367 SX0368"
6,"інші пропорції",SX0369,https://sexopt.com.ua/content/images/5/sx0369-28659480852959.jpg,"SX0369 SX0370 SX0371 SX0372 SX0373 SX0374"
6,"інші пропорції",SX0375,https://sexopt.com.ua/content/images/14/sx0375-18558363544752.jpg,"SX0375 SX0376 SX0377 SX0378 SX0379 SX0380"
6,"інші пропорції",SX0381,https://sexopt.com.ua/content/images/18/sx0381-40141377008545.jpg,"SX0381 SX0382 SX0383 SX0384 SX0385 SX0386"
6,"інші пропорції",SX2008,https://sexopt.com.ua/content/images/35/sx2008-51820198652736.jpg,"SX2008 SX2009 SX2010 SX2011 SX2012 SX2013"
6,"інші пропорції",SX2023,https://sexopt.com.ua/content/images/6/sx2023-47110509747344.jpg,"SX2023 SX2024 SX2025 SX2026 SX2027 SX2028"
6,"інші пропорції",SX2122,https://sexopt.com.ua/content/images/7/sx2122-90006703692948.jpg,"SX2122 SX2123 SX2124 SX2125 SX2126 SX2127"
5,"інші пропорції",SO3912,https://sexopt.com.ua/content/images/10/so3912-16657917935294.jpg,"SO3912 SO3913 SO3914 SO6975 SO9348"
5,"інші пропорції",SX4063,https://sexopt.com.ua/content/images/37/sx4063-25623827798182.jpg,"SX4063 SX4064 SX4065 SX4066 SX4067"
5,"інші пропорції",SX4177,https://sexopt.com.ua/content/images/1/sx4177-42940347098672.jpg,"SX4177 SX4178 SX4179 SX4180 SX4181"
4,"інші пропорції",SO1909,http://sexopt.com.ua/content/images/4/so1909-93096712156387.jpg,"SO1909 SO1910 SO1911 SO1912"
4,"інші пропорції",SO1913,http://sexopt.com.ua/content/images/8/so1913-20922951573917.jpg,"SO1913 SO1914 SO1915 SO1916"
4,"інші пропорції",SO1917,http://sexopt.com.ua/content/images/12/so1917-61801688616251.jpg,"SO1917 SO1918 SO1919 SO1920"
4,"інші пропорції",SO1921,http://sexopt.com.ua/content/images/16/so1921-63631470350233.jpg,"SO1921 SO1922 SO1923 SO1924"
4,"інші пропорції",SO1925,http://sexopt.com.ua/content/images/20/so1925-38875296401732.jpg,"SO1925 SO1926 SO1927 SO1928"
4,"інші пропорції",SO1939,http://sexopt.com.ua/content/images/33/so1939-26858231207298.jpg,"SO1939 SO1940 SO1941 SO1942"
4,"інші пропорції",SO1943,http://sexopt.com.ua/content/images/38/so1943-66256570573621.jpg,"SO1943 SO1944 SO1945 SO1946"
4,"інші пропорції",SO3485,https://sexopt.com.ua/content/images/37/70725184604845.jpg,"SO3485 SO3903 SO3904 SO3905"
4,"інші пропорції",SO3917,https://sexopt.com.ua/content/images/8/so3917-46163996385318.jpg,"SO3917 SO3918 SO6977 SO7121"
4,"інші пропорції",SO4934,https://sexopt.com.ua/content/images/18/so4934-63324808264994.jpg,"SO4934 SO5035 SO5036 SO5051"
4,"інші пропорції",SO4935,https://sexopt.com.ua/content/images/19/57536185054800.jpg,"SO4935 SO4936 SO4937 SO6561"
4,"інші пропорції",SO5616,https://sexopt.com.ua/content/images/7/kombidress-lakirovannyy-rozovyy-derzkaya-stella-xs-s-molniya-na-vse-telo-77131021718931.jpg,"SO5616 SO5617 SO5618 SO5619"
4,"інші пропорції",SO9566,https://sexopt.com.ua/content/images/25/so9566-25585975717499.jpg,"SO9566 SO9567 SO9568 SO9569"
4,"інші пропорції",SX0071,https://sexopt.com.ua/content/images/47/sx0071-72679041869474.jpg,"SX0071 SX0072 SX0073 SX0074"
4,"інші пропорції",SX0081,https://sexopt.com.ua/content/images/10/sx0081-87682123745615.jpg,"SX0081 SX0082 SX0083 SX0084"
4,"інші пропорції",SX4182,https://sexopt.com.ua/content/images/6/sx4182-39689082801455.jpg,"SX4182 SX4183 SX4184 SX4185"
4,"інші пропорції",SX4197,https://sexopt.com.ua/content/images/21/sx4197-15989269433124.jpg,"SX4197 SX4198 SX4199 SX4200"
3,"інші пропорції",EL11201,https://sexopt.com.ua/content/images/39/el11201-58831075921047.jpg,"EL11201 EL11202 EL11203"
3,"інші пропорції",PS21901,https://sexopt.com.ua/content/images/2/ps21901-80129854106497.jpg,"PS21901 PS21902 PS21903"
3,"інші пропорції",PS21904,https://sexopt.com.ua/content/images/5/ps21904-41139465543826.jpg,"PS21904 PS21905 PS21906"
3,"інші пропорції",SO1906,http://sexopt.com.ua/content/images/1/so1906-36435637482864.jpg,"SO1906 SO1907 SO1908"
3,"інші пропорції",SO1947,http://sexopt.com.ua/content/images/42/so1947-13996420790047.jpg,"SO1947 SO1949 SO1950"
3,"інші пропорції",SO4369,http://sexopt.com.ua/content/images/38/so4369-20491067842582.jpg,"SO4369 SO5244 SO5245"
3,"інші пропорції",SO4370,http://sexopt.com.ua/content/images/41/so4370-30252326315357.jpg,"SO4370 SO5246 SO5247"
3,"інші пропорції",SO4377,http://sexopt.com.ua/content/images/30/so4377-45486092703994.jpg,"SO4377 SO5286 SO5287"
3,"інші пропорції",SO4378,http://sexopt.com.ua/content/images/33/so4378-68681850284355.jpg,"SO4378 SO9597 SO9600"
3,"інші пропорції",SO4379,https://sexopt.com.ua/content/images/16/33926724561808.jpg,"SO4379 SO5306 SO9599"
3,"інші пропорції",SO4380,https://sexopt.com.ua/content/images/35/so4380-72534674085374.jpg,"SO4380 SO5307 SO5308"
3,"інші пропорції",SO5624,https://sexopt.com.ua/content/images/15/kombidress-lakirovannyy-krasnyy-derzkaya-stella-xs-s-molniya-na-vse-telo-43416262380213.jpg,"SO5624 SO5625 SO5626"
3,"інші пропорції",SO5627,https://sexopt.com.ua/content/images/18/kombidress-lakirovannyy-belyy-derzkaya-stella-xs-s-molniya-na-vse-telo-84149189749056.jpg,"SO5627 SO5628 SO5629"
3,"інші пропорції",SO6472,https://sexopt.com.ua/content/images/47/so6472-23077688854886.jpg,"SO6472 SO6473 SO6474"
3,"інші пропорції",SO6475,https://sexopt.com.ua/content/images/50/so6475-99856147767595.jpg,"SO6475 SO6476 SO6477"
3,"інші пропорції",SO6478,https://sexopt.com.ua/content/images/3/so6478-32815086025057.jpg,"SO6478 SO6479 SO6480"
3,"інші пропорції",SO6481,https://sexopt.com.ua/content/images/6/so6481-60829777932995.jpg,"SO6481 SO6482 SO6483"
3,"інші пропорції",SO6484,https://sexopt.com.ua/content/images/9/so6484-57968614995829.jpg,"SO6484 SO6485 SO6486"
3,"інші пропорції",SO6487,https://sexopt.com.ua/content/images/12/so6487-24308013249581.jpg,"SO6487 SO6488 SO6489"
3,"інші пропорції",SO6490,https://sexopt.com.ua/content/images/15/so6490-84741045846616.jpg,"SO6490 SO6491 SO6492"
3,"інші пропорції",SO6493,https://sexopt.com.ua/content/images/18/so6493-35689250313970.jpg,"SO6493 SO6494 SO6495"
3,"інші пропорції",SO6496,https://sexopt.com.ua/content/images/21/so6496-36880482810918.jpg,"SO6496 SO6497 SO6498"
3,"інші пропорції",SO6499,https://sexopt.com.ua/content/images/24/so6499-72490274168373.jpg,"SO6499 SO6500 SO6501"
3,"інші пропорції",SO6502,https://sexopt.com.ua/content/images/27/so6502-12202833352865.jpg,"SO6502 SO6503 SO6504"
3,"інші пропорції",SO6505,https://sexopt.com.ua/content/images/30/so6505-88571627710342.jpg,"SO6505 SO6506 SO6507"
3,"інші пропорції",SO6508,https://sexopt.com.ua/content/images/33/so6508-85749397931602.jpg,"SO6508 SO6509 SO6510"
3,"інші пропорції",SO6511,https://sexopt.com.ua/content/images/36/so6511-87076194499824.jpg,"SO6511 SO6512 SO6513"
3,"інші пропорції",SO6514,https://sexopt.com.ua/content/images/39/so6514-86559172165078.jpg,"SO6514 SO6515 SO6516"
3,"інші пропорції",SO6517,https://sexopt.com.ua/content/images/42/so6517-77348810756854.jpg,"SO6517 SO6518 SO6519"
3,"інші пропорції",SO6520,https://sexopt.com.ua/content/images/45/so6520-95352841318615.jpg,"SO6520 SO6521 SO6522"
3,"інші пропорції",SO6523,https://sexopt.com.ua/content/images/48/so6523-58609089050987.jpg,"SO6523 SO6524 SO6525"
3,"інші пропорції",SO6526,https://sexopt.com.ua/content/images/1/so6526-95073225222333.jpg,"SO6526 SO6527 SO6528"
3,"інші пропорції",SO6529,https://sexopt.com.ua/content/images/4/so6529-86036388761557.jpg,"SO6529 SO6530 SO6531"
3,"інші пропорції",SO6532,https://sexopt.com.ua/content/images/7/so6532-11673159719596.jpg,"SO6532 SO6533 SO6534"
3,"інші пропорції",SX0455,https://sexopt.com.ua/content/images/36/sx0455-92047331921578.jpg,"SX0455 SX0456 SX0457"
3,"інші пропорції",SX0458,https://sexopt.com.ua/content/images/13/sx0458-80358520957041.jpg,"SX0458 SX0459 SX0460"
3,"інші пропорції",SX0464,https://sexopt.com.ua/content/images/48/sx0464-95305736299420.jpg,"SX0464 SX0465 SX0466"
3,"скан упаковки",SX0485,https://sexopt.com.ua/content/images/42/sx0485-26167203951987.jpg,"SX0485 SX0486 SX0487"
3,"інші пропорції",SX1014,https://sexopt.com.ua/content/images/49/bodi-obsessive-lobellis-teddy-xs-s-54905786405089.jpg,"SX1014 SX1015 SX1016"
3,"інші пропорції",SX1017,https://sexopt.com.ua/content/images/8/komplekt-obsessive-lobellis-3-pcs-set-xs-s-51695237805405.jpg,"SX1017 SX1018 SX1019"
3,"інші пропорції",SX1026,https://sexopt.com.ua/content/images/46/bodi-obsessive-blomentis-crotchless-teddy-xs-s-41185494918263.jpg,"SX1026 SX1027 SX1029"
3,"інші пропорції",SX1030,https://sexopt.com.ua/content/images/2/komplekt-obsessive-blomentis-2-pcs-set-xs-s-38126407887066.jpg,"SX1030 SX1031 SX1032"
3,"інші пропорції",SX1033,https://sexopt.com.ua/content/images/5/komplekt-obsessive-blomentis-3-pcs-set-xs-s-52783010591311.jpg,"SX1033 SX1034 SX1035"
3,"інші пропорції",SX1036,https://sexopt.com.ua/content/images/17/trusiki-obsessive-blomentis-thong-xs-s-91839158761237.jpg,"SX1036 SX1037 SX1038"
3,"інші пропорції",SX1166,https://sexopt.com.ua/content/images/34/sx1166-51548042164984.jpg,"SX1166 SX1167 SX1168"
3,"інші пропорції",SX1169,https://sexopt.com.ua/content/images/28/sx1169-15171425294861.jpg,"SX1169 SX1170 SX1171"
3,"інші пропорції",SX1172,https://sexopt.com.ua/content/images/37/sx1172-18562316775801.jpg,"SX1172 SX1173 SX1174"
3,"інші пропорції",SX1175,https://sexopt.com.ua/content/images/40/sx1175-87653778630848.jpg,"SX1175 SX1176 SX1177"
3,"інші пропорції",SX1178,https://sexopt.com.ua/content/images/43/sx1178-43339033902906.jpg,"SX1178 SX1179 SX1180"
3,"інші пропорції",SX1237,https://sexopt.com.ua/content/images/22/sx1237-93402493598915.jpg,"SX1237 SX1238 SX1239"
3,"інші пропорції",SX2582,https://sexopt.com.ua/content/images/49/sx2582-86849602977648.jpg,"SX2582 SX2583 SX2584"
3,"інші пропорції",SX3555,https://sexopt.com.ua/content/images/22/sx3555-68023037900742.jpg,"SX3555 SX3556 SX3557"
3,"інші пропорції",SX3558,https://sexopt.com.ua/content/images/25/sx3558-47826222366640.jpg,"SX3558 SX3559 SX3560"
3,"інші пропорції",SX3574,https://sexopt.com.ua/content/images/41/sx3574-76670852096342.jpg,"SX3574 SX3575 SX3576"
3,"інші пропорції",SX3577,https://sexopt.com.ua/content/images/44/sx3577-36204009947760.jpg,"SX3577 SX3578 SX3579"
3,"інші пропорції",SX3580,https://sexopt.com.ua/content/images/47/sx3580-34920606448769.jpg,"SX3580 SX3581 SX3582"
3,"інші пропорції",SX3583,https://sexopt.com.ua/content/images/50/sx3583-52539633973223.jpg,"SX3583 SX3584 SX3585"
3,"інші пропорції",SX3586,https://sexopt.com.ua/content/images/3/sx3586-39714485514002.jpg,"SX3586 SX3587 SX3588"
3,"інші пропорції",SX3592,https://sexopt.com.ua/content/images/9/sx3592-37045748212469.jpg,"SX3592 SX3593 SX3594"
3,"інші пропорції",SX3608,https://sexopt.com.ua/content/images/25/sx3608-74427607757038.jpg,"SX3608 SX3609 SX3610"
3,"інші пропорції",SX3611,https://sexopt.com.ua/content/images/28/sx3611-76960566340481.jpg,"SX3611 SX3612 SX3613"
3,"інші пропорції",SX3614,https://sexopt.com.ua/content/images/31/sx3614-15439557911406.jpg,"SX3614 SX3615 SX3616"
2,"інші пропорції",SO4050,https://sexopt.com.ua/content/images/8/so4050-59210595226346.jpg,"SO4050 SO4057"
2,"інші пропорції",SO4381,http://sexopt.com.ua/content/images/27/so4381-81802657121403.jpg,"SO4381 SO5263"
2,"інші пропорції",SO4383,http://sexopt.com.ua/content/images/18/so4383-16343231968413.jpg,"SO4383 SO5291"
2,"інші пропорції",SO6426,https://sexopt.com.ua/content/images/1/so6426-80787436903358.jpg,"SO6426 SO6427"
2,"інші пропорції",SO6428,https://sexopt.com.ua/content/images/3/so6428-91397925623492.jpg,"SO6428 SO6429"
2,"інші пропорції",SO6430,https://sexopt.com.ua/content/images/5/so6430-74669485564610.jpg,"SO6430 SO6431"
2,"інші пропорції",SO6432,https://sexopt.com.ua/content/images/7/so6432-19216015194335.jpg,"SO6432 SO6433"
2,"інші пропорції",SO6434,https://sexopt.com.ua/content/images/9/so6434-69281433296615.jpg,"SO6434 SO6435"
2,"інші пропорції",SO6436,https://sexopt.com.ua/content/images/11/so6436-55548773920487.jpg,"SO6436 SO6437"
2,"інші пропорції",SO6438,https://sexopt.com.ua/content/images/13/so6438-68294105702595.jpg,"SO6438 SO6439"
2,"інші пропорції",SO6440,https://sexopt.com.ua/content/images/15/so6440-26836652756575.jpg,"SO6440 SO6441"
2,"інші пропорції",SO6442,https://sexopt.com.ua/content/images/17/so6442-19368670861878.jpg,"SO6442 SO6443"
2,"інші пропорції",SO6444,https://sexopt.com.ua/content/images/19/so6444-76875143490177.jpg,"SO6444 SO6445"
2,"інші пропорції",SO6446,https://sexopt.com.ua/content/images/21/so6446-61530328898499.jpg,"SO6446 SO6447"
2,"інші пропорції",SO6448,https://sexopt.com.ua/content/images/23/so6448-36109535506203.jpg,"SO6448 SO6449"
2,"інші пропорції",SO6450,https://sexopt.com.ua/content/images/25/so6450-45854569229294.jpg,"SO6450 SO6451"
2,"інші пропорції",SO6456,https://sexopt.com.ua/content/images/31/so6456-70629912808603.jpg,"SO6456 SO6457"
2,"інші пропорції",SO6458,https://sexopt.com.ua/content/images/33/so6458-53368935303320.jpg,"SO6458 SO6459"
2,"інші пропорції",SO6460,https://sexopt.com.ua/content/images/35/so6460-78481317504983.jpg,"SO6460 SO6461"
2,"інші пропорції",SO6468,https://sexopt.com.ua/content/images/43/so6468-69604903983137.jpg,"SO6468 SO6469"
2,"інші пропорції",SO6470,https://sexopt.com.ua/content/images/45/so6470-74214175853204.jpg,"SO6470 SO6471"
2,"інші пропорції",SO7968,https://sexopt.com.ua/content/images/22/so7968-68727271859435.jpg,"SO7968 SO7969"
2,"інші пропорції",SX1823,https://sexopt.com.ua/content/images/13/sx1823-41095668572686.jpg,"SX1823 SX1824"
2,"інші пропорції",SX1838,https://sexopt.com.ua/content/images/15/sx1838-64286808067168.jpg,"SX1838 SX1839"
2,"інші пропорції",SX2487,https://sexopt.com.ua/content/images/6/sx2487-69144644026282.jpg,"SX2487 SX2488"
2,"інші пропорції",SX2489,https://sexopt.com.ua/content/images/8/sx2489-59592129620213.jpg,"SX2489 SX2490"
2,"інші пропорції",SX2491,https://sexopt.com.ua/content/images/10/sx2491-64568807821455.jpg,"SX2491 SX2492"
2,"інші пропорції",SX2493,https://sexopt.com.ua/content/images/12/sx2493-24106766644619.jpg,"SX2493 SX2494"
2,"інші пропорції",SX2497,https://sexopt.com.ua/content/images/16/sx2497-66505070139609.jpg,"SX2497 SX2498"
2,"інші пропорції",SX2499,https://sexopt.com.ua/content/images/18/sx2499-71793450933514.jpg,"SX2499 SX2500"
2,"інші пропорції",SX2502,https://sexopt.com.ua/content/images/21/sx2502-54275396334724.jpg,"SX2502 SX2503"
2,"інші пропорції",SX2504,https://sexopt.com.ua/content/images/23/sx2504-94682603281509.jpg,"SX2504 SX2505"
2,"інші пропорції",SX2508,https://sexopt.com.ua/content/images/27/sx2508-84673696333325.jpg,"SX2508 SX2509"
2,"інші пропорції",SX2510,https://sexopt.com.ua/content/images/29/sx2510-81344791387391.jpg,"SX2510 SX2511"
2,"інші пропорції",SX2577,https://sexopt.com.ua/content/images/44/sx2577-63075193893374.jpg,"SX2577 SX2578"
2,"інші пропорції",SX2579,https://sexopt.com.ua/content/images/46/sx2579-70357803615108.jpg,"SX2579 SX2580"
2,"інші пропорції",SX3572,https://sexopt.com.ua/content/images/39/sx3572-14036093688923.jpg,"SX3572 SX3573"
2,"інші пропорції",SX3606,https://sexopt.com.ua/content/images/23/sx3606-19381738335340.jpg,"SX3606 SX3607"
1,"інші пропорції",SO1899,http://sexopt.com.ua/content/images/34/so1899-27415940699650.jpg,"SO1899"
1,"інші пропорції",SO1901,https://sexopt.com.ua/content/images/35/so1901-85401007800259.jpg,"SO1901"
1,"інші пропорції",SO1904,http://sexopt.com.ua/content/images/37/so1904-98124113511621.jpg,"SO1904"
1,"інші пропорції",SO1951,http://sexopt.com.ua/content/images/46/so1951-60373091402749.jpg,"SO1951"
1,"інші пропорції",SO2365,https://sexopt.com.ua/content/images/21/so2365-55328323856250.jpg,"SO2365"
1,"інші пропорції",SO2703,http://sexopt.com.ua/content/images/16/so2703-16653003098308.jpg,"SO2703"
1,"інші пропорції",SO3712,https://sexopt.com.ua/content/images/21/so3712-94784022334681.jpg,"SO3712"
1,"інші пропорції",SO4705,https://sexopt.com.ua/content/images/36/77103476988144.jpg,"SO4705"
1,"інші пропорції",SO4897,http://sexopt.com.ua/content/images/46/so4897-44774691937019.jpg,"SO4897"
1,"інші пропорції",SO5267,http://sexopt.com.ua/content/images/17/so5267-91618723397658.jpg,"SO5267"
1,"інші пропорції",SO5973,http://sexopt.com.ua/content/images/26/so5973-60297906680150.jpg,"SO5973"
1,"інші пропорції",SO7717,https://sexopt.com.ua/content/images/42/so7717-40313314913284.jpg,"SO7717"
1,"інші пропорції",SO7904,https://sexopt.com.ua/content/images/17/so7904-33440101249706.jpg,"SO7904"
1,"інші пропорції",SO7905,https://sexopt.com.ua/content/images/18/so7905-33480088174248.jpg,"SO7905"
1,"інші пропорції",SO7906,https://sexopt.com.ua/content/images/19/so7906-35062214092828.jpg,"SO7906"
1,"інші пропорції",SO7908,https://sexopt.com.ua/content/images/21/so7908-93283731732002.jpg,"SO7908"
1,"інші пропорції",SO7911,https://sexopt.com.ua/content/images/24/so7911-48533352255178.jpg,"SO7911"
1,"інші пропорції",SO7913,https://sexopt.com.ua/content/images/26/so7913-33111155273975.jpg,"SO7913"
1,"інші пропорції",SO7916,https://sexopt.com.ua/content/images/29/so7916-88990450799283.jpg,"SO7916"
1,"інші пропорції",SO7919,https://sexopt.com.ua/content/images/32/so7919-19189043588104.jpg,"SO7919"
1,"скан упаковки",SO7965,https://sexopt.com.ua/content/images/18/so7965-52952081798181.jpg,"SO7965"
1,"інші пропорції",SO7967,https://sexopt.com.ua/content/images/20/so7967-58566714596734.jpg,"SO7967"
1,"інші пропорції",SO7970,https://sexopt.com.ua/content/images/23/so7970-18215156666018.jpg,"SO7970"
1,"інші пропорції",SO7972,https://sexopt.com.ua/content/images/29/so7972-84853290430040.jpg,"SO7972"
1,"інші пропорції",SO7973,https://sexopt.com.ua/content/images/30/so7973-43743145515760.jpg,"SO7973"
1,"інші пропорції",SO7974,https://sexopt.com.ua/content/images/31/so7974-60237326418951.jpg,"SO7974"
1,"інші пропорції",SO7976,https://sexopt.com.ua/content/images/33/so7976-71963473526178.jpg,"SO7976"
1,"інші пропорції",SO7977,https://sexopt.com.ua/content/images/34/so7977-48050716961070.jpg,"SO7977"
1,"інші пропорції",SO7978,https://sexopt.com.ua/content/images/35/so7978-62896578185467.jpg,"SO7978"
1,"інші пропорції",SO7979,https://sexopt.com.ua/content/images/24/so7979-49678255399408.jpg,"SO7979"
1,"інші пропорції",SO7980,https://sexopt.com.ua/content/images/25/so7980-33806789864654.jpg,"SO7980"
1,"інші пропорції",SO7982,https://sexopt.com.ua/content/images/37/so7982-48609000636385.jpg,"SO7982"
1,"інші пропорції",SO7983,https://sexopt.com.ua/content/images/38/so7983-39332487051329.jpg,"SO7983"
1,"інші пропорції",SO7984,https://sexopt.com.ua/content/images/39/so7984-30910145266238.jpg,"SO7984"
1,"інші пропорції",SO7985,https://sexopt.com.ua/content/images/41/so7985-19819475417579.jpg,"SO7985"
1,"інші пропорції",SO7986,https://sexopt.com.ua/content/images/40/so7986-12953163621068.jpg,"SO7986"
1,"інші пропорції",SO7989,https://sexopt.com.ua/content/images/44/so7989-16462871299028.jpg,"SO7989"
1,"інші пропорції",SO7990,https://sexopt.com.ua/content/images/45/so7990-74507693820197.jpg,"SO7990"
1,"інші пропорції",SO8582,https://sexopt.com.ua/content/images/13/so8582-92467605601128.jpg,"SO8582"
1,"інші пропорції",SO8596,https://sexopt.com.ua/content/images/27/so8596-21790807781657.jpg,"SO8596"
1,"інші пропорції",SO8597,https://sexopt.com.ua/content/images/28/so8597-41528463172735.jpg,"SO8597"
1,"інші пропорції",SO8598,https://sexopt.com.ua/content/images/29/so8598-71492195243455.jpg,"SO8598"
1,"інші пропорції",SO8605,https://sexopt.com.ua/content/images/36/so8605-67438103053884.jpg,"SO8605"
1,"інші пропорції",SO9137,https://sexopt.com.ua/content/images/6/so9137-14798251495415.jpg,"SO9137"
1,"інші пропорції",SO9139,https://sexopt.com.ua/content/images/8/so9139-24848443867189.jpg,"SO9139"
1,"інші пропорції",SO9140,https://sexopt.com.ua/content/images/9/so9140-16783596442634.jpg,"SO9140"
1,"інші пропорції",SO9143,https://sexopt.com.ua/content/images/11/so9143-49927509450213.jpg,"SO9143"
1,"інші пропорції",SO9144,https://sexopt.com.ua/content/images/12/so9144-29252220218759.jpg,"SO9144"
1,"інші пропорції",SX0497,https://sexopt.com.ua/content/images/40/sx0497-85820498388141.jpg,"SX0497"
1,"інші пропорції",SX1200,https://sexopt.com.ua/content/images/7/sx1200-68478602102582.jpg,"SX1200"
1,"інші пропорції",SX1815,https://sexopt.com.ua/content/images/9/sx1815-84160565447949.jpg,"SX1815"
1,"інші пропорції",SX1820,https://sexopt.com.ua/content/images/14/sx1820-90927017476584.jpg,"SX1820"
1,"інші пропорції",SX1837,https://sexopt.com.ua/content/images/27/sx1837-59575431697760.jpg,"SX1837"
1,"інші пропорції",SX2501,https://sexopt.com.ua/content/images/20/sx2501-47960982869672.jpg,"SX2501"
1,"інші пропорції",SX2642,https://sexopt.com.ua/content/images/21/sx2642-18332440192975.jpg,"SX2642"
1,"інші пропорції",SX2876,https://sexopt.com.ua/content/images/1/sx2876-23752162519323.jpg,"SX2876"
1,"інші пропорції",SX2877,https://sexopt.com.ua/content/images/2/sx2877-77454082461491.jpg,"SX2877"
1,"інші пропорції",SX2892,https://sexopt.com.ua/content/images/15/sx2892-74644704629707.jpg,"SX2892"
1,"інші пропорції",SX3319,https://sexopt.com.ua/content/images/14/sx3319-80742461759849.jpg,"SX3319"
1,"інші пропорції",SX3562,https://sexopt.com.ua/content/images/29/sx3562-16161661644613.jpg,"SX3562"
1,"інші пропорції",SX3746,https://sexopt.com.ua/content/images/15/sx3746-68195060919094.jpg,"SX3746"
