name	Питание	Живлення
name	Состояние	Стан
name	Комплектация	Комплектація
name	Категория	Категорія
name	Принцип действия автомобильного домкрата	Принцип дії автомобільного домкрата
name	Погрешность, +/-	Похибка, +/-
name	Домкрат подкатной	Домкрат підкатний
name	Зажимное усилие	Зусилля затиску
name	Рабочая среда	Робоче середовище
name	Единица измерения	Одиниця вимірювання
name	Тип питания	Тип живлення
name	Принцип действия	Принцип дії
name	Емкость аккумулятора	Ємність акумулятора
name	Конструкция	Конструкція
name	Время опускания	Час опускання
name	Емкость бака	Ємність бака
name	Цветность монитора	Кольоровість монітора
name	Максимальное усилие	Максимальне зусилля
name	Тип изделия	Тип виробу
name	Световой поток	Світловий потік
name	Особенности	Особливості
name	Сохранение значения на дисплее	Збереження значення на дисплеї
name	Производительность	Продуктивність
name	Чтение и стирание кодов неисправностей	Зчитування та стирання кодів несправностей
name	Расположение ресивера	Розташування ресивера
name	Тип компрессора по мобильности	Тип компресора за мобільністю
name	Измерительная шкала	Вимірювальна шкала
name	Цена деления	Ціна поділки
name	Система охлаждения цилиндров	Система охолодження циліндрів
name	Тип оборудования	Тип обладнання
name	Зажимное усилие (H*m)	Зусилля затиску (H*m)
name	Наличие поворотного механизма	Наявність поворотного механізму
name	Наличие наковальни	Наявність ковадла
name	Форма сечения рабочей части	Форма перерізу робочої частини
name	Тип измерительной рулетки	Тип вимірювальної рулетки
name	Точность измерения +/-	Точність вимірювання +/-
name	Адаптация	Адаптація
name	Кодирование блоков управления	Кодування блоків керування
name	Максимальная рабочая температура	Максимальна робоча температура
name	Диапазон измерения	Діапазон вимірювання
name	Крепежное средство	Кріпильний засіб
name	Минимальная дальность измерений	Мінімальна дальність вимірювань
name	Максимальная дальность измерений	Максимальна дальність вимірювань
name	Канатоемкость	Канатомісткість
name	Вид изделия	Вид виробу
name	Индикация	Індикація
name	Погрешность измерения	Похибка вимірювання
name	Время измерения	Час вимірювання
name	Наличие индикатора	Наявність індикатора
name	Погрешность, ±	Похибка, ±
name	Максимальное время измерения	Максимальний час вимірювання
name	Емкость контейнера	Ємність контейнера
name	Применение тестера	Застосування тестера
name	Тип армирования	Тип армування
name	Тип сварочной установки	Тип зварювальної установки
name	Шаг измерения	Крок вимірювання
name	Время автоматического нивелирования	Час автоматичного нівелювання
name	Крепление	Кріплення
name	Расположение губок	Розташування губок
name	Единица измерения влажности	Одиниця вимірювання вологості
name	Максимальное значение влажности	Максимальне значення вологості
name	Область применения	Область застосування
name	Область применения шланга	Область застосування шланга
name	Гарантия	Гарантія
name	Разблокирование иммобилайзера	Розблокування іммобілайзера
name	Тип освещения	Тип освітлення
name	Применение освещения	Застосування освітлення
name	Способ освещения	Спосіб освітлення
name	Тип освещения по мобильности	Тип освітлення за мобільністю
name	Особенности фонаря	Особливості ліхтаря
name	Наличие зажима для труб и цилиндрических деталей	Наявність затискача для труб і циліндричних деталей
name	Тяговая сила	Тягове зусилля
name	Отсчетное устройство	Відліковий пристрій
name	Температурное разрешение	Температурна роздільна здатність
name	Класс точности	Клас точності
name	Направленность	Спрямованість
name	Входной квадрат	Вхідний квадрат
name	Расстояние между стойками	Відстань між стійками
name	Лазерная линейка	Лазерна лінійка
name	Максимальное сечение провода	Максимальний переріз проводу
name	Минимальное сечение провода	Мінімальний переріз проводу
name	Производительность компрессора	Продуктивність компресора
name	Совместимость с маркой	Сумісність із маркою
name	Использование	Використання
name	Максимальная частота вращения вала	Максимальна частота обертання вала
name	Максимальная сила тока	Максимальна сила струму
name	Клещи молоток для снятия грузиков	Кліщі-молоток для зняття вантажиків
name	Положение оператора	Положення оператора
name	Предел взвешивания	Межа зважування
name	Минимальное обжимаемое сечение	Мінімальний обтискуваний переріз
name	Максимальное обжимаемое сечение	Максимальний обтискуваний переріз
name	Возможность транспортировки	Можливість транспортування
name	Усилие обжима	Зусилля обтиску
name	Применение трубореза для резки:	Застосування труборіза для різання:
name	Тип присоединения	Тип приєднання
name	Возможность подключения к компьютеру	Можливість підключення до комп'ютера
name	Максимальная толщина реза	Максимальна товщина різу
name	Среда измерения	Середовище вимірювання
name	Максимальная температура измерения (°C)	Максимальна температура вимірювання (°C)
name	Минимальная температура измерения (°C)	Мінімальна температура вимірювання (°C)
name	Минимальное значение влажности	Мінімальне значення вологості
name	Сигнализация разгоризонтовки	Сигналізація розгоризонтування
name	Область применения изделия	Область застосування виробу
name	Сопротивление форсунок	Опір форсунок
name	Световой поток (лм)	Світловий потік (лм)
name	Гибкая трубка	Гнучка трубка
name	Тип разведения	Тип розведення
name	Инициализация угла поворота колес	Ініціалізація кута повороту коліс
name	Минимальное рабочее расстояние	Мінімальна робоча відстань
name	Блокировка кнопки включения	Блокування кнопки увімкнення
name	Переходной штуцер	Перехідний штуцер
name	Операционная система	Операційна система
name	Фиксатор тормозной педали	Фіксатор гальмівної педалі
name	Максимальная толщина протачиваемого диска	Максимальна товщина проточуваного диска
name	Точность механизма подвода резцов	Точність механізму підведення різців
name	Совместимость с моделью	Сумісність із моделлю
name	База-основание	База-основа
name	Рабочая частота	Робоча частота
name	Производительность  пескоструя	Продуктивність піскоструменя
name	Минимальная температура	Мінімальна температура
name	Максимальная температура	Максимальна температура
name	Метод измерения	Метод вимірювання
name	Минимальная рабочая температура	Мінімальна робоча температура
name	Шкала твердости	Шкала твердості
name	Номинальное время измерения	Номінальний час вимірювання
name	Максимальная глубина обнаружения	Максимальна глибина виявлення
name	Температурная компенсация	Температурна компенсація
name	Наличие термометра	Наявність термометра
name	Максимальная нагрузка на полку	Максимальне навантаження на полицю
name	Максимальная глубина нарезки	Максимальна глибина нарізання
name	Конструкция стремянки	Конструкція драбини-стрем'янки
name	Максимальная нагрузка	Максимальне навантаження
name	Максимальное расширение:	Максимальне розширення:
name	Применение	Застосування
name	Особенности:	Особливості:
name	Способ продувания	Спосіб продування
name	Действие обратного молотка	Дія зворотного молотка
name	Контролируемая среда	Контрольоване середовище
name	Максимальная глубина захвата	Максимальна глибина захоплення
name	изогнутая	вигнута
name	Разрешающая способность (Мп)	Роздільна здатність (Мп)
name	Погрешность на 100 мкм	Похибка на 100 мкм
name	Принцип измерения	Принцип вимірювання
name	Заточка лезвия	Заточення леза
name	Система гашения вибрации	Система гасіння вібрації
name	Тип поршневого компрессора по количеству степеней сжатия	Тип поршневого компресора за кількістю ступенів стиснення
name	Тип поверхности	Тип поверхні
name	Управление	Керування
name	Входная вилка	Вхідна вилка
name	Сечение жил	Переріз жил
name	Тактность двигателя	Тактність двигуна
name	Вязкость масла по SAE	В'язкість оливи за SAE
name	Дальность светового луча	Дальність світлового променя
name	Производительность краскопульта	Продуктивність фарбопульта
name	Максимальная температура жала	Максимальна температура жала
name	Максимально допустимая рабочая нагрузка	Максимально допустиме робоче навантаження
name	Тип крепления	Тип кріплення
value	торцевая головка	торцева головка
value	Прямой	Прямий
value	рожково-накидной	ріжково-накидний
value	Новое	Нове
value	Накидной	Накидний
value	Стандартная	Стандартна
value	Прямой шлиц	Прямий шліц
value	Торцевой	Торцевий
value	Инфракрасный	Інфрачервоний
value	Текстово-цифровой	Текстово-цифровий
value	Точечный	Точковий
value	Светодиодная	Світлодіодна
value	Ручной	Ручний
value	Крестовой (Phillips/PH)	Хрестовий (Phillips/PH)
value	Цифровой	Цифровий
value	Метрическая система (м, см, мм)	Метрична система (м, см, мм)
value	накидной с трещоткой	накидний із тріскачкою
value	Цветной	Кольоровий
value	Воздушная	Повітряна
value	Передвижной	Пересувний
value	Портативный	Портативний
value	Универсальная батарея	Універсальна батарея
value	Механическая рулетка	Механічна рулетка
value	Разрезной	Розрізний
value	Головка торцевая	Головка торцева
value	Разводной	Розвідний
value	Винтовой	Гвинтовий
value	Голубой	Блакитний
value	газовый ключ	газовий ключ
value	Ударная	Ударна
value	Другой	Інший
value	Угловой (пневмотрещетка)	Кутовий (пневмотріскачка)
value	Неповоротная	Неповоротна
value	Резьбовой	Різьбовий
value	прямая	пряма
value	Обеспечение безопасности работ	Забезпечення безпеки робіт
value	Ящик переносной	Ящик переносний
value	накидной	накидний
value	Спиральное	Спіральне
value	Световая/Звуковая	Світлова/Звукова
value	Армированная резина	Армована гума
value	шарнирно-торцевой	шарнірно-торцевий
value	Цепной	Ланцюговий
value	для снятия изоляции с проводов	для зняття ізоляції з проводів
value	Прямая	Пряма
value	Черно-белый	Чорно-білий
value	Цифровой угломер	Цифровий кутомір
value	Локальное освещение	Локальне освітлення
value	Переносное	Переносне
value	Светодиодная матрица SMD	Світлодіодна матриця SMD
value	F-образная	F-подібна
value	Мужской	Чоловічий
value	Рабочая одежда	Робочий одяг
value	Готовое оборудование	Готове обладнання
value	Мобильная	Мобільна
value	Ручная	Ручна
value	Зарядное	Зарядний
value	Контактный	Контактний
value	Бытовой	Побутовий
value	Универсальная	Універсальна
value	Прижимной	Притискний
value	Ключевой	Ключовий
value	Быстрозажимной	Швидкозатискний
value	Дюймы|Метрическая|Футы	Дюйми|Метрична|Фути
value	От солнечной энергии|От сети|От USB	Від сонячної енергії|Від мережі|Від USB
value	Метрическая	Метрична
value	корщетка ручная	корщітка ручна
value	Пневматические	Пневматичні
value	Угловая	Кутова
value	Метрическая|Дюймы|Футы	Метрична|Дюйми|Фути
value	Цифровое	Цифрове
value	Фонарик|Индикатор уровня заряда|Быстрая зарядка	Ліхтарик|Індикатор рівня заряду|Швидка зарядка
value	Принадлежности	Приладдя
value	Лезвия	Леза
value	Пуско-зарядное	Пуско-зарядний
value	квадратная	квадратна
value	Верстак слесарный	Верстак слюсарний
value	Подъёмники ножничные	Підйомники ножичні
value	Шлифование	Шліфування
value	Шлифовальный	Шліфувальний
value	Индикатор уровня заряда|Быстрая зарядка|Фонарик	Індикатор рівня заряду|Швидка зарядка|Ліхтарик
value	Рожково-накидной с трещеткой	Ріжково-накидний із тріскачкою
value	прямоугольная (плоская)	прямокутна (плоска)
value	Свечной	Свічковий
value	Зеркала телескопические	Дзеркала телескопічні
value	арабские	арабські
value	лучковая	лучкова
value	Измерение напряжения	Вимірювання напруги
value	G-образная	G-подібна
value	Стационарный	Стаціонарний
value	Перчатки рабочие	Рукавички робочі
value	Комбинированные	Комбіновані
value	Трехточечный	Триточковий
value	Универсальный	Універсальний
value	Функции Пифагора|Непрерывное измерение|Подсветка дисплея	Функції Піфагора|Безперервне вимірювання|Підсвічування дисплея
value	Непрерывное измерение|Подсветка дисплея|Функции Пифагора	Безперервне вимірювання|Підсвічування дисплея|Функції Піфагора
value	Монохромная	Монохромна
value	Унции|Килограммы|Фунты	Унції|Кілограми|Фунти
value	Магнитное	Магнітне
value	Реверсивная	Реверсивна
value	Резьбовая	Різьбова
value	Труборезы	Труборізи
value	обратный	зворотний
value	круглая	кругла
value	треугольная (равносторонняя)	трикутна (рівностороння)
value	Диаметр заклепок: 3.2 мм (1/8"), 4.0 мм (5/32"), 4.8 мм (3/16"), 6.4 мм (1/4")	Діаметр заклепок: 3.2 мм (1/8"), 4.0 мм (5/32"), 4.8 мм (3/16"), 6.4 мм (1/4")
value	Измерение длины	Вимірювання довжини
value	Нержавеющая сталь	Нержавіюча сталь
value	Жидкость/Пар/Газ/Кислород	Рідина/Пара/Газ/Кисень
value	Бесконтактный	Безконтактний
value	Метрическая|Дюймы	Метрична|Дюйми
value	Метрическая система (м, см, мм)|Неметрическая система (дюймы)	Метрична система (м, см, мм)|Неметрична система (дюйми)
value	Присоединительный квадрат: 1/2"\nДлина: 600 мм	Приєднувальний квадрат: 1/2"\nДовжина: 600 мм
value	Ленточная	Стрічкова
value	Аналоговый	Аналоговий
value	Стационарная	Стаціонарна
value	пластиковых труб	пластикових труб
value	Ножницы-труборез	Ножиці-труборіз
value	Присоединительный квадрат: 1/2"\nДлина: 380 мм	Приєднувальний квадрат: 1/2"\nДовжина: 380 мм
value	Объем: 300 мл. Длина: 230 мм.	Об'єм: 300 мл. Довжина: 230 мм.
value	Пистолеты для герметиков	Пістолети для герметиків
value	Лом-гвоздодёр	Лом-цвяходер
value	Шестигранный (HEX)	Шестигранний (HEX)
value	Стенды для правки кузовов	Стенди для правки кузовів
value	Присоединительный квадрат: 1/2"\nДлина: 300 мм	Приєднувальний квадрат: 1/2"\nДовжина: 300 мм
value	Линейная (2 точки)	Лінійна (2 точки)
value	Присоединительный квадрат: 1/2"\nДлина: 250 мм	Приєднувальний квадрат: 1/2"\nДовжина: 250 мм
value	винтовой	гвинтовий
value	Для духовой печи|Для измерения температуры пищи	Для духової печі|Для вимірювання температури їжі
value	Электронный (цифровой) со щупом	Електронний (цифровий) зі щупом
value	Для базовой проверки	Для базової перевірки
value	Универсальная солнечная батарея	Універсальна сонячна батарея
value	Индикатор уровня заряда|Быстрая зарядка	Індикатор рівня заряду|Швидка зарядка
value	Подвесной	Підвісний
value	Сборно-разборная	Збірно-розбірна
value	Максимальный|Средний|Минимальный	Максимальний|Середній|Мінімальний
value	Перфорированная панель	Перфорована панель
value	Присоединительный квадрат: 1/2"\nДлина: 450 мм	Приєднувальний квадрат: 1/2"\nДовжина: 450 мм
value	Присоединительный квадрат: 1/2"\nДлина: 62 мм	Приєднувальний квадрат: 1/2"\nДовжина: 62 мм
value	Присоединительный квадрат: 1/2"\nДлина: 460 мм	Приєднувальний квадрат: 1/2"\nДовжина: 460 мм
value	Присоединительный квадрат: 1/2"\nРазмер: HEX 10мм\nДлина: 140мм	Приєднувальний квадрат: 1/2"\nРозмір: HEX 10мм\nДовжина: 140мм
value	Присоединительный квадрат: 1/4"\nДлина: 150 мм	Приєднувальний квадрат: 1/4"\nДовжина: 150 мм
value	Размер: SL3х0.5, 4х0.5, 5.5х1, 6.5х1.2, PH1-PH3, PZ1-PZ3, TORX с отв.Т30, Т40, TORX Т10-Т40, HEX3-6мм	Розмір: SL3х0.5, 4х0.5, 5.5х1, 6.5х1.2, PH1-PH3, PZ1-PZ3, TORX з отв.Т30, Т40, TORX Т10-Т40, HEX3-6мм
value	Рабочий размер: TORX T20\nПрисоединительный квадрат: 1/4"	Робочий розмір: TORX T20\nПриєднувальний квадрат: 1/4"
value	шарнирно-накидной	шарнірно-накидний
value	Звуковая	Звукова
value	Крестовой (Pozidriv/PZ)	Хрестовий (Pozidriv/PZ)
value	Стандартная (прямая)	Стандартна (пряма)
value	Присоединительный квадрат: 3/8"\nДлина: 200 мм	Приєднувальний квадрат: 3/8"\nДовжина: 200 мм
value	ножной	ножний
value	плоская	плоска
value	Адаптеры	Адаптери
value	Скобы и гвозди	Скоби та цвяхи
value	Плоскогубцы, пассатижи	Плоскогубці, пасатижі
value	Обжимной инструмент	Обтискний інструмент
value	Фиксаторы	Фіксатори
value	Присоединительный квадрат: 3/4"\nДлина: 460 мм	Приєднувальний квадрат: 3/4"\nДовжина: 460 мм
value	Резьбомер дюймовый	Різьбомір дюймовий
value	Рабочее давление: 6,2 бар\nПневморазъем: 1/4"	Робочий тиск: 6,2 бар\nПневмороз'єм: 1/4"
value	Нагрузочная вилка	Навантажувальна вилка
value	Длина - 100 мм	Довжина - 100 мм
value	Присоединительный квадрат: 1/2"\nДлина: 360 мм	Приєднувальний квадрат: 1/2"\nДовжина: 360 мм
value	вороток коленчатый	вороток колінчастий
value	Подъемники четырехстоечные	Підйомники чотиристійкові
value	Мультиметры	Мультиметри
value	Вороток Т-образный	Вороток Т-подібний
value	Присоединительный квадрат: 1/2"\nРазмер: HEX 6мм\nДлина: 140мм	Приєднувальний квадрат: 1/2"\nРозмір: HEX 6мм\nДовжина: 140мм
value	Поворотная	Поворотна
value	полукруглая	напівкругла
value	Листовые	Листові
value	Древесина|Изделия из древесины|Целлюлозно-бумажные изделия|Кирпич|Стройматериалы	Деревина|Вироби з деревини|Целюлозно-паперові вироби|Цегла|Будматеріали
value	Телефонный кабель|Медный кабель|Витая пара	Телефонний кабель|Мідний кабель|Вита пара
value	Витая пара|Телефонный кабель|Медный кабель	Вита пара|Телефонний кабель|Мідний кабель
value	Компрессорное	Компресорне
value	Текстово-цифровой/Графический	Текстово-цифровий/Графічний
value	Картонная коробка	Картонна коробка
value	Фонарик|Быстрая зарядка|Индикатор уровня заряда	Ліхтарик|Швидка зарядка|Індикатор рівня заряду
value	Монокристаллическая	Монокристалічна
value	Аморфный кремний	Аморфний кремній
value	Аккумулятор|Солнечная батарея	Акумулятор|Сонячна батарея
value	Для наружного освещения зданий|Для освещения парковок|Для ЖКХ|Для освещения рекламных конструкций	Для зовнішнього освітлення будівель|Для освітлення паркувань|Для ЖКГ|Для освітлення рекламних конструкцій
value	Для освещения парковок|Для наружного освещения зданий|Для освещения рекламных конструкций|Для ЖКХ	Для освітлення паркувань|Для зовнішнього освітлення будівель|Для освітлення рекламних конструкцій|Для ЖКГ
value	Для ЖКХ|Для наружного освещения зданий|Для освещения рекламных конструкций|Для освещения парковок	Для ЖКГ|Для зовнішнього освітлення будівель|Для освітлення рекламних конструкцій|Для освітлення паркувань
value	Зернопродукты|Семена овощей|Семена зерновых культур	Зернопродукти|Насіння овочів|Насіння зернових культур
value	Резьбовое	Різьбове
value	Наличие ручки для перемещения	Наявність ручки для переміщення
value	Пластик|Алюминиевый сплав	Пластик|Алюмінієвий сплав
value	Красная подсветка	Червоне підсвічування
value	Универсальное	Універсальне
value	Присоединительный квадрат: 1/2"\nРазмер: RIBE M8\nДлина: 100мм	Приєднувальний квадрат: 1/2"\nРозмір: RIBE M8\nДовжина: 100мм
value	Присоединительный квадрат: 1/2"\nРазмер: 14мм\nДлина: 34мм	Приєднувальний квадрат: 1/2"\nРозмір: 14мм\nДовжина: 34мм
value	Присоединительный квадрат: 3/4"\nДлина: 135 мм	Приєднувальний квадрат: 3/4"\nДовжина: 135 мм
value	Присоединительный квадрат: 1/2"\nРазмер: SPLINE M12\nДлина: 55мм	Приєднувальний квадрат: 1/2"\nРозмір: SPLINE M12\nДовжина: 55мм
value	Присоединительный квадрат: 1/4"\nРазмер: PZ1\nДлина: 37мм	Приєднувальний квадрат: 1/4"\nРозмір: PZ1\nДовжина: 37мм
value	Присоединительный квадрат: 3/8"\nДлина: 250 мм	Приєднувальний квадрат: 3/8"\nДовжина: 250 мм
value	Присоединительный квадрат: 3/4"\nДлина: 93 мм	Приєднувальний квадрат: 3/4"\nДовжина: 93 мм
value	Рабочий размер: TORX T25\nПрисоединительный квадрат: 1/4"	Робочий розмір: TORX T25\nПриєднувальний квадрат: 1/4"
value	Присоединительный квадрат: 1/2"\nРазмер: SPLINE M10\nДлина: 140мм	Приєднувальний квадрат: 1/2"\nРозмір: SPLINE M10\nДовжина: 140мм
value	Размер зеркала: 55 мм\nДлина рукоятки: 268-955 мм	Розмір дзеркала: 55 мм\nДовжина рукоятки: 268-955 мм
value	Размеры выколотки игольчатого типа: 4х9.5х150 мм.\nРазмеры узкого зубила: 5х9,5х130 мм.\nРазмеры ручного зубила: 12х9,5х130 мм.\nРазмеры конусообразной выколотки: 3х9,5х120 мм.\nРазмеры центрирующей выколотки: 2х9,5х120 мм.	Розміри вибивача голчастого типу: 4х9.5х150 мм.\nРозміри вузького зубила: 5х9,5х130 мм.\nРозміри ручного зубила: 12х9,5х130 мм.\nРозміри конусоподібного вибивача: 3х9,5х120 мм.\nРозміри центрувального вибивача: 2х9,5х120 мм.
value	Присоединительный квадрат: 3/8"\nДлина: 52 мм	Приєднувальний квадрат: 3/8"\nДовжина: 52 мм
value	Присоединительный квадрат: 1/2"\nРазмер: HEX 10мм\nДлина: 55мм	Приєднувальний квадрат: 1/2"\nРозмір: HEX 10мм\nДовжина: 55мм
value	Рабочий размер: TORX T8\nПрисоединительный квадрат: 1/4"	Робочий розмір: TORX T8\nПриєднувальний квадрат: 1/4"
value	Присоединительный квадрат: 1/2"\nРазмер: SPLINE M6\nДлина: 55мм	Приєднувальний квадрат: 1/2"\nРозмір: SPLINE M6\nДовжина: 55мм
value	Присоединительный квадрат: 1/4"\nРазмер: PZ2\nДлина: 37мм	Приєднувальний квадрат: 1/4"\nРозмір: PZ2\nДовжина: 37мм
value	Присоединительный квадрат: 1/4"\nДлина: 460 мм	Приєднувальний квадрат: 1/4"\nДовжина: 460 мм
value	Присоединительный квадрат: 1/2"\nДлина: 760 мм	Приєднувальний квадрат: 1/2"\nДовжина: 760 мм
value	Присоединительный квадрат: 1/2"\nДлина: 500 мм	Приєднувальний квадрат: 1/2"\nДовжина: 500 мм
value	Рожково-накидной	Ріжково-накидний
value	Присоединительный квадрат: 1/4"\nРазмер: PH1\nДлина: 37мм	Приєднувальний квадрат: 1/4"\nРозмір: PH1\nДовжина: 37мм
value	Размер зеркала: 55 мм\nДлина рукоятки: 262-950 мм	Розмір дзеркала: 55 мм\nДовжина рукоятки: 262-950 мм
value	Ключ накидной	Ключ накидний
value	Биты 1/4" 25 мм: PH1, PH2, SL 0.6x4.5, SL 1x5.5, SL 1.2x6.5, T15, T20, T25, SQ1, SQ2	Біти 1/4" 25 мм: PH1, PH2, SL 0.6x4.5, SL 1x5.5, SL 1.2x6.5, T15, T20, T25, SQ1, SQ2
value	Присоединительный квадрат: 1/2"\nРазмер: SPLINE M16\nДлина: 55мм	Приєднувальний квадрат: 1/2"\nРозмір: SPLINE M16\nДовжина: 55мм
value	Присоединительный квадрат: 1/2"\nРазмер: HEX 19мм\nДлина: 55мм	Приєднувальний квадрат: 1/2"\nРозмір: HEX 19мм\nДовжина: 55мм
value	Присоединительный квадрат: 3/4"\nДлина: 528 мм	Приєднувальний квадрат: 3/4"\nДовжина: 528 мм
value	Зарядное устройство	Зарядний пристрій
value	Присоединительный квадрат: 3/4"\nРазмер: M18\nДлина: 105мм	Приєднувальний квадрат: 3/4"\nРозмір: M18\nДовжина: 105мм
value	Присоединительный квадрат: 1/2"\nРазмер: 17мм\nДлина: 34мм	Приєднувальний квадрат: 1/2"\nРозмір: 17мм\nДовжина: 34мм
value	Присоединительный квадрат: 1/2"\nРазмер: 12мм\nДлина: 34мм	Приєднувальний квадрат: 1/2"\nРозмір: 12мм\nДовжина: 34мм
value	Присоединительный квадрат: 1/2"\nРазмер: HEX 6мм\nДлина: 55мм	Приєднувальний квадрат: 1/2"\nРозмір: HEX 6мм\nДовжина: 55мм
value	Присоединительный квадрат: 1/4"\nРазмер: PH2\nДлина: 37мм	Приєднувальний квадрат: 1/4"\nРозмір: PH2\nДовжина: 37мм
value	Присоединительный квадрат: 1/2"\nРазмер: HEX 8мм\nДлина: 140мм	Приєднувальний квадрат: 1/2"\nРозмір: HEX 8мм\nДовжина: 140мм
value	Присоединительный квадрат: 1"\nДлина: 650 мм	Приєднувальний квадрат: 1"\nДовжина: 650 мм
value	Бокорезы: 175мм, Плоскогубцы: 175мм, Плоскогубцы с удлиненными губками: 200мм, Плоскогубцы переставные: 10х240мм	Бокорізи: 175мм, Плоскогубці: 175мм, Плоскогубці з подовженими губками: 200мм, Плоскогубці переставні: 10х240мм
value	Плоскогубцы 7", Плоскогубцы с удлиненными губками 8", Плоскогубцы переставные 10" X 240mm	Плоскогубці 7", Плоскогубці з подовженими губками 8", Плоскогубці переставні 10" X 240mm
value	Биты 1/4" 25 мм Hex: 2, 3, 4, 5, 6, 7, 8 мм\nГ-образный переходник	Біти 1/4" 25 мм Hex: 2, 3, 4, 5, 6, 7, 8 мм\nГ-подібний перехідник
value	торцевой	торцевий
value	Рабочий размер: TORX T15\nПрисоединительный квадрат: 1/4"	Робочий розмір: TORX T15\nПриєднувальний квадрат: 1/4"
value	Присоединительный квадрат: 3/4"\nРазмер: HEX 17мм\nДлина: 79мм	Приєднувальний квадрат: 3/4"\nРозмір: HEX 17мм\nДовжина: 79мм
value	Присоединительный квадрат: 3/4"\nРазмер: HEX 22мм\nДлина: 79мм	Приєднувальний квадрат: 3/4"\nРозмір: HEX 22мм\nДовжина: 79мм
value	Диаметр коронок: 32-210 мм	Діаметр коронок: 32-210 мм
value	Присоединительный квадрат: 1/2"\nДлина: 260 мм	Приєднувальний квадрат: 1/2"\nДовжина: 260 мм
value	Присоединительный квадрат: 1/2"\nРазмер: 16мм\nДлина: 34мм	Приєднувальний квадрат: 1/2"\nРозмір: 16мм\nДовжина: 34мм
value	Хром-ванадиевая сталь	Хром-ванадієва сталь
value	Присоединительный квадрат: 1/4"\nРазмер: PH3\nДлина: 19,5мм	Приєднувальний квадрат: 1/4"\nРозмір: PH3\nДовжина: 19,5мм
value	Присоединительный квадрат: 1/2"\nРазмер: SPLINE M10\nДлина: 55мм	Приєднувальний квадрат: 1/2"\nРозмір: SPLINE M10\nДовжина: 55мм
value	Диаметр заклепок:  3.0/3.2мм (1/8"), 4.0мм (5/32"), 4.8/5.0мм (5/32"), 6.0мм (3/16"), 6.4мм (1/4")	Діаметр заклепок:  3.0/3.2мм (1/8"), 4.0мм (5/32"), 4.8/5.0мм (5/32"), 6.0мм (3/16"), 6.4мм (1/4")
value	Присоединительный квадрат: 1/4"\nРазмер: PH1\nДлина: 19,5мм	Приєднувальний квадрат: 1/4"\nРозмір: PH1\nДовжина: 19,5мм
value	Присоединительный квадрат: 1/2"\nРазмер: RIBE M10\nДлина: 100мм	Приєднувальний квадрат: 1/2"\nРозмір: RIBE M10\nДовжина: 100мм
value	Присоединительный квадрат: 1/4"\nДлина: 115 мм	Приєднувальний квадрат: 1/4"\nДовжина: 115 мм
value	Присоединительный квадрат: 1/2"\nРазмер: SPLINE M14\nДлина: 100мм	Приєднувальний квадрат: 1/2"\nРозмір: SPLINE M14\nДовжина: 100мм
value	Рабочий размер: TORX T40\nПрисоединительный квадрат: 1/4"	Робочий розмір: TORX T40\nПриєднувальний квадрат: 1/4"
value	Присоединительный квадрат: 1"\nДлина: 560 мм	Приєднувальний квадрат: 1"\nДовжина: 560 мм
value	Размер: SL 4х0.5, 5.5х1, 6.5х1.2мм, PH1-PH3, PZ1-PZ3, HEX3-6мм,TORX Т10-Т40, TORX с отв. Т10-Т40	Розмір: SL 4х0.5, 5.5х1, 6.5х1.2мм, PH1-PH3, PZ1-PZ3, HEX3-6мм,TORX Т10-Т40, TORX з отв. Т10-Т40
value	Рабочий размер: TORX T10\nПрисоединительный квадрат: 1/4"	Робочий розмір: TORX T10\nПриєднувальний квадрат: 1/4"
value	Плоскогубцы и бокорезы - 7", плоскогубцы с удлиненными губками - 8"	Плоскогубці та бокорізи - 7", плоскогубці з подовженими губками - 8"
value	диаметр 150 мм	діаметр 150 мм
value	Присоединительный квадрат: 1"\nДлина: 114 мм	Приєднувальний квадрат: 1"\nДовжина: 114 мм
value	Присоединительный квадрат: 1/2"\nРазмер: HEX 14мм\nДлина: 55мм	Приєднувальний квадрат: 1/2"\nРозмір: HEX 14мм\nДовжина: 55мм
value	Присоединительный квадрат: 1/2"\nРазмер: HEX 5мм\nДлина: 180мм	Приєднувальний квадрат: 1/2"\nРозмір: HEX 5мм\nДовжина: 180мм
value	Присоединительный квадрат: 1/2"\nРабочий размер: M16H\nОбщая длина: 60мм\nПрименяемость: Audi A4-A6, VW Passat, Porsche Boxster	Приєднувальний квадрат: 1/2"\nРобочий розмір: M16H\nЗагальна довжина: 60мм\nЗастосовність: Audi A4-A6, VW Passat, Porsche Boxster
value	Присоединительный квадрат: 1/2"\nРазмер: 10мм\nДлина: 34мм	Приєднувальний квадрат: 1/2"\nРозмір: 10мм\nДовжина: 34мм
value	BANJO (универсальный), 5/16" (8мм), 3/8" (9.5мм), 1/2" (12.7мм)	BANJO (універсальний), 5/16" (8мм), 3/8" (9.5мм), 1/2" (12.7мм)
value	BANJO (универсальный), 1/2” (12.7мм), 3/8” (10мм), 5/16” (8мм)	BANJO (універсальний), 1/2” (12.7мм), 3/8” (10мм), 5/16” (8мм)
value	Присоединительный квадрат: 1/2"\nРазмер: SPLINE M12\nДлина: 100мм	Приєднувальний квадрат: 1/2"\nРозмір: SPLINE M12\nДовжина: 100мм
value	Однотумбовый	Однотумбовий
value	Присоединительный квадрат: 3/4"\nДлина: 350 мм	Приєднувальний квадрат: 3/4"\nДовжина: 350 мм
value	Присоединительный квадрат: 1/2"\nРазмер: HEX 8мм\nДлина: 55мм	Приєднувальний квадрат: 1/2"\nРозмір: HEX 8мм\nДовжина: 55мм
value	Присоединительный квадрат: 1/2"\nРазмер: RIBE M12\nДлина: 100мм	Приєднувальний квадрат: 1/2"\nРозмір: RIBE M12\nДовжина: 100мм
value	Присоединительный квадрат: 1/4"\nДлина: 185 мм	Приєднувальний квадрат: 1/4"\nДовжина: 185 мм
value	Присоединительный квадрат: 1/4"\nРазмер: HEX 6мм\nДлина: 37мм	Приєднувальний квадрат: 1/4"\nРозмір: HEX 6мм\nДовжина: 37мм
value	Длина: 200 мм	Довжина: 200 мм
value	15 ед.	15 од.
value	Присоединительный квадрат: 1/2"\nРазмер: HEX 10мм\nДлина: 80мм	Приєднувальний квадрат: 1/2"\nРозмір: HEX 10мм\nДовжина: 80мм
value	Присоединительный квадрат: 1/2"\nРазмер: SPLINE M10\nДлина: 100мм	Приєднувальний квадрат: 1/2"\nРозмір: SPLINE M10\nДовжина: 100мм
value	Биты 1/4" PH2 65 мм: 10 шт	Біти 1/4" PH2 65 мм: 10 шт
value	разрезной	розрізний
value	PH (крестовые)\nPZ (крестовые)\nSL (шлицевые)\nTorx\nШестигранные\nSQ	PH (хрестові)\nPZ (хрестові)\nSL (шліцеві)\nTorx\nШестигранні\nSQ
value	Битодержатель 1/4" L-образный с магнитом	Бітотримач 1/4" L-подібний з магнітом
value	Плоскогубцы 7", Плоскогубцы с удлиненными губками 8", Бокорезы 7"	Плоскогубці 7", Плоскогубці з подовженими губками 8", Бокорізи 7"
value	Манометр \nШланг высокого давления с клапаном (15") \nСоединители – адаптеры под свечу накала \nСоединители - адаптеры под форсунки \nШайбы/уплотнения \nКейс (размеры: 380х310х92 мм)	Манометр \nШланг високого тиску з клапаном (15") \nЗ'єднувачі – адаптери під свічку розжарювання \nЗ'єднувачі - адаптери під форсунки \nШайби/ущільнення \nКейс (розміри: 380х310х92 мм)
value	Плоскогубцы - 7", бокорезы - 6", плоскогубцы с удлиненными губками - 8"	Плоскогубці - 7", бокорізи - 6", плоскогубці з подовженими губками - 8"
value	Кардан шарнирный	Кардан шарнірний
value	Фонарь инспекционный	Ліхтар інспекційний
value	Аккумуляторные	Акумуляторні
value	ручной	ручний
value	Присоединительный квадрат: 1/2"\nРазмер: HEX 7мм\nДлина: 100мм	Приєднувальний квадрат: 1/2"\nРозмір: HEX 7мм\nДовжина: 100мм
value	Длина: 530 мм	Довжина: 530 мм
value	Рабочий размер: 22мм (7/8")\nПрисоединительный размер: 3/8" квадрат или 1" шестигранник	Робочий розмір: 22мм (7/8")\nПриєднувальний розмір: 3/8" квадрат або 1" шестигранник
value	Присоединительный квадрат: 1/2"\nРазмер: SPLINE M12\nДлина: 140мм	Приєднувальний квадрат: 1/2"\nРозмір: SPLINE M12\nДовжина: 140мм
value	Карданный	Карданний
value	Присоединительный квадрат: 1/4"\nРазмер: HEX 8мм\nДлина: 19,5мм	Приєднувальний квадрат: 1/4"\nРозмір: HEX 8мм\nДовжина: 19,5мм
value	Присоединительный квадрат: 1/2"\nРазмер: 13мм\nДлина: 34мм	Приєднувальний квадрат: 1/2"\nРозмір: 13мм\nДовжина: 34мм
value	Присоединительный квадрат: 1/4"\nРазмер: HEX 6мм\nДлина: 19,5мм	Приєднувальний квадрат: 1/4"\nРозмір: HEX 6мм\nДовжина: 19,5мм
value	Присоединительный квадрат: 3/4"\nДлина: 512 мм	Приєднувальний квадрат: 3/4"\nДовжина: 512 мм
value	Расход воздуха: 283,17 л/мин. \nВход воздуха: 1/4 дюйма \nВоздушный шланг: 3/8 дюйма	Витрата повітря: 283,17 л/хв. \nВхід повітря: 1/4 дюйма \nПовітряний шланг: 3/8 дюйма
value	Длина: 171 мм	Довжина: 171 мм
value	Присоединительный квадрат: 1/2"\nРазмер: SPLINE M14\nДлина: 140мм	Приєднувальний квадрат: 1/2"\nРозмір: SPLINE M14\nДовжина: 140мм
value	Биты 1/2" 10 мм L-30 мм Torx: T25, T30, T40, Т45, Т50, Т55, Держатель бит 1/2"х10 мм	Біти 1/2" 10 мм L-30 мм Torx: T25, T30, T40, Т45, Т50, Т55, Тримач біт 1/2"х10 мм
value	Диаметр проволоки: алюминий - 3 мм; сталь - 2 мм \nДиаметр зачищаемых проводов: 1,2 и 1,6 мм	Діаметр дроту: алюміній - 3 мм; сталь - 2 мм \nДіаметр зачищуваних проводів: 1,2 і 1,6 мм
value	Размеры: 10х140мм, 12х150мм, 15х160мм, 19х180мм, 22х200мм	Розміри: 10х140мм, 12х150мм, 15х160мм, 19х180мм, 22х200мм
value	Белый	Білий
value	6-гранные	6-гранні
value	Короткая (мини трещётка)	Коротка (міні тріскачка)
value	PH (крестовые)\nPZ (крестовые)\nSL (шлицевые)\nTorx\nШестигранные	PH (хрестові)\nPZ (хрестові)\nSL (шліцеві)\nTorx\nШестигранні
value	Задняя панель для инструментальной тележки. На заднюю панель может быть размещено до 10 крючков длиной 2". Может использоваться только с тележками серий PRO-LINE и GENERAL.	Задня панель для інструментального візка. На задню панель може бути розміщено до 10 гачків довжиною 2". Може використовуватися лише з візками серій PRO-LINE та GENERAL.
value	Присоединительный квадрат: 1/4"\nРазмер: HEX 4мм\nДлина: 37мм	Приєднувальний квадрат: 1/4"\nРозмір: HEX 4мм\nДовжина: 37мм
value	Присоединительный квадрат: 1/4"\nРазмер: HEX 8мм\nДлина: 37мм	Приєднувальний квадрат: 1/4"\nРозмір: HEX 8мм\nДовжина: 37мм
value	Присоединительный квадрат: 1/2"\nРазмер: SPLINE M14\nДлина: 55мм	Приєднувальний квадрат: 1/2"\nРозмір: SPLINE M14\nДовжина: 55мм
value	Присоединительный квадрат: 3/8"\nДлина: 46 мм	Приєднувальний квадрат: 3/8"\nДовжина: 46 мм
value	Рабочий размер: E12\nПрисоединительный квадрат: 1/2"\nДлина: 140мм\nПрименяемость: BMW, Mercedes, Opel, Vauxhall и др.	Робочий розмір: E12\nПриєднувальний квадрат: 1/2"\nДовжина: 140мм\nЗастосовність: BMW, Mercedes, Opel, Vauxhall та ін.
value	Присоединительный квадрат: 1/4"\nРазмер: PH3\nДлина: 37мм	Приєднувальний квадрат: 1/4"\nРозмір: PH3\nДовжина: 37мм
value	Присоединительный квадрат: 1/2"\nТип: Hex\nРабочий размер: 7/8"(22 мм)	Приєднувальний квадрат: 1/2"\nТип: Hex\nРобочий розмір: 7/8"(22 мм)
value	Присоединительный квадрат: 1/4"\nРазмер: HEX 4мм\nДлина: 19,5мм	Приєднувальний квадрат: 1/4"\nРозмір: HEX 4мм\nДовжина: 19,5мм
value	Присоединительный квадрат: 1/2"\nРазмер: HEX 7мм\nДлина: 55мм	Приєднувальний квадрат: 1/2"\nРозмір: HEX 7мм\nДовжина: 55мм
value	Присоединительный квадрат: 1/2"\nРазмер: RIBE M14\nДлина: 100мм	Приєднувальний квадрат: 1/2"\nРозмір: RIBE M14\nДовжина: 100мм
value	Диаметр зачищаемых проводов: 1,6 мм	Діаметр зачищуваних проводів: 1,6 мм
value	Присоединительный квадрат: 1"\nДлина: 1000 мм	Приєднувальний квадрат: 1"\nДовжина: 1000 мм
value	Присоединительный квадрат: 1/2"\nРазмер: HEX 8мм\nДлина: 100мм	Приєднувальний квадрат: 1/2"\nРозмір: HEX 8мм\nДовжина: 100мм
value	Рабочий размер: TORX T30\nПрисоединительный квадрат: 1/4"	Робочий розмір: TORX T30\nПриєднувальний квадрат: 1/4"
value	Персональный	Персональний
value	Отображение на дисплее, Включение определенного цвета светодиода	Відображення на дисплеї, Увімкнення певного кольору світлодіода
value	Присоединительный квадрат: 3/4"\nДлина: 600 мм	Приєднувальний квадрат: 3/4"\nДовжина: 600 мм
value	Присоединительный квадрат: 1/4"\nРазмер: HEX 3мм\nДлина: 37мм	Приєднувальний квадрат: 1/4"\nРозмір: HEX 3мм\nДовжина: 37мм
value	Присоединительный квадрат: 1/2"\nРазмер: HEX 17мм\nДлина: 55мм	Приєднувальний квадрат: 1/2"\nРозмір: HEX 17мм\nДовжина: 55мм
value	Присоединительный квадрат: 1/2"\nРазмер: HEX 5мм\nДлина: 140мм	Приєднувальний квадрат: 1/2"\nРозмір: HEX 5мм\nДовжина: 140мм
value	Размер: 27мм\nПрисоединительный квадрат: 1/2"\nДлина: 78мм	Розмір: 27мм\nПриєднувальний квадрат: 1/2"\nДовжина: 78мм
value	Присоединительный квадрат: 1/4"\nРазмер: HEX 7мм\nДлина: 37мм	Приєднувальний квадрат: 1/4"\nРозмір: HEX 7мм\nДовжина: 37мм
value	Для сухой уборки	Для сухого прибирання
value	Наружный диаметр: Ø 51мм\nВнутренний диаметр: Ø 42.5мм\nШирина штифа: 4.9мм	Зовнішній діаметр: Ø 51мм\nВнутрішній діаметр: Ø 42.5мм\nШирина штифта: 4.9мм
value	Зубъев: 33\nПрисоединительный квадрат: 17 мм\nНаружный диаметр: Ø19.5 мм\nВнутренний диаметр: Ø11.8 мм	Зубців: 33\nПриєднувальний квадрат: 17 мм\nЗовнішній діаметр: Ø19.5 мм\nВнутрішній діаметр: Ø11.8 мм
value	Присоединительный квадрат: 1/2"\nРазмер: RIBE M6\nДлина: 100мм	Приєднувальний квадрат: 1/2"\nРозмір: RIBE M6\nДовжина: 100мм
value	Присоединительный квадрат: 1/2"\nРазмер: RIBE M5\nДлина: 100мм	Приєднувальний квадрат: 1/2"\nРозмір: RIBE M5\nДовжина: 100мм
value	Присоединительный квадрат: 1/2"\nРазмер: 19мм\nДлина: 34мм	Приєднувальний квадрат: 1/2"\nРозмір: 19мм\nДовжина: 34мм
value	Присоединительный квадрат: 1/4"\nДлина: 39 мм	Приєднувальний квадрат: 1/4"\nДовжина: 39 мм
value	Присоединительный квадрат: 1/4"\nРазмер: HEX 3мм\nДлина: 19,5мм	Приєднувальний квадрат: 1/4"\nРозмір: HEX 3мм\nДовжина: 19,5мм
value	Присоединительный размер: 17мм\nРазмер гайки коробки передач: M16H\nОбщая длина: 38мм\nПрименяемость: AUDI, VW	Приєднувальний розмір: 17мм\nРозмір гайки коробки передач: M16H\nЗагальна довжина: 38мм\nЗастосовність: AUDI, VW
value	Присоединительный квадрат: 3/4"\nРазмер: HEX 19мм\nДлина: 79мм	Приєднувальний квадрат: 3/4"\nРозмір: HEX 19мм\nДовжина: 79мм
value	Присоединительный квадрат: 3/4"\nДлина: 300 мм	Приєднувальний квадрат: 3/4"\nДовжина: 300 мм
value	Присоединительный квадрат: 1/2"\nРазмер: RIBE M13\nДлина: 100мм	Приєднувальний квадрат: 1/2"\nРозмір: RIBE M13\nДовжина: 100мм
value	Присоединительный квадрат: 1/2"\nРазмер: 18мм\nДлина: 34мм	Приєднувальний квадрат: 1/2"\nРозмір: 18мм\nДовжина: 34мм
value	Зарядка для телефона|Противоударный	Зарядка для телефона|Протиударний
value	Размер зеркала: 50 x 90 мм\nДлина рукоятки: 307-443 мм	Розмір дзеркала: 50 x 90 мм\nДовжина рукоятки: 307-443 мм
value	Присоединительный квадрат: 1/4"\nДлина: 140 мм	Приєднувальний квадрат: 1/4"\nДовжина: 140 мм
value	Диаметр коронок: 14-30 мм	Діаметр коронок: 14-30 мм
value	Присоединительный квадрат: 1/2"\nРазмер: HEX 4мм\nДлина: 55мм	Приєднувальний квадрат: 1/2"\nРозмір: HEX 4мм\nДовжина: 55мм
value	Присоединительный квадрат: 3/4"\nДлина: 111 мм	Приєднувальний квадрат: 3/4"\nДовжина: 111 мм
value	Присоединительный квадрат: 1/2"\nРазмер: SPLINE M6\nДлина: 100мм	Приєднувальний квадрат: 1/2"\nРозмір: SPLINE M6\nДовжина: 100мм
value	Присоединительный квадрат: 3/4"\nДлина: 1000 мм	Приєднувальний квадрат: 3/4"\nДовжина: 1000 мм
value	Присоединительный квадрат: 3/8"\nДлина: 450 мм	Приєднувальний квадрат: 3/8"\nДовжина: 450 мм
value	Присоединительный квадрат: 1/2"\nДлина: 300-600 мм	Приєднувальний квадрат: 1/2"\nДовжина: 300-600 мм
value	Присоединительный квадрат: 3/4"\nДлина: 450 мм	Приєднувальний квадрат: 3/4"\nДовжина: 450 мм
value	Присоединительный квадрат: 1/2"\nРазмер: RIBE M16\nДлина: 100мм	Приєднувальний квадрат: 1/2"\nРозмір: RIBE M16\nДовжина: 100мм
value	Присоединительный квадрат: 1/4"\nРазмер: PH2\nДлина: 19,5мм	Приєднувальний квадрат: 1/4"\nРозмір: PH2\nДовжина: 19,5мм
value	Присоединительный квадрат: 1"\nДлина: 110 мм	Приєднувальний квадрат: 1"\nДовжина: 110 мм
value	Присоединительный квадрат: 1/2"\nРазмер: RIBE M7\nДлина: 100мм	Приєднувальний квадрат: 1/2"\nРозмір: RIBE M7\nДовжина: 100мм
value	Присоединительный квадрат: 1/4"\nРазмер: HEX 5мм\nДлина: 19,5мм	Приєднувальний квадрат: 1/4"\nРозмір: HEX 5мм\nДовжина: 19,5мм
value	Присоединительный квадрат: 1/2"\nРазмер: SPLINE M8\nДлина: 100мм	Приєднувальний квадрат: 1/2"\nРозмір: SPLINE M8\nДовжина: 100мм
value	Длина - 125 мм	Довжина - 125 мм
value	Пирометры	Пірометри
value	Биты 1/4" 37 мм Torx: Т8, T10, T15, T20, T25, T27, T30, T40\nДержатель для головок (планка)	Біти 1/4" 37 мм Torx: Т8, T10, T15, T20, T25, T27, T30, T40\nТримач для головок (планка)
value	Биты 1/4" 25 мм: шестигранник размером: 3, 4, 5, 6; вилка размером: 4, 6, 8; M5; M6; M8; SQ2	Біти 1/4" 25 мм: шестигранник розміром: 3, 4, 5, 6; вилка розміром: 4, 6, 8; M5; M6; M8; SQ2
value	Тестеры и измерители автомобильные	Тестери та вимірювачі автомобільні
value	Присоединительный квадрат: 1/4"\nРазмер: HEX 7мм\nДлина: 19,5мм	Приєднувальний квадрат: 1/4"\nРозмір: HEX 7мм\nДовжина: 19,5мм
value	Присоединительный квадрат: 1/4"\nРазмер: HEX 5мм\nДлина: 37мм	Приєднувальний квадрат: 1/4"\nРозмір: HEX 5мм\nДовжина: 37мм
value	Присоединительный квадрат: 1/2"\nДлина: 71 мм	Приєднувальний квадрат: 1/2"\nДовжина: 71 мм
value	Присоединительный квадрат: 1/2"\nРазмер: SPLINE M8\nДлина: 55мм	Приєднувальний квадрат: 1/2"\nРозмір: SPLINE M8\nДовжина: 55мм
value	Присоединительный квадрат: 1/2"\nРазмер: HEX 12мм\nДлина: 55мм	Приєднувальний квадрат: 1/2"\nРозмір: HEX 12мм\nДовжина: 55мм
value	Присоединительный квадрат: 1/4"\nРазмер: PH4\nДлина: 37мм	Приєднувальний квадрат: 1/4"\nРозмір: PH4\nДовжина: 37мм
value	Размер зеркала: 44 x 66 мм\nДлина рукоятки: 275-965 мм	Розмір дзеркала: 44 x 66 мм\nДовжина рукоятки: 275-965 мм
value	Переносной	Переносний
value	Биты 1/4" 25 мм: 1 мм, 2 мм, 3 мм, 6 мм, 8 мм, 10 мм, Т8, Т10, T15, T20, T25	Біти 1/4" 25 мм: 1 мм, 2 мм, 3 мм, 6 мм, 8 мм, 10 мм, Т8, Т10, T15, T20, T25
value	Присоединительный квадрат: 1/2"\nРазмер: 15мм\nДлина: 34мм	Приєднувальний квадрат: 1/2"\nРозмір: 15мм\nДовжина: 34мм
value	Детекторы	Детектори
value	Электропроводка	Електропроводка
value	Манометр\nДлинный гибкий шланг (13")\nАдаптеры 14 и 18 мм\nАлюминиевый удлинитель\nКейс	Манометр\nДовгий гнучкий шланг (13")\nАдаптери 14 і 18 мм\nАлюмінієвий подовжувач\nКейс
value	18 ед.	18 од.
value	Присоединительный квадрат: 1/2"\nРазмер: HEX 5мм\nДлина: 100мм	Приєднувальний квадрат: 1/2"\nРозмір: HEX 5мм\nДовжина: 100мм
value	Биты 10 мм L30мм T40 10 шт	Біти 10 мм L30мм T40 10 шт
value	флажковый	прапорцевий
value	Присоединительный квадрат: 1/2"\nРазмер: HEX 5мм\nДлина: 55мм	Приєднувальний квадрат: 1/2"\nРозмір: HEX 5мм\nДовжина: 55мм
value	2 ед.	2 од.
value	Размер зеркала: 57 мм\nДлина рукоятки: 283-420 мм	Розмір дзеркала: 57 мм\nДовжина рукоятки: 283-420 мм
value	Присоединительный квадрат: 1/2"\nРазмер: RIBE M9\nДлина: 100мм	Приєднувальний квадрат: 1/2"\nРозмір: RIBE M9\nДовжина: 100мм
value	Измерительные системы и приспособления	Вимірювальні системи та пристосування
value	Ультрафиолетовый	Ультрафіолетовий
value	Присоединительный квадрат: 1/4"\nДлина: 34 мм	Приєднувальний квадрат: 1/4"\nДовжина: 34 мм
value	Присоединительный квадрат: 3/4"\nДлина: 400 мм	Приєднувальний квадрат: 3/4"\nДовжина: 400 мм
value	Ключ разводной	Ключ розвідний
value	Присоединительный квадрат: 3/4"\nРазмер: HEX 14мм\nДлина: 79мм	Приєднувальний квадрат: 3/4"\nРозмір: HEX 14мм\nДовжина: 79мм
value	Присоединительный квадрат: 1/2"\nРабочий размер: 22мм (6-граней)	Приєднувальний квадрат: 1/2"\nРобочий розмір: 22мм (6-граней)
value	Рабочий размер: E14\nПрисоединительный квадрат: 1/2"\nДлина: 140мм\nПрименяемость: BMW, Mercedes, Opel, Vauxhall и др.	Робочий розмір: E14\nПриєднувальний квадрат: 1/2"\nДовжина: 140мм\nЗастосовність: BMW, Mercedes, Opel, Vauxhall та ін.
value	Присоединительный квадрат: 3/8"\nДлина: 48 мм	Приєднувальний квадрат: 3/8"\nДовжина: 48 мм
value	Рабочий размер: TORX T27\nПрисоединительный квадрат: 1/4"	Робочий розмір: TORX T27\nПриєднувальний квадрат: 1/4"
value	Индикаторная	Індикаторна
value	Присоединительный квадрат: 1/4"\nДлина: 400 мм	Приєднувальний квадрат: 1/4"\nДовжина: 400 мм
value	Длина: 300 мм	Довжина: 300 мм
value	Зажимное усилие (H*m) 140-700, Длина инструмента 1092 мм	Зусилля затиску (H*m) 140-700, Довжина інструмента 1092 мм
value	Стройматериалы|Древесина|Изделия из древесины	Будматеріали|Деревина|Вироби з деревини
value	Почва|Грунт|Зернопродукты|Древесина|Изделия из древесины|Целлюлозно-бумажные изделия|Кирпич|Бетон|Стройматериалы	Ґрунт|Грунт|Зернопродукти|Деревина|Вироби з деревини|Целюлозно-паперові вироби|Цегла|Бетон|Будматеріали
value	Стройматериалы|Древесина|Изделия из древесины|Кирпич	Будматеріали|Деревина|Вироби з деревини|Цегла
value	Зернопродукты|Семена зерновых культур	Зернопродукти|Насіння зернових культур
value	Для измерения температуры пищи	Для вимірювання температури їжі
value	Вычисление угла|Непрерывное измерение|Подсветка дисплея|Функции Пифагора	Обчислення кута|Безперервне вимірювання|Підсвічування дисплея|Функції Піфагора
value	Функции Пифагора|Встроенная память|Непрерывное измерение|Подсветка дисплея	Функції Піфагора|Вбудована пам'ять|Безперервне вимірювання|Підсвічування дисплея
value	Вибрационная	Вібраційна
value	Проверка чередования фаз	Перевірка чергування фаз
value	Чехол на сидения	Чохол на сидіння
value	Метрическая|Градусы	Метрична|Градуси
value	Литой алюминий	Литий алюміній
value	Бумажная коробка	Паперова коробка
value	Пусковое	Пусковий
value	Вычисление угла|Функции Пифагора|Подсветка дисплея|Непрерывное измерение	Обчислення кута|Функції Піфагора|Підсвічування дисплея|Безперервне вимірювання
value	Прямой|Шестигранный|Крестообразный	Прямий|Шестигранний|Хрестоподібний
value	Световая	Світлова
value	Пластик|Алюминиевый сплав|Металл и пластик	Пластик|Алюмінієвий сплав|Метал і пластик
value	Беспроводная зарядка|Фонарик	Бездротова зарядка|Ліхтарик
value	Беспроводная зарядка|Влагозащищенный корпус|Индикатор уровня заряда|Фонарик|Быстрая зарядка	Бездротова зарядка|Вологозахищений корпус|Індикатор рівня заряду|Ліхтарик|Швидка зарядка
value	Натуральное дерево	Натуральне дерево
value	Для освещения парковок|Для ЖКХ|Для освещения рекламных конструкций|Для наружного освещения зданий	Для освітлення паркувань|Для ЖКГ|Для освітлення рекламних конструкцій|Для зовнішнього освітлення будівель
value	Закаленное стекло	Загартоване скло
value	Для ЖКХ|Для освещения рекламных конструкций|Для наружного освещения зданий|Для освещения парковок	Для ЖКГ|Для освітлення рекламних конструкцій|Для зовнішнього освітлення будівель|Для освітлення паркувань
value	Для наружного освещения зданий|Для ЖКХ|Для освещения парковок|Для освещения рекламных конструкций	Для зовнішнього освітлення будівель|Для ЖКГ|Для освітлення паркувань|Для освітлення рекламних конструкцій
value	Для ЖКХ|Для наружного освещения зданий|Для освещения парковок|Для освещения рекламных конструкций	Для ЖКГ|Для зовнішнього освітлення будівель|Для освітлення паркувань|Для освітлення рекламних конструкцій
value	Фонарик|Быстрая зарядка	Ліхтарик|Швидка зарядка
value	Индикатор уровня заряда|Быстрая зарядка|Фонарик|Беспроводная зарядка	Індикатор рівня заряду|Швидка зарядка|Ліхтарик|Бездротова зарядка
value	Стрелочное	Стрілкове
value	Складной	Складаний
value	Фактурная	Фактурна
value	угловая	кутова
value	Автоматическое	Автоматичне
value	Древесина|Изделия из древесины|Целлюлозно-бумажные изделия	Деревина|Вироби з деревини|Целюлозно-паперові вироби
value	Полусинтетическое	Напівсинтетичне
value	Четырёхтактный	Чотиритактний
value	Бензиновый / Дизельный	Бензиновий / Дизельний
value	Детектор движения	Детектор руху
value	Оптический зум|Регулируемый угол наклона	Оптичний зум|Регульований кут нахилу
value	Максимальный|Лазер	Максимальний|Лазер
value	Лазерная подсветка|Ультрафиолетовый	Лазерне підсвічування|Ультрафіолетовий
value	Максимальный|Минимальный	Максимальний|Мінімальний
value	USB|Солнечные батареи	USB|Сонячні батареї
value	Максимальный|Средний|Минимальный|Мигающий|Режим SOS	Максимальний|Середній|Мінімальний|Миготливий|Режим SOS
value	Максимальный	Максимальний
value	Максимальный|Режим SOS	Максимальний|Режим SOS
value	Оптические и лазерные стенды	Оптичні та лазерні стенди
value	Стяжной ремень	Стяжний ремінь
