sku	rz_id	категорія	що дає назва	назва
1013891527	4668955	Знімачі	Тип = Знімач	"Знімач підшипників тризахопний 75 мм 3"" Стандарт (SP303ST)"
1013891560	4668955	Знімачі	Тип = Набір	Набір знімачів тризахопних зі зворотним молотком 15-80 мм Стандарт (SK0362)
1013891594	4668955	Знімачі	Тип = Знімач	Знімач 3-х лаповий кований малий Харків Без бренда (СК4ЛКОВМ)
1013891675	4668955	Знімачі	Тип = Знімач	"Знімач 3-захопний 250 мм 10"" Стандарт (SK3L10)"
1013891691	4668907	Імбусові ключі	Тип = Ключі	Ключі шестигранні подовжені 9ед. Стандарт (HKS0902)
1013891877	4668955	Знімачі	Тип = Знімач	Знімач дволапий рейок середній Харків Без бренда (СК2ЛРСР)
1013891927	4668955	Знімачі	Тип = Знімач	Знімач 2-лапий рильс No4 120х130 мм Стандарт (SK2R4)
1013892046	4668955	Знімачі	Тип = Знімач	"Знімач підшипників 150 мм трилапий 6"" Стандарт (SK3L6)"
1013892443	4668955	Знімачі	Тип = Знімач	"Знімач підшипників тризахопний 100 мм 4"" Стандарт (SP304ST)"
1013892446	4668955	Знімачі	Тип = Знімач	Знімач трьохзахватний універсальний довжина лап 120 235 285 мм по 3 шт. Стандарт (SK0220-1)
1013892552	4668961	Інструмент для змащувальних матеріалів	Вид = Встановлення для зливання олії	Встановлення для зливання олії з пневмонасосом і мірною колбою 80 л G.I. KRAFT G.I.Kraft (HD-855)
1013892572	4668955	Знімачі	Тип = Знімач	Посилений знімач підшипників двозахопний рельс з фіксацією 40х80 мм Стандарт (SK2R3U)
1013892586	4668955	Знімачі	Тип = Знімач	Знімач із фіксацією двозахопний рельс 38х65мм Без бренда (SK2R2F)
1013892615	4668955	Знімачі	Тип = Знімач	Знімач 3-х захватний кований 150мм павучок Харків Без бренда (СК3ЛКОВМ)
1013892665	4668955	Знімачі	Тип = Знімач	"Знімач 3-захопний 300 мм 12"" Стандарт (SK3L12)"
1013892864	4668961	Інструмент для змащувальних матеріалів	Вид = Встановлення для зливання олії	Встановлення для зливання олії пластикове 30 л G.I.Kraft (HDP-30)
1013893469	4668955	Знімачі	Тип = Знімач	"Знімач двозахопний 200 мм 8"" Стандарт (SK2L8)"
1013893579	4668955	Знімачі	Тип = Знімач	Знімач 3-х лапий кований великий Харків Без бренда (СК4ЛКОВБ)
1013897523	4668955	Знімачі	Тип = Знімач	Знімач двозахопний рельс No3 80х90мм Стандарт (SK2R3)
1013897584	4668955	Знімачі	Тип = Знімач	"Знімачі 2-захопний знімач підшипників 4"" 100 мм Стандарт (SP204ST)"
1013897588	4668955	Знімачі	Тип = Знімач	"Знімач 3-лапий 600 мм 24"" Стандарт (SK3L24)"
1013897590	4668955	Знімачі	Тип = Знімач	"Знімач підшипників 3-захопний 150 мм 6"" Стандарт (SP306ST)"
1013897634	4668955	Знімачі	Тип = Набір	Набір для установки фаз ГРМ Газель СТАНДАРТ Без бренда (РЕГГАЗ)
1013897654	4668907	Імбусові ключі	Тип = Ключі	Ключі TORX Г-подібні довгі з отвором 9 од. Стандарт (TKS0902)
1013898096	4668955	Знімачі	Тип = Знімач	Знімач із фіксацією двозахопний рельс 35х45мм Без бренда (SK2R1F)
1013898105	4668955	Знімачі	Тип = Знімач	Знімач внутрішніх підшипників 3-захопний Стандарт (SK3VN)
1013898121	4668955	Знімачі	Тип = Знімач	"Знімачі 2-захопний знімач підшипників 3"" 75 мм Стандарт (SP203ST)"
1013898671	4668955	Знімачі	Тип = Знімач	Знімач двозахопний рельс литий 150 мм Харків Без бренда (СК2ЛТСТ)
1013898806	4668955	Знімачі	Тип = Знімач	Знімач 3-х лапый кований середній Харків Без бренда (СК4ЛКОВСР)
1013899609	4668955	Знімачі	Тип = Знімач	Знімач 2-лапий рильс No5 160х170 мм Стандарт (SK2R5)
1013899641	4668955	Знімачі	Тип = Знімач	Знімач двозахопний рельс з фіксацією посилений 70х120мм Стандарт (SK2R5U)
1013899684	4668955	Знімачі	Тип = Знімач	Знімач ТНВД BMW Opel Omega B 2.5TD СТНВД ХЗСО (IPRT25TD)
1013899696	4668955	Знімачі	Тип = Знімач	"Знімач підшипників 300 мм двозахопний 12"" Стандарт (SP212ST)"
1013899976	4668955	Знімачі	Тип = Знімач	Знімач із двома захватами рельс з фіксацією 55х90мм Стандарт (SK2R4F)
1013900012	4668955	Знімачі	Тип = Знімач	"Знімач із двома захватами 4"" 100 мм Стандарт (SK2L4)"
1013900034	4668955	Знімачі	Тип = Знімач	Знімач із двома захватами рельс з фіксацією 70х120мм Стандарт (SK2R5F)
1013900212	4668955	Знімачі	Тип = Знімач	Знімач із двома захватами рельс з фіксацією посилений 38х65мм Стандарт (SK2R2U)
1013900759	4668955	Знімачі	Тип = Знімач	"Знімач тризахопний 500 мм 20"" Стандарт (SK3L20)"
1013900777	4668955	Знімачі	Тип = Знімач	"Знімач підшипників 300 мм тризахопний 12"" Стандарт (SP312ST)"
1013900809	4668955	Знімачі	Тип = Знімач	"Знімач тризахопний 400 мм 16"" Стандарт (SK3L16)"
1013900885	4668955	Знімачі	Тип = Знімач	Знімач двозахопний кований великий 250 мм Харків СК2ЛБКІВ Без бренда (СК2ЛБКОВ)
1013900887	4668955	Знімачі	Тип = Знімач	"Знімач підшипників 100 мм трилапий 4"" Стандарт (SK3L4)"
1013900968	4668955	Знімачі	Тип = Знімач	Знімач із фіксацією двозахопний рельс 40х80мм Без бренда (SK2R3F)
1013901270	4668955	Знімачі	Тип = Знімач	"Знімач підшипників 200 мм трилапий 8"" Стандарт (SK3L8)"
1013901341	4668955	Знімачі	Тип = Знімач	Знімач дволапий рильс малий Харків Без бренда (СК2ЛРМ)
1013901363	4668955	Знімачі	Тип = Знімач	Знімач 3-лапий 800 мм жовтий СК4ЛЖЕЛ800 ХЗСО (GP3J800)
1013901501	4668955	Знімачі	Тип = Знімач	Знімач із фіксацією дво-тризахопний 150-200 мм Стандарт (SK23L6)
1013901854	4668955	Знімачі	Тип = Знімач	"Знімач поршневих кілець 53-125мм 3"" Toptul (JAAA1303)"
1013901862	4668955	Знімачі	Тип = Знімач	"Знімач дво/тризахопний 8"" редукторний 10 т 75-200 мм Стандарт (SK23L8R10)"
1013901943	4668955	Знімачі	Тип = Знімач	Знімач із двома захватами рельс з фіксацією посилений 35х45 мм Стандарт (SK2R1U)
1013901995	4668955	Знімачі	Тип = Ключ	Ключ для розбирання стійок 19мм WV AUDI Київ Без бренда (КРСВК19)
1013902027	4668955	Знімачі	Тип = Знімач	"Знімач підшипників 250 мм трилапий 10"" Стандарт (SP310ST)"
1013902046	4668955	Знімачі	Тип = Знімач	Знімач двозахопний рельс No1 60х70мм Стандарт (SK2R1)
1013902478	4668955	Знімачі	Тип = Знімач	"Знімач підшипників двозахопний 8"" 200 мм Стандарт (SP208ST)"
1013902493	4668955	Знімачі	Тип = Знімач	Знімач із фіксацією двозахопний 200-250 мм Стандарт (SK23L8)
1013902553	4668955	Знімачі	Тип = Знімач	"Знімач 2-лапий 10"" 250 мм Стандарт (SK2L10)"
1013902571	4668955	Знімачі	Тип = Знімач	Знімач для дизельних форсунок d28 Без бренда (КРФ28)
1013902956	4668955	Знімачі	Тип = Знімач	Знімач дизельних форсунок CDI з витяжним шпинделем MB-Sprinter Vito ХЗСО (CDRT0601)
1013902962	4668955	Знімачі	Тип = Знімач	"Знімач дволапий 3"" 75 мм Стандарт (SK2L3)"
1013949141	4668955	Знімачі	Тип = Знімач	"Знімач підшипників тризахопний 75 мм 3"" Стандарт (SK3L3)"
1013949253	4668955	Знімачі	Тип = Знімач	Знімач 3-х захватний кований 300мм павук Харків Без бренда (СК3ЛКОВСР)
1013949267	4668955	Знімачі	Тип = Знімач	"Дволапий знімач підшипників 10"" 250 мм Стандарт (SP210ST)"
1013949285	4668955	Знімачі	Тип = Знімач	Знімач підшипників універсальний дво-тризахопний з фіксацією 75-100 мм Стандарт (SK23L3)
1013949369	4668955	Знімачі	Тип = Знімач	"Знімач дво/тризахопний 8"" редукторний 5 т 75-200 мм Стандарт (SK23L8R5)"
1013949867	2798757	Зубило, керн, пробійник	Тип = Керн	Харків Без бренда (КЕРН)
1013949953	4668955	Знімачі	Тип = Знімач	"Знімач підшипників 200 мм трилапий 8"" Стандарт (SP308ST)"
1013950805	4668955	Знімачі	Тип = Знімач	"Знімач із двома захватами 6"" 150 мм Стандарт (SK2L6)"
1013951128	4668955	Знімачі	Тип = Ключ	Ключ для розбирання стійок 22мм WV AUDI Київ Без бренда (КРСВК)
1013951157	4668955	Знімачі	Тип = Знімач	"Знімач 2-лапий 14"" 350 мм Стандарт (SK2L14)"
1013951244	4668955	Знімачі	Тип = Знімач	"Знімач підшипників двозахопний 6"" 150 мм Стандарт (SP206ST)"
1013951296	4668955	Знімачі	Тип = Знімач	"Знімач дволапий 16"" 400 мм Стандарт (SK2L16)"
1013951304	4668955	Знімачі	Тип = Знімач	Знімач двозахопний рельс No2 70х80мм Стандарт (SK2R2)
1013951330	4668955	Знімачі	Тип = Знімач	"Знімач 3-лапий 350 мм 14"" Стандарт (SK3L14)"
1013951747	4668955	Знімачі	Тип = Знімач	Посилений знімач підшипників двозахопний рельс з фіксацією 55х90 мм Стандарт (SK2R4U)
1013951817	4668955	Знімачі	Тип = Знімач	Знімач 2-х лапий кований середній 150мм Харків Без бренда (СК2ЛСРКОВ)
1014004510	4668955	Знімачі	Тип = Знімач	Знімач двій лапий рейок великий Харків Без бренда (СК2ЛРБ)
1014004601	4668955	Знімачі	Тип = Знімач	Знімач 3-х захватний кований 300мм величезний Харків Без бренда (СК3ЛКОВБ)
1014004603	4668955	Знімачі	Тип = Знімач	"Знімач підшипників 300 мм двозахопний 12"" Стандарт (SK2L12)"
1084734154	4668955	Знімачі	Тип = Набір	Набір знімачів підшипників TORIN (TRK203D-M)
1166551887	4668955	Знімачі	Тип = Знімач	Знімач двозахопний рильс посилений 20-50 мм HESHITOOLS (HS-E1137)
1166551890	4668955	Знімачі	Тип = Знімач	Знімач підшипників 2-лапий рельс посилений 15-25 мм HESHITOOLS (HS-E1136)
1420403143	187716	Скрині та сумки для інструментів	Тип = Візки	Утримувач рулону паперу для інструментальної візки червоний Toptul (TEAL3704)
1583097650	4668955	Знімачі	Тип = Набір	Набір для демонтажу скла 7 од. в ложементі тип B Toptul (GEB0708)
1908421567	4669717	Труборізи та ножиці для різання труб	Вид = Запасний ніж	Запасний ніж до труборіза SEAD0319 d 20 мм Toptul (SLAE2020)
2261122905	2798757	Зубило, керн, пробійник	Тип = Зубило	Зубило для пневматичного молотка плоскі молоток Toptul (KAJA10G1)
2425607621	4668955	Знімачі	Тип = Знімач	Знімач підшипників універсальний 10 од. Toptul (JGAI1005)
3020772095	4668955	Знімачі	Тип = Набір	Набір для зняття кульових опор гідравлічний зі змінними насадками G.I.Kraft (GI-08-0001)
