article	name	photo_no	size	problem	url
РАЗВ1112В	Розгортка ручна регульована 10 75-11 75 Вінниця Без бренда (РАЗВ1112В)	1	250x250	ГОЛОВНЕ фото менше 400 px	https://images.prom.ua/1925062516_razvertka-ruchnaya-reguliruemaya.jpg
GABW3001	"Набір торцевих головок і біт з тріскачкою 1/4"" 30 од. Toptul (GABW3001)"	3	550x263	фото менше 400 px	https://images.prom.ua/7082468261_nabor-tortsevyh-golovok.jpg
РАЗВ45Цел	Розгортка цільна з напрямком d 45 Харків Без бренда (РАЗВ45Цел)	1	250x250	ГОЛОВНЕ фото менше 400 px	https://images.prom.ua/1925078535_razvertka-tselnaya-s.jpg
TBR-L4005-X	Візок інструментальний на колесах 5 секцій TORIN (TBR-L4005-X)	3	360x360	фото менше 400 px	https://images.prom.ua/1906143051_telezhka-instrumentalnaya-na.jpg
DT-030S2	"Моментний цифровий ключ 1.5-30 нм двосторонньої дії 1/4"" укорочений Toptul (DT-0"	2	499x331	фото менше 400 px	https://images.prom.ua/1923225752_momentnyj-tsifrovoj-klyuch.jpg
РАЗВ1315Л	Розгортка пелюсткова регульована 13 5-15 Харків Без бренда (РАЗВ1315Л)	1	250x250	ГОЛОВНЕ фото менше 400 px	https://images.prom.ua/1925062516_razvertka-lepestkovaya-reguliruemaya.jpg
НСВ2513Т	Свердла для металу Р6М5 25 шт. титан 1-13мм Стандарт (НСВ2513Т)	1	250x250	ГОЛОВНЕ фото менше 400 px	https://images.prom.ua/1925002788_sverla-po-metallu.jpg
РАЗВ2933В	Розгортка ручна регульована 29 5-33 5 Вінниця Без бренда (РАЗВ2933В)	1	250x250	ГОЛОВНЕ фото менше 400 px	https://images.prom.ua/1925062516_razvertka-ruchnaya-reguliruemaya.jpg
GEA0811	Набір інструменту в ложементі комбінований 8од. Toptul (GEA0811)	4	550x178	фото менше 400 px	https://images.prom.ua/7086848148_nabor-instrumenta-v.jpg
GEA0811	Набір інструменту в ложементі комбінований 8од. Toptul (GEA0811)	5	419x143	фото менше 400 px	https://images.prom.ua/7086848147_nabor-instrumenta-v.jpg
HRC08-08	З'єднувач ялинка двосторонній 12*12 мм Airkraft (HRC08-08)	1	351x351	ГОЛОВНЕ фото менше 400 px	https://images.prom.ua/1924853953_soedinitel-elochka-dvustoronnij.jpg
TLT-235SB-220	Підіймач автомобільний двостійковий 3 5 т Launch (TLT-235SB-220)	1	320x290	ГОЛОВНЕ фото менше 400 px	https://images.prom.ua/1924918353_podemnik-avtomobilnyj-dvuhstoechnyj.jpg
T90304S	Домкрат стовпчиковий пляшковий гідравлічний 3 т 194–372 мм у кейсі TORIN (T90304	4	980x384	фото менше 400 px	https://images.prom.ua/7076191838_domkrat-stoechnyj-butylochnyj.jpg
TDS2001	Набір мітчиків і плашок 20ед Стандарт (TDS2001)	1	250x250	ГОЛОВНЕ фото менше 400 px	https://images.prom.ua/1924956808_nabor-metchikov-i.jpg
РАЗВ35Л	Розгортка ручна циліндрична d 35 з направляє. регульована Харків Без бренда (РАЗ	1	250x250	ГОЛОВНЕ фото менше 400 px	https://images.prom.ua/1925078539_razvertka-ruchnaya-tsilindricheskaya.jpg
AKS0210	Набір шестигранників Г-обр. 2-10 мм 8 од. Стандарт (AKS0210)	1	250x250	ГОЛОВНЕ фото менше 400 px	https://images.prom.ua/1924922886_nabor-shestigrannikov-g-obr.jpg
JDAV1630	"Знімач масляного фільтра нейлонова стрічка d300 мм 1/2"" 3/8"" Toptul (JDAV1630)"	2	690x364	сторінка каталогу з таблицею моделей (ITEM NO.)	https://images.prom.ua/1923278053_semnik-maslyanogo-filtra.jpg
Q-450TU	Траверсу пневмогідравлічна посилена 4 5 тонн Airkraft (Q-450TU)	3	453x351	фото менше 400 px	https://images.prom.ua/1925198851_traversa-pnevmogidravlicheskaya-usilennaya.jpg
DT-085S3	"Ключ динамометричний електронний 4.2-85Нм двосторонньої дії 3/8"" укорочений Topt"	2	499x331	фото менше 400 px	https://images.prom.ua/1923225752_klyuch-dinamometricheskij-elektronnyj.jpg
IBA-300	Тестер для акумулятора автомобіля Trisco (IBA-300)	1	250x250	ГОЛОВНЕ фото менше 400 px	https://images.prom.ua/1924921032_tester-dlya-akkumulyatora.jpg
GI37102	Візок інструментальний 3 полиці 1 секція G.I. KRAFT G.I.Kraft (GI37102)	1	383x333	ГОЛОВНЕ фото менше 400 px	https://images.prom.ua/7083485605_telezhka-instrumentalnaya-3.jpg
GCAI150R	Універсальний набір інструменту 150од. Toptul (GCAI150R)	1	690x378	ГОЛОВНЕ фото з польським текстом	https://images.prom.ua/7081887576_universalnyj-nabor-instrumenta.jpg
DJAC0105	"Лещата слюсарні поворотні 125 мм 5"" Toptul (DJAC0105)"	2	512x384	фото менше 400 px	https://images.prom.ua/7084612376_tiski-slesarnye-povorotnye.jpg
DJAC0105	"Лещата слюсарні поворотні 125 мм 5"" Toptul (DJAC0105)"	3	512x378	фото менше 400 px	https://images.prom.ua/7084612374_tiski-slesarnye-povorotnye.jpg
DJAC0105	"Лещата слюсарні поворотні 125 мм 5"" Toptul (DJAC0105)"	4	512x383	фото менше 400 px	https://images.prom.ua/7084612375_tiski-slesarnye-povorotnye.jpg
DJAC0105	"Лещата слюсарні поворотні 125 мм 5"" Toptul (DJAC0105)"	5	512x390	фото менше 400 px	https://images.prom.ua/7084612377_tiski-slesarnye-povorotnye.jpg
CAAA1605	"Подовжувач для головок 1/2"" 125 мм Toptul (CAAA1605)"	2	800x76	фото менше 400 px	https://images.prom.ua/7082349017_udlinitel-dlya-golovok.jpg
IND-1000W	Індукційний нагрівач 1000W з набором насадок G.I.Kraft (IND-1000W)	1	360x360	ГОЛОВНЕ фото менше 400 px	https://images.prom.ua/1925198831_induktsionnyj-nagrevatel-1000w.jpg
IND-1000W	Індукційний нагрівач 1000W з набором насадок G.I.Kraft (IND-1000W)	3	500x348	фото менше 400 px	https://images.prom.ua/1925198833_induktsionnyj-nagrevatel-1000w.jpg
IND-1000W	Індукційний нагрівач 1000W з набором насадок G.I.Kraft (IND-1000W)	5	500x351	фото менше 400 px	https://images.prom.ua/1925198835_induktsionnyj-nagrevatel-1000w.jpg
TA820014	Домкрат підкатний 2т 135-330 мм TORIN (TA820014)	3	483x356	фото менше 400 px	https://images.prom.ua/1906120130_domkrat-podkatnoj-2t.jpg
GAAT0803	Набір шестигранників з ручкою L-обр в ложементі Toptul (GAAT0803)	2	511x238	фото менше 400 px	https://images.prom.ua/7086784921_nabor-shestigrannikov-s.jpg
TRK8041	Лебідка важільна 4 тонни TORIN (TRK8041)	1	800x375	ГОЛОВНЕ фото менше 400 px	https://images.prom.ua/1906122517_lebedka-rychazhnaya-4.jpg
TRK8041	Лебідка важільна 4 тонни TORIN (TRK8041)	2	800x141	фото менше 400 px	https://images.prom.ua/1906122518_lebedka-rychazhnaya-4.jpg
НСВ1910Т	Набір свердел для металу Р6М5 19 шт. титан 1-10 мм Стандарт (НСВ1910Т)	1	250x250	ГОЛОВНЕ фото менше 400 px	https://images.prom.ua/1925002306_nabor-sverl-po.jpg
РАЗВ6.00	Розгортка ручна 6 мм циліндрична Харків Без бренда (РАЗВ6.00)	1	400x199	ГОЛОВНЕ фото менше 400 px	https://images.prom.ua/1925078852_razvertka-ruchnaya-6.jpg
PLRN0106	Круглогубці 150 мм Стандарт (PLRN0106)	1	250x250	ГОЛОВНЕ фото менше 400 px	https://images.prom.ua/1924943320_kruglogubtsy-150-mm.jpg
ЧН14	Набір головок і вороток №14 8~15 17 19 22мм Чернігів Без бренда (ЧН14)	1	250x250	ГОЛОВНЕ фото менше 400 px	https://images.prom.ua/1925130416_nabor-golovok-i.jpg
AHC46-G	Шланг для компресора 15 м спіральний поліуретановий 6 5x10 мм Airkraft (AHC46-G)	5	1280x249	фото менше 400 px	https://images.prom.ua/7099733467_shlang-dlya-kompressora.jpg
РАЗВ12Ш	Розгортка з кулькою регульована d 12 Харків Без бренда (РАЗВ12Ш)	1	250x250	ГОЛОВНЕ фото менше 400 px	https://images.prom.ua/1925062519_razvertka-s-sharikom.jpg
CAHA1254	"Шарнір-кардан для головок 3/8"" Toptul (CAHA1254)"	1	385x799	ГОЛОВНЕ фото менше 400 px	https://images.prom.ua/7082337598_sharnir-kardan-dlya-golovok.jpg
CAHA1254	"Шарнір-кардан для головок 3/8"" Toptul (CAHA1254)"	3	328x328	фото менше 400 px	https://images.prom.ua/7082337597_sharnir-kardan-dlya-golovok.jpg
TLT-240SBA-380	Двостійковий електрогідравлічний підіймач 4 т 380 В TLT-240SBA Launch (TLT-240SB	3	353x640	фото менше 400 px	https://images.prom.ua/1924918376_dvuhstoechnyj-elektrogidravlicheskij-podemnik.jpg
TLT-240SBA-380	Двостійковий електрогідравлічний підіймач 4 т 380 В TLT-240SBA Launch (TLT-240SB	4	333x640	фото менше 400 px	https://images.prom.ua/1924918377_dvuhstoechnyj-elektrogidravlicheskij-podemnik.jpg
DJAC0108	"Лещата слюсарні поворотні 200мм 8"" Toptul (DJAC0108)"	2	512x384	фото менше 400 px	https://images.prom.ua/7084612376_tiski-slesarnye-povorotnye.jpg
DJAC0108	"Лещата слюсарні поворотні 200мм 8"" Toptul (DJAC0108)"	3	512x383	фото менше 400 px	https://images.prom.ua/7084612375_tiski-slesarnye-povorotnye.jpg
DJAC0108	"Лещата слюсарні поворотні 200мм 8"" Toptul (DJAC0108)"	4	512x378	фото менше 400 px	https://images.prom.ua/7084612374_tiski-slesarnye-povorotnye.jpg
DJAC0108	"Лещата слюсарні поворотні 200мм 8"" Toptul (DJAC0108)"	5	512x390	фото менше 400 px	https://images.prom.ua/7084612377_tiski-slesarnye-povorotnye.jpg
РАЗВ35В-2	Розгортка під 35 вал подвійна стандарт+ремонт Харків СНГ (РАЗВ35В-2)	1	250x250	ГОЛОВНЕ фото менше 400 px	https://images.prom.ua/1925078625_razvertka-pod-35.jpg
МОЛ20Т	Кувалда 2 кг Без бренда (МОЛ20Т)	1	250x250	ГОЛОВНЕ фото менше 400 px	https://images.prom.ua/1925001987_kuvalda-2-kg.jpg
РАЗВ9Ш	Розгортка з кулькою регульована d 9 Харків Без бренда (РАЗВ9Ш)	1	250x250	ГОЛОВНЕ фото менше 400 px	https://images.prom.ua/1925062519_razvertka-s-sharikom.jpg
JDBA60A5	Знімач фільтрів ланцюгової з шарніром 60-105 мм Toptul (JDBA60A5)	2	690x393	сторінка каталогу з таблицею моделей (ITEM NO.)	https://images.prom.ua/1923278063_semnik-filtrov-tsepnoj.jpg
CLAE1616	Ремкомплект до воріт CFAC1618 CFAC1624 CFKA1618 CFKA1624 Toptul (CLAE1616)	1	291x228	ГОЛОВНЕ фото менше 400 px	https://images.prom.ua/1923205569_remkomplekt-k-vorotkam.jpg
R-510D	Тестер акумуляторних батарей цифровий Trisco (R-510D)	1	250x250	ГОЛОВНЕ фото менше 400 px	https://images.prom.ua/1924921037_tester-akkumulyatornyh-batarej.jpg
TRK1210	Стяжка гідравлічна рихтувальна 10т TORIN (TRK1210)	1	600x165	ГОЛОВНЕ фото менше 400 px	https://images.prom.ua/1906143047_styazhka-gidravlicheskaya-rihtovochnaya.jpg
РАЗВ1315В	Розгортка регульована ручна 13 5-15 5 Вінниця Без бренда (РАЗВ1315В)	1	250x250	ГОЛОВНЕ фото менше 400 px	https://images.prom.ua/1925062516_razvertka-reguliruemaya-ruchnaya.jpg
T91004	Домкрат стовпчиковий пляшковий гідравлічний 10 т 230–460 мм TORIN (T91004)	2	380x254	фото менше 400 px	https://images.prom.ua/7076264394_domkrat-stolbchatyj-butylochnyj.jpg
ПРК25М	Провід-прикурювач 2 5 м 500А мідь Херсон Без бренда (ПРК25М)	1	250x250	ГОЛОВНЕ фото менше 400 px	https://images.prom.ua/1925062015_provod-prikurivatel-25m-500a.jpg
SMH04-08	Перехідник шланг 12 мм — Зовнішня різь 1/4 Airkraft (SMH04-08)	1	348x348	ГОЛОВНЕ фото менше 400 px	https://images.prom.ua/1924859002_perehodnik-shlang-12mm-naruzhnaya.jpg
AHC46-C	Шланг для компресора 15 м спіральний поліуретановий 5 5x8 мм Airkraft (AHC46-C)	4	1280x307	фото менше 400 px	https://images.prom.ua/7099720836_shlang-dlya-kompressora.jpg
AHC46-C	Шланг для компресора 15 м спіральний поліуретановий 5 5x8 мм Airkraft (AHC46-C)	5	1280x263	фото менше 400 px	https://images.prom.ua/7100349178_shlang-dlya-kompressora.jpg
GAAE0807	Набір викруток 8 од. Toptul (GAAE0807)	2	532x326	фото менше 400 px	https://images.prom.ua/7082378948_nabor-otvertok-toptul.jpg
JEAP060A	Манометр шинний 4 Бар/60 PSI Toptul (JEAP060A)	2	328x378	фото менше 400 px	https://images.prom.ua/7075870603_manometr-shinnyj-4.jpg
AHC46-A	Шланг спіральний швидкознімний 5 5x8 мм L = 5 м поліуретановий Airkraft (AHC46-A	5	1280x307	фото менше 400 px	https://images.prom.ua/7099720836_shlang-spiralnyj-bystrosyomnyj.jpg
AHC46-A	Шланг спіральний швидкознімний 5 5x8 мм L = 5 м поліуретановий Airkraft (AHC46-A	6	1280x263	фото менше 400 px	https://images.prom.ua/7100349178_shlang-spiralnyj-bystrosyomnyj.jpg
TA820011S	Домкрат підкатний з кейсом 2т 140-300 мм TORIN (TA820011S)	4	980x384	фото менше 400 px	https://images.prom.ua/7076523585_domkrat-podkatnoj-s.jpg
РАЗВ4547В	Розгортка ручна регульована 45-47 Вінниця Без бренда (РАЗВ4547В)	1	250x250	ГОЛОВНЕ фото менше 400 px	https://images.prom.ua/1925062516_razvyortka-ruchnaya-reguliruemaya.jpg
GI12115-220	Спотер для точкового зварювання 220 V 4000A G.I.Kraft (GI12115-220)	1	250x370	ГОЛОВНЕ фото менше 400 px	https://images.prom.ua/1924904006_spotter-dlya-tochechnoj.jpg
РАЗВ14Ш	Розгортка ручна 14 мм регульована з кулькою Харків Без бренда (РАЗВ14Ш)	1	250x250	ГОЛОВНЕ фото менше 400 px	https://images.prom.ua/1925062519_razvertka-ruchnaya-14.jpg
РАЗВ50Л	Розгортка 50 мм циліндрична з направляє. регульована Харків Без бренда (РАЗВ50Л)	1	250x250	ГОЛОВНЕ фото менше 400 px	https://images.prom.ua/1925078539_razvertka-50-mm.jpg
РАЗВ11Ш	Розгортка з кулькою регульована d 11 Харків Без бренда (РАЗВ11Ш)	1	250x250	ГОЛОВНЕ фото менше 400 px	https://images.prom.ua/1925062519_razvertka-s-sharikom.jpg
T90504S	Домкрат 5 т 216-413 мм пляшковий у кейсі TORIN (T90504S)	3	512x384	фото менше 400 px	https://images.prom.ua/7076253840_domkrat-5t-216-413.jpg
T90504S	Домкрат 5 т 216-413 мм пляшковий у кейсі TORIN (T90504S)	5	980x384	фото менше 400 px	https://images.prom.ua/7076191838_domkrat-5t-216-413.jpg
GI20201	Ультразвукова мийка 500W 400x300x250 мм G.I. KRAFT G.I.Kraft (GI20201)	1	360x360	ГОЛОВНЕ фото менше 400 px	https://images.prom.ua/1924905648_ultrazvukovaya-mojka-500w.jpg
GCAZ0057	"Ящик з інструментами 5 секцій 62ед. 1/2"" Toptul (GCAZ0057)"	2	687x358	фото менше 400 px	https://images.prom.ua/1923260197_yaschik-s-instrumentami.jpg
РАЗВ25ЦЕЛ-L350	Розгортка ручна 25 мм циліндрична з направляє. L350 Харків Без бренда (РАЗВ25ЦЕЛ	1	250x250	ГОЛОВНЕ фото менше 400 px	https://images.prom.ua/1925078535_razvertka-ruchnaya-25.jpg
GAAI5401	"Набір торцевих головок і біт 1/4"" з тріскачковою викруткою Toptul (GAAI5401)"	3	550x295	фото менше 400 px	https://images.prom.ua/7086695853_nabor-tortsevyh-golovok.jpg
GAAI5401	"Набір торцевих головок і біт 1/4"" з тріскачковою викруткою Toptul (GAAI5401)"	5	550x315	фото менше 400 px	https://images.prom.ua/7086695854_nabor-tortsevyh-golovok.jpg
JJAX0817	Свердло для точкового зварювання 8х45мм Toptul (JJAX0817)	1	601x399	ГОЛОВНЕ фото менше 400 px	https://images.prom.ua/1923325497_sverlo-dlya-tochechnoj.jpg
JJAX0817	Свердло для точкового зварювання 8х45мм Toptul (JJAX0817)	3	640x340	сторінка каталогу з таблицею моделей (ITEM NO.)	https://images.prom.ua/1923325498_sverlo-dlya-tochechnoj.jpg
DT-200I4	"Моментний цифровий ключ 10-200Нм двосторонньої дії 1/2"" Toptul (DT-200I4)"	2	500x342	фото менше 400 px	https://images.prom.ua/1923225624_momentnyj-tsifrovoj-klyuch.jpg
AW-1150	Ключ розвідний шведський 150 мм Стандарт (AW-1150)	1	250x250	ГОЛОВНЕ фото менше 400 px	https://images.prom.ua/1924922890_klyuch-razvodnoj-shvedskij.jpg
РАЗВ4750В	Розгортка ручна регульована 47-50 Вінниця Без бренда (РАЗВ4750В)	1	250x250	ГОЛОВНЕ фото менше 400 px	https://images.prom.ua/1925062516_razvyortka-ruchnaya-reguliruemaya.jpg
УДКТ50	Подовжувач-переноска електрична на котушці 50м ПЕР50Б Без бренда (УДКТ50)	1	250x250	ГОЛОВНЕ фото менше 400 px	https://images.prom.ua/1925002800_udlinitel-perenoska-elektricheskaya-na.jpg
УДКТ25	Подовжувач-переноска на котушці 25м ПЕР25Б Без бренда (УДКТ25)	1	250x250	ГОЛОВНЕ фото менше 400 px	https://images.prom.ua/1925061099_udlinitel-perenoska-na-katushke.jpg
РАЗВ9Л	Розгортка пелюсткова регульована d 9 Харків Без бренда (РАЗВ9Л)	1	250x250	ГОЛОВНЕ фото менше 400 px	https://images.prom.ua/1925062516_razvertka-lepestkovaya-reguliruemaya.jpg
ANAE2432	"Редуктор-підсилювач мультиплікатор 3/4""х1"" 1000-3000Nm Toptul (ANAE2432)"	1	328x348	ГОЛОВНЕ фото менше 400 px	https://images.prom.ua/2000827570_reduktor-usilitel-multiplikator-toptul.jpg
РАЗВ2629В	Розгортка ручна регульована 26-29 5 Вінниця Без бренда (РАЗВ2629В)	1	250x250	ГОЛОВНЕ фото менше 400 px	https://images.prom.ua/1925062516_razvertka-ruchnaya-reguliruemaya.jpg
JDCA0114	Знімач фільтрів універсальний 115-140 мм Toptul (JDCA0114)	2	690x411	сторінка каталогу з таблицею моделей (ITEM NO.)	https://images.prom.ua/1923285588_semnik-filtrov-universalnyj.jpg
TEAY1201	Магнітний тримач інструменту для візка Toptul (TEAY1201)	1	383x700	ГОЛОВНЕ фото менше 400 px	https://images.prom.ua/1923363464_magnitnyj-derzhatel-instrumenta.jpg
GAAE0504	Набір викруток 5 од. Toptul (GAAE0504)	2	532x299	фото менше 400 px	https://images.prom.ua/7082377523_nabor-otvertok-toptul.jpg
GAAE0504	Набір викруток 5 од. Toptul (GAAE0504)	4	532x329	фото менше 400 px	https://images.prom.ua/7082377524_nabor-otvertok-toptul.jpg
DJAC0104	"Лещата слюсарні 100мм 4"" поворотні Toptul (DJAC0104)"	2	512x383	фото менше 400 px	https://images.prom.ua/7084612375_tiski-slesarnye-100mm.jpg
DJAC0104	"Лещата слюсарні 100мм 4"" поворотні Toptul (DJAC0104)"	3	512x378	фото менше 400 px	https://images.prom.ua/7084612374_tiski-slesarnye-100mm.jpg
DJAC0104	"Лещата слюсарні 100мм 4"" поворотні Toptul (DJAC0104)"	4	512x384	фото менше 400 px	https://images.prom.ua/7084612376_tiski-slesarnye-100mm.jpg
DJAC0104	"Лещата слюсарні 100мм 4"" поворотні Toptul (DJAC0104)"	5	512x390	фото менше 400 px	https://images.prom.ua/7084612377_tiski-slesarnye-100mm.jpg
JDAU7385	Знімач масляного фільтра стрічковий 73-85 мм Toptul (JDAU7385)	2	690x380	сторінка каталогу з таблицею моделей (ITEM NO.)	https://images.prom.ua/1923277577_semnik-maslyanogo-filtra.jpg
GI12114-380	Спотер для кузовного ремонту 380V 5200A G.I.Kraft (GI12114-380)	3	704x326	текст іноземною мовою (рос./пол.)	https://images.prom.ua/1924904005_spotter-dlya-kuzovnogo.jpg
JJAX0821	Свердло для точкового зварювання 8х80мм Toptul (JJAX0821)	1	601x399	ГОЛОВНЕ фото менше 400 px	https://images.prom.ua/1923325497_sverlo-dlya-tochechnoj.jpg
JJAX0821	Свердло для точкового зварювання 8х80мм Toptul (JJAX0821)	3	640x340	сторінка каталогу з таблицею моделей (ITEM NO.)	https://images.prom.ua/1923325498_sverlo-dlya-tochechnoj.jpg
GPAA2602	Набір ключів комбінованих 26 шт 6-32 мм подовжених Toptul (GPAA2602)	3	550x236	фото менше 400 px	https://images.prom.ua/7082520235_nabor-klyuchej-kombinirovannyh.jpg
H-827B-2.0	Фарбувальний пістолет HVLP 2 0 мм верх. п/б 600мл Auarita (H-827B-2.0)	3	395x1024	фото менше 400 px	https://images.prom.ua/7081860472_pnevmokraskopult-hvlp-20mm.jpg
TRE8220B	Рокла гідравлічна 2 5т TORIN (TRE8220B)	1	354x354	ГОЛОВНЕ фото менше 400 px	https://images.prom.ua/1906142893_rokla-gidravlicheskaya-25t.jpg
TRE8220B	Рокла гідравлічна 2 5т TORIN (TRE8220B)	2	150x70	логотип бренду замість товару	https://images.prom.ua/1906142894_rokla-gidravlicheskaya-25t.jpg
СЕРПМФ	Затискний знімач масляного фільтра серп Без бренда (СЕРПМФ)	1	250x250	ГОЛОВНЕ фото менше 400 px	https://images.prom.ua/1925084088_zazhimnoj-semnik-maslyanogo.jpg
KAAA1640	"Гайковерт для СТО 1/2"" 813N/m 8000об/хв Toptul (KAAA1640)"	2	640x390	сторінка каталогу з таблицею моделей (ITEM NO.)	https://images.prom.ua/1923325735_gajkovert-dlya-sto.jpg
JJAH0902	Знімач масляного фільтра шкіряна стрічка d30-160 мм Toptul (JJAH0902)	2	690x315	сторінка каталогу з таблицею моделей (ITEM NO.)	https://images.prom.ua/1923325107_semnik-maslyanogo-filtra.jpg
JDAU95B0	Знімач масляного фільтра сталева стрічка 95-110 мм Toptul (JDAU95B0)	2	690x380	сторінка каталогу з таблицею моделей (ITEM NO.)	https://images.prom.ua/1923277577_semnik-maslyanogo-filtra.jpg
ШАР2543	Набір зенкерів 25.4-3 розсувних Харків Без бренда (ШАР2543)	1	250x250	ГОЛОВНЕ фото менше 400 px	https://images.prom.ua/1925130957_nabor-zenkerov-254-3.jpg
ЧН7	Набір головок і вороток №7 8~15 17 19 22мм Чернігів Без бренда (ЧН7)	1	250x250	ГОЛОВНЕ фото менше 400 px	https://images.prom.ua/1925130952_nabor-golovok-i.jpg
КАРД10Х	Ключ торцевий шарнірний S10 Харьков Без бренда (КАРД10Х)	1	250x250	ГОЛОВНЕ фото менше 400 px	https://images.prom.ua/1924999616_klyuch-tortsovyj-sharnirnyj.jpg
VARF3901E	Видеобороскоп технічний d3 9 Toptul (VARF3901E)	3	681x383	сторінка каталогу з таблицею моделей (ITEM NO.)	https://images.prom.ua/1923363472_videoboroskop-tehnicheskij-d39.jpg
SWC0101	Набір стамесок 6-24 мм 4 од. Стандарт (SWC0101)	1	250x250	ГОЛОВНЕ фото менше 400 px	https://images.prom.ua/1924956806_nabor-stamesok-6-24mm.jpg
H-1001A-1.4LM	Пневмопістолет лакофарбовий LVMP ВП бачок 600 мл 1 4 мм Italco (H-1001A-1.4LM)	1	347x727	ГОЛОВНЕ фото менше 400 px	https://images.prom.ua/1924875532_pnevmopistolet-lakokrasochnyj-lvmp.jpg
TLT-235SBA-380	Підіймачі 2-стійковий підіймач із нижньою синхронізацією 3 5 т Launch (TLT-235SB	1	279x250	ГОЛОВНЕ фото менше 400 px	https://images.prom.ua/1924918357_2-h-stoechnyj-podemnik.jpg
РАЗВ10Л	Розгортка 10 мм ручна регульована пелюсткова Харків Без бренда (РАЗВ10Л)	1	250x250	ГОЛОВНЕ фото менше 400 px	https://images.prom.ua/1925062516_razvertka-10-mm.jpg
DTA-340A4	"Цифровий динамометричний адаптер + шкала довороту 1/2"" 17-340Нм Toptul (DTA-340A"	2	500x303	фото менше 400 px	https://images.prom.ua/1923225774_tsifrovoj-dinamometricheskij-adapter.jpg
AC690PRO	Станція для заправлення кондиціонерів автомат з принтером Robinair (AC690PRO)	3	290x458	фото менше 400 px	https://images.prom.ua/1924920290_stantsiya-dlya-zapravki.jpg
DAAX1A16	Гайкоріз 12-16 мм Toptul (DAAX1A16)	2	328x249	фото менше 400 px	https://images.prom.ua/7082560493_gajkorez-toptul-12-16mm.jpg
JEAA1010	Кліщі балансувальні Toptul (JEAA1010)	2	640x311	сторінка каталогу з таблицею моделей (ITEM NO.)	https://images.prom.ua/1923285964_kleschi-balansirovochnye-toptul.jpg
PWR4515	"Ключ трубний важільний тип 45 1.5"" Стандарт (PWR4515)"	1	250x250	ГОЛОВНЕ фото менше 400 px	https://images.prom.ua/1924943684_klyuch-trubnyj-rychazhnyj.jpg
TRA8485	Домкрат рейковий 3т 125-1020мм TORIN (TRA8485)	1	326x744	ГОЛОВНЕ фото менше 400 px	https://images.prom.ua/1906121910_domkrat-reechnyj-torin.jpg
GADW4502	"Набір біт і головок з тріскачкою 1/4"" 41од. 12-гр. Toptul (GADW4502)"	4	720x383	фото менше 400 px	https://images.prom.ua/7075776409_nabor-bit-i.jpg
МОЛ40Т	Кувалда 4 кг Без бренда (МОЛ40Т)	1	250x250	ГОЛОВНЕ фото менше 400 px	https://images.prom.ua/1925001987_kuvalda-4-kg.jpg
FOCUS-DIESEL	Тестер дизельних форсунок Без бренда (FOCUS-DIESEL)	2	360x360	фото менше 400 px	https://images.prom.ua/1925176089_tester-dizelnyh-forsunok.jpg
ISDS0601	Набір викруток діелектричних 1000V 6 од. Стандарт (ISDS0601)	1	250x250	ГОЛОВНЕ фото менше 400 px	https://images.prom.ua/1924939246_nabor-otvertok-dielektricheskih.jpg
LC590D	"Вантажний шиномонтажний верстат до 56"" 380 В BRIGHT (LC590D)"	1	250x250	ГОЛОВНЕ фото менше 400 px	https://images.prom.ua/1924903440_gruzovoj-shinomontazhnyj-stanok.jpg
РАЗВ4043В	Розгортка ручна регульована 40-43 Вінниця Без бренда (РАЗВ4043В)	1	250x250	ГОЛОВНЕ фото менше 400 px	https://images.prom.ua/1925062516_razvyortka-ruchnaya-reguliruemaya.jpg
JEAM0821	Насадка для накачування коліс 205мм Toptul (JEAM0821)	2	690x389	сторінка каталогу з таблицею моделей (ITEM NO.)	https://images.prom.ua/1923291201_nasadka-dlya-nakachki.jpg
DJAC0110	"Лещата слюсарні з ковадлом поворотні 250мм 10"" Toptul (DJAC0110)"	2	512x378	фото менше 400 px	https://images.prom.ua/7084612374_tiski-slesarnye-s.jpg
DJAC0110	"Лещата слюсарні з ковадлом поворотні 250мм 10"" Toptul (DJAC0110)"	3	512x384	фото менше 400 px	https://images.prom.ua/7084612376_tiski-slesarnye-s.jpg
DJAC0110	"Лещата слюсарні з ковадлом поворотні 250мм 10"" Toptul (DJAC0110)"	4	512x383	фото менше 400 px	https://images.prom.ua/7084612375_tiski-slesarnye-s.jpg
DJAC0110	"Лещата слюсарні з ковадлом поворотні 250мм 10"" Toptul (DJAC0110)"	5	512x390	фото менше 400 px	https://images.prom.ua/7084612377_tiski-slesarnye-s.jpg
JDCA0112	Знімач масляного фільтра універсальний 80-115 мм Toptul (JDCA0112)	2	690x411	сторінка каталогу з таблицею моделей (ITEM NO.)	https://images.prom.ua/1923285588_semnik-maslyanogo-filtra.jpg
TRF3301	Упор під колесо гумовий 2 шт. TORIN (TRF3301)	2	512x382	фото менше 400 px	https://images.prom.ua/7076712833_upor-pod-koleso.jpg
ACM3000	Стенд заправки кондиціонера автомат Robinair (ACM3000)	2	370x370	фото менше 400 px	https://images.prom.ua/1924920297_stend-zapravki-konditsionera.jpg
GBAT0501	Набір напилків в ложементі 5од. Toptul (GBAT0501)	1	720x319	ГОЛОВНЕ фото менше 400 px	https://images.prom.ua/7086541532_nabor-napilnikov-v.jpg
УДКТ40СИЛ	Силовий подовжувач на котушці 40 м ПЕР40БС Без бренда (УДКТ40СИЛ)	1	250x250	ГОЛОВНЕ фото менше 400 px	https://images.prom.ua/1925002800_silovoj-udlinitel-na.jpg
РАЗВ2123В	Розгортка регульована 21-23 Вінниця Без бренда (РАЗВ2123В)	1	250x250	ГОЛОВНЕ фото менше 400 px	https://images.prom.ua/1925062516_razvertka-reguliruemaya-21-23.jpg
GAAL0915	Г-образні ключі TORX T10-T50 9ед. супердовгі з отвором Toptul (GAAL0915)	4	421x233	фото менше 400 px	https://images.prom.ua/7084617127_g-obraznye-klyuchi-torx.jpg
РАЗВ2326В	Розгортка ручна регульована 23-26 Вінниця Без бренда (РАЗВ2326В)	1	250x250	ГОЛОВНЕ фото менше 400 px	https://images.prom.ua/1925062516_razvertka-ruchnaya-reguliruemaya.jpg
GAAI0605	Набір для обтискача клем універсальний Toptul (GAAI0605)	7	385x290	фото менше 400 px	https://images.prom.ua/7082570127_nabor-dlya-obzhimki.jpg
РАЗВ3540В	Розгортка ручна регульована 35-40 Вінниця Без бренда (РАЗВ3540В)	1	250x250	ГОЛОВНЕ фото менше 400 px	https://images.prom.ua/1925062516_razvertka-ruchnaya-reguliruemaya.jpg
SHR2901	Заклепник для витяжних заклепок 2.4-4.8 Стандарт (SHR2901)	1	250x250	ГОЛОВНЕ фото менше 400 px	https://images.prom.ua/1924944159_zaklepochnik-dlya-vytyazhnyh.jpg
PLWS0106	"Кліщі для зняття ізоляції 6"" Стандарт (PLWS0106)"	1	250x250	ГОЛОВНЕ фото менше 400 px	https://images.prom.ua/1924943328_kleschi-dlya-snyatiya.jpg
РАЗВ1213В	Розгортка ручна регульована 12-13 5 Вінниця Без бренда (РАЗВ1213В)	1	250x250	ГОЛОВНЕ фото менше 400 px	https://images.prom.ua/1925062516_razvertka-ruchnaya-reguliruemaya.jpg
TRA8205	Домкрат рейковий 3т 125-318мм TORIN (TRA8205)	2	640x371	асортимент: кілька розмірів/моделей на фото	https://images.prom.ua/1906121916_domkrat-reechnyj-3t.jpg
TRA8205	Домкрат рейковий 3т 125-318мм TORIN (TRA8205)	3	554x385	фото менше 400 px	https://images.prom.ua/1906121917_domkrat-reechnyj-3t.jpg
TRA8205	Домкрат рейковий 3т 125-318мм TORIN (TRA8205)	4	443x268	фото менше 400 px	https://images.prom.ua/1906121918_domkrat-reechnyj-3t.jpg
JDAV1615	Знімач масляного фільтра нейлонова стрічка d152 мм Toptul (JDAV1615)	2	690x360	сторінка каталогу з таблицею моделей (ITEM NO.)	https://images.prom.ua/1923278051_filtrosemnik-nejlonovaya-lenta.jpg
JEAE0509	Кліщі для зняття хомутів Toptul (JEAE0509)	2	248x500	фото менше 400 px	https://images.prom.ua/7082558088_kleschi-dlya-snyatiya.jpg
TRK8021	Лебідка важільна ручна 2т TORIN (TRK8021)	1	708x265	ГОЛОВНЕ фото менше 400 px	https://images.prom.ua/1906122516_lebedka-rychazhnaya-ruchnaya.jpg
Maxboxer	"Гайковерт електричний вантажний 1"" /TURBO-2000 COTON (Maxboxer)"	1	250x250	ГОЛОВНЕ фото менше 400 px	https://images.prom.ua/1925198838_gajkovert-elektricheskij-gruzovoj.jpg
NKK25ST-S	Набір ріжково-накидних ключів 25 шт. 6-32 мм у чохлі Стандарт (NKK25ST-S)	4	512x384	фото менше 400 px	https://images.prom.ua/7080145360_nabor-rozhkovo-nakidnyh-klyuchej.jpg
NKK25ST-S	Набір ріжково-накидних ключів 25 шт. 6-32 мм у чохлі Стандарт (NKK25ST-S)	5	512x384	фото менше 400 px	https://images.prom.ua/7080145357_nabor-rozhkovo-nakidnyh-klyuchej.jpg
NKK25ST-S	Набір ріжково-накидних ключів 25 шт. 6-32 мм у чохлі Стандарт (NKK25ST-S)	8	384x512	фото менше 400 px	https://images.prom.ua/7080145358_nabor-rozhkovo-nakidnyh-klyuchej.jpg
NKK25ST-S	Набір ріжково-накидних ключів 25 шт. 6-32 мм у чохлі Стандарт (NKK25ST-S)	9	512x384	фото менше 400 px	https://images.prom.ua/7080145359_nabor-rozhkovo-nakidnyh-klyuchej.jpg
РАЗВ1719В	Розгортка ручна регульована 17 25-19 Вінниця Україна Без бренда (РАЗВ1719В)	1	250x250	ГОЛОВНЕ фото менше 400 px	https://images.prom.ua/1925062516_razvyortka-ruchnaya-reguliruemaya.jpg
IBA-600	Тестер автомобільних акумуляторів Trisco (IBA-600)	1	250x250	ГОЛОВНЕ фото менше 400 px	https://images.prom.ua/1924921033_tester-avtomobilnyh-akkumulyatorov.jpg
РАЗВ38Л	Розгортка регульована циліндрична d 38 з направляє. Харків Без бренда (РАЗВ38Л)	1	250x250	ГОЛОВНЕ фото менше 400 px	https://images.prom.ua/1925078539_razvertka-reguliruemaya-tsilindricheskaya.jpg
JDAU8595	Ключ для масляного фільтра сталева стрічка 85-95 мм Toptul (JDAU8595)	2	690x380	сторінка каталогу з таблицею моделей (ITEM NO.)	https://images.prom.ua/1923278047_klyuch-dlya-maslyanogo.jpg
ЧН24	Набір торцевих головок №24 8~15 17 19 22мм Чернігів Україна Без бренда (ЧН24)	1	250x250	ГОЛОВНЕ фото менше 400 px	https://images.prom.ua/1925130949_nabor-tortsevyh-golovok.jpg
CAAA0806	"Подовжувач 1/4"" 150 мм Toptul (CAAA0806)"	2	800x76	фото менше 400 px	https://images.prom.ua/7082300720_udlinitel-14-150mm.jpg
РАЗВ7Ш	Розгортка регульована ручна d 7 з кулькою Харків Без бренда (РАЗВ7Ш)	1	250x250	ГОЛОВНЕ фото менше 400 px	https://images.prom.ua/1925062519_razvertka-reguliruemaya-ruchnaya.jpg
JDAA0808	Знімач масляного фільтра універсальний 66-94 мм Toptul (JDAA0808)	2	690x361	сторінка каталогу з таблицею моделей (ITEM NO.)	https://images.prom.ua/1923277431_semnik-maslyanogo-filtra.jpg
DT-030I2	"Динамометричний ключ електронний 1.5-30 нм двосторонньої дії 1/4"" Toptul (DT-030"	2	500x342	фото менше 400 px	https://images.prom.ua/1923225624_dinamometricheskij-klyuch-elektronnyj.jpg
TLT-240SB-380	Двостійний підіймач із нижньою синхронізацією 4 т Launch (TLT-240SB-380)	2	360x360	фото менше 400 px	https://images.prom.ua/1924918368_dvuhstoechnyj-podemnik-s.jpg
TLT-240SB-380	Двостійний підіймач із нижньою синхронізацією 4 т Launch (TLT-240SB-380)	3	360x360	фото менше 400 px	https://images.prom.ua/1924918369_dvuhstoechnyj-podemnik-s.jpg
JGAI1302	Компресометр професійний дизельний Toptul (JGAI1302)	2	640x379	сторінка каталогу з таблицею моделей (ITEM NO.)	https://images.prom.ua/1923293387_kompressometr-dizelnyj-professionalnyj.jpg
GAAE0611	Набір хрестових і шліцьових викруток 6 од. Toptul (GAAE0611)	2	532x365	фото менше 400 px	https://images.prom.ua/7082378421_nabor-krestovyh-i.jpg
GAAE0611	Набір хрестових і шліцьових викруток 6 од. Toptul (GAAE0611)	3	532x377	фото менше 400 px	https://images.prom.ua/7082378422_nabor-krestovyh-i.jpg
FTAB1612	"Адаптер під біти 1/2""х10 мм Toptul (FTAB1612)"	2	291x300	фото менше 400 px	https://images.prom.ua/7082351496_adapter-pod-bity.jpg
РАЗВ30Цел	Розгортка 30 мм цільна з напрямком Харків Без бренда (РАЗВ30Цел)	1	250x250	ГОЛОВНЕ фото менше 400 px	https://images.prom.ua/1925078535_razvertka-30-mm.jpg
ШАРС60ВК8	"Шарошки для сідел клапанів СМД-60"" ДТ-75 Вінниця Без бренда (ШАРС60ВК8)"	1	250x250	ГОЛОВНЕ фото менше 400 px	https://images.prom.ua/1925131392_sharoshki-dlya-sedel.jpg
GAAA2604	Набір ключів комбінованих 26 шт 6-32 мм Toptul (GAAA2604)	3	512x384	фото менше 400 px	https://images.prom.ua/7082524026_nabor-klyuchej-kombinirovannyh.jpg
GAAA2604	Набір ключів комбінованих 26 шт 6-32 мм Toptul (GAAA2604)	4	231x153	фото менше 400 px	https://images.prom.ua/7082524016_nabor-klyuchej-kombinirovannyh.jpg
TLT455W	Автомобільний чотиристійковий підіймач 5.5т Launch (TLT455W)	4	640x344	фото менше 400 px	https://images.prom.ua/1924919300_avtomobilnyj-chetyrehstoechnyj-podemnik.jpg
AHC46-H	Шланг спіральний для компресора 6 5x10 мм L = 20 м поліуретановий Airkraft (AHC4	2	1280x249	фото менше 400 px	https://images.prom.ua/7099733467_shlang-spiralnyj-dlya.jpg
LC887N 380V	"Шиномонтажний верстат автоматичний 10""-24"" LC887E 380V BRIGHT (LC887N 380V)"	2	303x226	фото менше 400 px	https://images.prom.ua/1924903820_shinomontazhnyj-stanok-bright.jpg
AHC46-F	Шланг спіральний повітряний для компресора 6 5x10 мм L = 10 м поліуретановий Air	6	1280x249	фото менше 400 px	https://images.prom.ua/7099733467_shlang-spiralnyj-vozdushnyj.jpg
HRC05-05	Штуцер з'єднувач ялинка 8*8 мм Airkraft (HRC05-05)	1	351x351	ГОЛОВНЕ фото менше 400 px	https://images.prom.ua/1924853950_shtutser-soedinitel-elochka.jpg
JCAB2821	Монтування шиномонтажна 530мм Toptul (JCAB2821)	5	512x384	фото менше 400 px	https://images.prom.ua/7082564489_montirovka-shinomontazhnaya-toptul.jpg
GCAZ0003	"Переносний ящик з інструментом 5 секцій 65 од. 1/2"" Toptul (GCAZ0003)"	1	476x396	ГОЛОВНЕ фото менше 400 px	https://images.prom.ua/1923260176_perenosnoj-yaschik-s.jpg
GCAZ0003	"Переносний ящик з інструментом 5 секцій 65 од. 1/2"" Toptul (GCAZ0003)"	2	550x358	фото менше 400 px	https://images.prom.ua/1923260177_perenosnoj-yaschik-s.jpg
ШАРС14ВК8	"Шарошки для сідел клапанів СМД-14"" Вінниця Без бренда (ШАРС14ВК8)"	1	250x250	ГОЛОВНЕ фото менше 400 px	https://images.prom.ua/1925131392_sharoshki-dlya-sedel.jpg
JGAI4001	Набір різьбонарізного інструменту 40 од. М3-М12 Toptul (JGAI4001)	8	413x266	фото менше 400 px	https://images.prom.ua/7075883744_nabor-rezbonareznogo-instrumenta.jpg
AWR2150	Розвідний гайковий ключ з погумованою ручкою 150 мм Стандарт (AWR2150)	1	250x250	ГОЛОВНЕ фото менше 400 px	https://images.prom.ua/1924923365_razvodnoj-gaechnyj-klyuch.jpg
TRA8605	Hi jack рейковий домкрат 3т 125-1330 мм TORIN (TRA8605)	2	374x374	фото менше 400 px	https://images.prom.ua/1906121913_hi-jack-reechnyj.jpg
DEBC2207B	"Бокорізи 7"" Toptul (DEBC2207B)"	2	350x230	фото менше 400 px	https://images.prom.ua/7082376612_bokorezy-toptul-7.jpg
GCAI9701	Набір інструменту комбінований у кейсі 97од. Toptul (GCAI9701)	2	408x239	фото менше 400 px	https://images.prom.ua/7075833763_nabor-instrumenta-kombinirovannyj.jpg
GCAI9701	Набір інструменту комбінований у кейсі 97од. Toptul (GCAI9701)	3	471x257	фото менше 400 px	https://images.prom.ua/7075833762_nabor-instrumenta-kombinirovannyj.jpg
KAHA3217	Молоток пневматичний пневмозубило Toptul (KAHA3217)	4	690x265	сторінка каталогу з таблицею моделей (ITEM NO.)	https://images.prom.ua/1923353681_molotok-pnevmaticheskij-pnevmozubilo.jpg
НСВ2513	Набір свердел для металу Р6М5 25 шт. 1-13 мм Стандарт (НСВ2513)	1	250x250	ГОЛОВНЕ фото менше 400 px	https://images.prom.ua/1925002787_nabor-sverl-po.jpg
LC850 380V	"Стенд шиномонтажний напівавтоматичний 10""-24"" 380 В LC850 BRIGHT (LC850 380V)"	1	250x250	ГОЛОВНЕ фото менше 400 px	https://images.prom.ua/1924903815_ctend-shinomontazhnyj-poluavtomaticheskij.jpg
ШГР17Х	Шестигранник 17мм Харків-1 Без бренда (ШГР17Х)	1	250x250	ГОЛОВНЕ фото менше 400 px	https://images.prom.ua/1925131761_shestigrannik-17mm-harkov-1.jpg
GAAQ1201U	"Набір головок торцевих на планці 3/8"" 16ед. 6-22мм Toptul (GAAQ1201U)"	1	469x158	ГОЛОВНЕ фото менше 400 px	https://images.prom.ua/7082563883_nabor-golovok-tortsevyh.jpg
AWR2250	Ключ розвідний трубний з погумованою ручкою 250 мм Стандарт (AWR2250)	1	250x250	ГОЛОВНЕ фото менше 400 px	https://images.prom.ua/1924923365_klyuch-razvodnoj-trubnyj.jpg
GE-28210	Візок для автосервісу з інструментом 7 секцій 282 од. VW-Audi Group Toptul (GE-2	3	656x399	фото менше 400 px	https://images.prom.ua/1923260693_telezhka-dlya-avtoservisa.jpg
CNC-602A	Стенд для промивання форсунок Launch (CNC-602A)	5	200x200	фото менше 400 px	https://images.prom.ua/1924917078_stend-dlya-promyvki.jpg
GE-26105	Візок з набором інструментів 7 секцій 261ед. Toptul (GE-26105)	3	350x200	фото менше 400 px	https://images.prom.ua/1923260681_telezhka-s-naborom.jpg
GE-26105	Візок з набором інструментів 7 секцій 261ед. Toptul (GE-26105)	4	350x200	фото менше 400 px	https://images.prom.ua/1923260682_telezhka-s-naborom.jpg
GE-26105	Візок з набором інструментів 7 секцій 261ед. Toptul (GE-26105)	5	350x200	фото менше 400 px	https://images.prom.ua/1923260683_telezhka-s-naborom.jpg
GE-26105	Візок з набором інструментів 7 секцій 261ед. Toptul (GE-26105)	6	350x200	фото менше 400 px	https://images.prom.ua/1923260684_telezhka-s-naborom.jpg
GE-26105	Візок з набором інструментів 7 секцій 261ед. Toptul (GE-26105)	7	350x200	фото менше 400 px	https://images.prom.ua/1923260685_telezhka-s-naborom.jpg
РАЗВ35Цел	Розгортка цільна з напрямком d 35 Харків Без бренда (РАЗВ35Цел)	1	250x250	ГОЛОВНЕ фото менше 400 px	https://images.prom.ua/1925078535_razvertka-tselnaya-s.jpg
AWR2300	Ключ розвідний 300 мм з погумованою ручкою Стандарт (AWR2300)	1	250x250	ГОЛОВНЕ фото менше 400 px	https://images.prom.ua/1924923368_klyuch-razvodnoj-300mm.jpg
ЧН16	Набір торцевих головок №16 8~19 21 22мм Чернігів Без бренда (ЧН16)	1	250x250	ГОЛОВНЕ фото менше 400 px	https://images.prom.ua/1925130948_nabor-tortsevyh-golovok.jpg
FTAB0808	"Бітотримач 1/4""х1/4"" Toptul (FTAB0808)"	2	291x300	фото менше 400 px	https://images.prom.ua/7082303468_bitoderzhatel-toptul-14h14.jpg
РАЗВ125Ш	Розгортка з кулькою регульована d 12 5 Харків Без бренда (РАЗВ125Ш)	1	250x250	ГОЛОВНЕ фото менше 400 px	https://images.prom.ua/1925062519_razvertka-s-sharikom.jpg
НСВ1910	Свердла для металу Р6М5 19 шт. 1-10 мм Стандарт (НСВ1910)	1	250x250	ГОЛОВНЕ фото менше 400 px	https://images.prom.ua/1925002304_sverla-po-metallu.jpg
МОЛ60Т	Кувалда 6 кг Без бренда (МОЛ60Т)	1	250x250	ГОЛОВНЕ фото менше 400 px	https://images.prom.ua/1925001987_kuvalda-6-kg.jpg
НСВ1308Т	Набір свердел для металу Р6М5 13 шт. титан 2-8 мм Стандарт (НСВ1308Т)	1	250x250	ГОЛОВНЕ фото менше 400 px	https://images.prom.ua/1925002300_nabor-sverl-po.jpg
JEAE0209	Кліщі для хомутів ШРУСа Toptul (JEAE0209)	2	690x318	сторінка каталогу з таблицею моделей (ITEM NO.)	https://images.prom.ua/1923286232_kleschi-dlya-homutov.jpg
GI19112	Стенд чищення форсунок 6 форсунок візок УЗ-ванна G.I. KRAFT G.I.Kraft (GI19112)	1	375x500	ГОЛОВНЕ фото менше 400 px	https://images.prom.ua/1924905637_stend-chistki-forsunok.jpg
КАРД12Х	Ключ торцевий шарнірний S12 Харків Без бренда (КАРД12Х)	1	250x250	ГОЛОВНЕ фото менше 400 px	https://images.prom.ua/1924999616_klyuch-tortsovyj-sharnirnyj.jpg
AHC46-B	Шланг для компресора 10 м спіральний поліуретановий 5 5x8 мм Airkraft (AHC46-B)	4	1280x307	фото менше 400 px	https://images.prom.ua/7099720836_shlang-dlya-kompressora.jpg
AHC46-B	Шланг для компресора 10 м спіральний поліуретановий 5 5x8 мм Airkraft (AHC46-B)	5	1280x263	фото менше 400 px	https://images.prom.ua/7100349178_shlang-dlya-kompressora.jpg
УДФТ15	Подовжувач-переноска гаражна бобіна 15м ПЕР15Б Без бренда (УДФТ15)	1	250x250	ГОЛОВНЕ фото менше 400 px	https://images.prom.ua/1925002798_udlinitel-perenoska-garazhnaya-bobina.jpg
TRK3211	Стяжка пружин гідравлічна 1т TORIN (TRK3211)	1	415x380	ГОЛОВНЕ фото менше 400 px	https://images.prom.ua/1906143044_styazhka-pruzhin-gidravlicheskaya.jpg
PWR4510	"Ключ КТР тип 45 1"" Стандарт (PWR4510)"	1	250x250	ГОЛОВНЕ фото менше 400 px	https://images.prom.ua/1924943684_klyuch-ktr-tip.jpg
CLBA0808	Ремкомплект для тріскачок CJPI0815 CJDI0812 CHDI0809 Toptul (CLBA0808)	1	398x300	ГОЛОВНЕ фото менше 400 px	https://images.prom.ua/1923212902_remkomplekt-dlya-treschotok.jpg
GI12115-380	Спотер для рихтування кузова 380V 4000A G.I.Kraft (GI12115-380)	1	250x370	ГОЛОВНЕ фото менше 400 px	https://images.prom.ua/1924904006_spotter-dlya-rihtovki.jpg
CPEB0107	"Знімач для стопорних кілець 7"" розтискання загнуті Стандарт (CPEB0107)"	1	250x250	ГОЛОВНЕ фото менше 400 px	https://images.prom.ua/1924923374_semnik-dlya-stopornyh.jpg
РАЗВ4345В	Розгортка ручна регульована 43-45 Вінниця Без бренда (РАЗВ4345В)	1	250x250	ГОЛОВНЕ фото менше 400 px	https://images.prom.ua/1925062516_razvyortka-ruchnaya-reguliruemaya.jpg
AW-1250	Ключ розвідний сантехнічний 250 мм Стандарт (AW-1250)	1	250x250	ГОЛОВНЕ фото менше 400 px	https://images.prom.ua/1924922892_klyuch-razvodnoj-santehnicheskij.jpg
РАЗВ1213Л	Розгортка пелюсткова регульована 12-13 5 Харків Без бренда (РАЗВ1213Л)	1	250x250	ГОЛОВНЕ фото менше 400 px	https://images.prom.ua/1925062516_razvertka-lepestkovaya-reguliruemaya.jpg
CAAA1206	"Подовжувач 3/8"" 150 мм Toptul (CAAA1206)"	2	800x76	фото менше 400 px	https://images.prom.ua/7082327597_udlinitel-38-150mm.jpg
УДКТ40	Подовжувач на котушці 40 м ПЕР40Б Без бренда (УДКТ40)	1	250x250	ГОЛОВНЕ фото менше 400 px	https://images.prom.ua/1925002800_udlinitel-na-katushke.jpg
GAAC1201	Набір ключів комб. на холдері 6-19 мм 12 шт. Toptul (GAAC1201)	5	1280x393	фото менше 400 px	https://images.prom.ua/7086629683_nabor-klyuchej-komb.jpg
РАЗВ8Ш	Розгортка регульована ручна d 8 з кулькою Харків Без бренда (РАЗВ8Ш)	1	250x250	ГОЛОВНЕ фото менше 400 px	https://images.prom.ua/1925062519_razvertka-reguliruemaya-ruchnaya.jpg
AW-1300	Ключ розвідний 300 мм Стандарт (AW-1300)	1	250x250	ГОЛОВНЕ фото менше 400 px	https://images.prom.ua/1924922890_klyuch-razvodnoj-300.jpg
LC850 220V	"Шиномонтажний верстат напівавтоматичний 10""-24"" 220 В LC850 BRIGHT (LC850 220V)"	1	250x250	ГОЛОВНЕ фото менше 400 px	https://images.prom.ua/1924903815_shinomontazhnyj-stanok-poluavtomaticheskij.jpg
SAAB2430	Полотно ножівне 300 мм для металу 24T Toptul (SAAB2430)	2	396x396	фото менше 400 px	https://images.prom.ua/7082558168_polotno-nozhovochnoe-300mm.jpg
HRC06-06	З'єднувач пневматична ялинка 10*10 мм Airkraft (HRC06-06)	1	351x351	ГОЛОВНЕ фото менше 400 px	https://images.prom.ua/1924853951_soedinitel-pnevmaticheskij-elochka.jpg
РАЗВ35РЛ	Розгортка під 35 вал регульована пелюсткова Харків Без бренда (РАЗВ35РЛ)	1	250x250	ГОЛОВНЕ фото менше 400 px	https://images.prom.ua/1925078633_razvertka-pod-35.jpg
JDBX0115	Фіксатор шківів водяного насоса VW AUDI Toptul (JDBX0115)	2	690x369	сторінка каталогу з таблицею моделей (ITEM NO.)	https://images.prom.ua/1923285584_fiksator-shkivov-vodyanogo.jpg
JGAI1601	Комплект знімачів масляних фільтрів 16 од. кришки+краб Toptul (JGAI1601)	2	690x417	сторінка каталогу з таблицею моделей (ITEM NO.)	https://images.prom.ua/1923307471_komplekt-semnikov-maslyanyh.jpg
GABB2001	"Набір головок з тріскачкою 1/2"" 20од. 8-32мм Toptul (GABB2001)"	3	236x59	фото менше 400 px	https://images.prom.ua/7086700855_nabor-golovok-s.jpg
KABA4865	"Голівка ударна 1-1/2"" 65мм Toptul (KABA4865)"	2	778x459	сторінка каталогу з таблицею моделей (ITEM NO.)	https://images.prom.ua/1923337859_golovka-udarnaya-toptul.jpg
DT-135I3	"Динамометричний ключ електронний 6 8-135Нм двосторонньої дії 3/8"" Toptul (DT-135"	2	500x342	фото менше 400 px	https://images.prom.ua/1923225624_dinamometricheskij-klyuch-elektronnyj.jpg
GAAW0802	Набір прецизійних викруток PH000-PH0 SL1.2-SL3 8од. Toptul (GAAW0802)	2	428x313	фото менше 400 px	https://images.prom.ua/7082419072_nabor-pretsizionnyh-otvertok.jpg
DAAX1A22	Гайкоріз 16-22 мм Toptul (DAAX1A22)	2	328x249	фото менше 400 px	https://images.prom.ua/7082562220_gajkolom-16-22mm-toptul.jpg
TLT-240SB-220	Двостійний підіймач із нижньою синхронізацією 4 т Launch (TLT-240SB-220)	2	360x360	фото менше 400 px	https://images.prom.ua/1924918368_dvuhstoechnyj-podemnik-s.jpg
TLT-240SB-220	Двостійний підіймач із нижньою синхронізацією 4 т Launch (TLT-240SB-220)	3	360x360	фото менше 400 px	https://images.prom.ua/1924918369_dvuhstoechnyj-podemnik-s.jpg
R-510	Тестер акумуляторних батарей стрілковий Trisco (R-510)	1	250x250	ГОЛОВНЕ фото менше 400 px	https://images.prom.ua/1924921036_tester-akkumulyatornyh-batarej.jpg
T825010R	Низькопрофільний гідравлічний домкрат 2.5т з поворотною ручкою 89-359 мм TORIN (	2	720x276	фото менше 400 px	https://images.prom.ua/7083024869_nizkoprofilnyj-gidravlicheskij-domkrat.jpg
SHR2905	Ручний заклепочник 2.4-4.8 посилений 260 мм Стандарт (SHR2905)	1	250x250	ГОЛОВНЕ фото менше 400 px	https://images.prom.ua/1924944160_ruchnoj-zaklepochnik-24-48.jpg
SWC0202	Набір стамесок 6-24 мм 4 од. Стандарт (SWC0202)	1	250x250	ГОЛОВНЕ фото менше 400 px	https://images.prom.ua/1924956807_nabor-stamesok-6-24mm.jpg
JGAA0401	Набір пінцетів 4шт. Toptul (JGAA0401)	3	1280x384	фото менше 400 px	https://images.prom.ua/7082571240_nabor-pintsetov-4sht.jpg
JGAA0401	Набір пінцетів 4шт. Toptul (JGAA0401)	4	1280x142	фото менше 400 px	https://images.prom.ua/7082571239_nabor-pintsetov-4sht.jpg
SVC0115	Штангенциркуль механічний 150 мм Стандарт (SVC0115)	3	512x329	фото менше 400 px	https://images.prom.ua/7084478053_shtangentsirkul-mehanicheskij-150mm.jpg
SVC0115	Штангенциркуль механічний 150 мм Стандарт (SVC0115)	4	381x512	фото менше 400 px	https://images.prom.ua/7084478054_shtangentsirkul-mehanicheskij-150mm.jpg
GI37101	Візок інструментальний 3 полиці GI KRAFT G.I.Kraft (GI37101)	1	374x372	ГОЛОВНЕ фото менше 400 px	https://images.prom.ua/1924908754_telezhka-instrumentalnaya-3.jpg
TY40002	Прес пневмогідравлічний 40т TORIN (TY40002)	1	350x350	ГОЛОВНЕ фото менше 400 px	https://images.prom.ua/1906141851_press-pnevmogidravlicheskij-40t.jpg
HRC04-04	З'єднувач ялинка прямий 6*6 мм Airkraft (HRC04-04)	1	351x351	ГОЛОВНЕ фото менше 400 px	https://images.prom.ua/7084122536_soedinitel-elochka-pryamoj.jpg
SMH04-06	Перехідник із зовнішньою різзю 1/4 на шланг 10 мм Airkraft (SMH04-06)	1	348x348	ГОЛОВНЕ фото менше 400 px	https://images.prom.ua/1924859002_perehodnik-s-naruzhnoj.jpg
Г34В22	"Головка торцева 22 мм 3/4"" СНГ Без бренда (Г34В22)"	1	250x250	ГОЛОВНЕ фото менше 400 px	https://images.prom.ua/1924984595_golovka-tortsevaya-22.jpg
РАЗВ1921В	Розгортка ручна регульована 19-21 Вінниця Україна Без бренда (РАЗВ1921В)	1	250x250	ГОЛОВНЕ фото менше 400 px	https://images.prom.ua/1925062516_razvyortka-ruchnaya-reguliruemaya.jpg
KAAE1202	"Тріскачка пневматична міні 3/8"" 41N/m 360об/хв Toptul (KAAE1202)"	2	690x373	сторінка каталогу з таблицею моделей (ITEM NO.)	https://images.prom.ua/1923326436_treschotka-pnevmaticheskaya-mini.jpg
КАРД14Х	Ключ торцевий Т-подібний з карданом S14 Харків Без бренда (КАРД14Х)	1	250x250	ГОЛОВНЕ фото менше 400 px	https://images.prom.ua/1924999616_klyuch-tortsevoj-t-obraznyj.jpg
РАЗВ50Цел	Розгортка 50 мм цільна з напрямком Харків Без бренда (РАЗВ50Цел)	1	250x250	ГОЛОВНЕ фото менше 400 px	https://images.prom.ua/1925078535_razvertka-50-mm.jpg
DMAC1A10	Знімач масляного фільтра затиск 53-118 мм Toptul (DMAC1A10)	2	690x408	сторінка каталогу з таблицею моделей (ITEM NO.)	https://images.prom.ua/1923225024_semnik-maslyanogo-filtra.jpg
AHC46-D	Шланг швидкознімний 5 5x8 мм L = 20 м спіральний поліуретановий Airkraft (AHC46-	3	1280x307	фото менше 400 px	https://images.prom.ua/7099720836_shlang-bystrosemnyj-55x8mm.jpg
AHC46-D	Шланг швидкознімний 5 5x8 мм L = 20 м спіральний поліуретановий Airkraft (AHC46-	4	1280x263	фото менше 400 px	https://images.prom.ua/7100349178_shlang-bystrosemnyj-55x8mm.jpg
GPAX1402	Набір комбінованих ключів 8-24 мм 14 шт. Hi-Performance Toptul (GPAX1402)	5	1280x393	фото менше 400 px	https://images.prom.ua/7086629683_nabor-kombinirovannyh-klyuchej.jpg
РАЗВ38Цел	Розгортка цільна з напрямком d 38 Харків Без бренда (РАЗВ38Цел)	1	250x250	ГОЛОВНЕ фото менше 400 px	https://images.prom.ua/1925078535_razvertka-tselnaya-s.jpg
JEAH0142	Ключ для шарніра рульової рейки 33-42 мм Toptul (JEAH0142)	2	780x375	сторінка каталогу з таблицею моделей (ITEM NO.)	https://images.prom.ua/1923291182_klyuch-dlya-sharnira.jpg
JEAH0142	Ключ для шарніра рульової рейки 33-42 мм Toptul (JEAH0142)	3	339x551	фото менше 400 px	https://images.prom.ua/7082558336_klyuch-dlya-sharnira.jpg
CAHA0840	"Кардан 1/4"" Toptul (CAHA0840)"	2	328x328	фото менше 400 px	https://images.prom.ua/7082301180_kardan-14-toptul.jpg
GAAI2101	Набір викрутка з насадками 20 в 1 PH PZ SL Hex Torx Toptul (GAAI2101)	6	532x337	фото менше 400 px	https://images.prom.ua/7082425651_nabor-otvertka-s.jpg
JDAU6073	Зіжник масляного фільтра ленточний 60-73 мм Toptul (JDAU6073)	2	690x380	сторінка каталогу з таблицею моделей (ITEM NO.)	https://images.prom.ua/1923277575_semnik-maslyanogo-filtra.jpg
SHW1500	Кувалда 1 5 кг ручка з дерева Стандарт (SHW1500)	1	250x250	ГОЛОВНЕ фото менше 400 px	https://images.prom.ua/1924944161_kuvalda-15-kg.jpg
CB68 220V	Балансувальний верстат 220 V CB68 BRIGHT (CB68 220V)	2	320x313	фото менше 400 px	https://images.prom.ua/1924903428_balansirovochnyj-stanok-220v.jpg
CCR0240	Кабелерез 240 мм Стандарт (CCR0240)	1	250x250	ГОЛОВНЕ фото менше 400 px	https://images.prom.ua/1924923369_kabelerez-240-mm.jpg
H-1001A-1.3LM	Пневмопістолет лакофарбовий LVMP ВП бачок 600 мл 1 3 мм Italco (H-1001A-1.3LM)	1	347x727	ГОЛОВНЕ фото менше 400 px	https://images.prom.ua/1924875532_pnevmopistolet-lakokrasochnyj-lvmp.jpg
STG-29	Пістолет для підкачування шин із манометром 12 бар Airkraft (STG-29)	7	720x305	текст іноземною мовою (рос./пол.)	https://images.prom.ua/7084439999_pistolet-dlya-podkachki.jpg
GAAC0901	Набір ключів комб. на холдері 9 шт. 6-19 мм Toptul (GAAC0901)	2	1280x393	фото менше 400 px	https://images.prom.ua/7086629683_nabor-klyuchej-komb.jpg
РАЗВ7Л	Розгортка пелюсткова регульована d 7 Харків Без бренда (РАЗВ7Л)	1	250x250	ГОЛОВНЕ фото менше 400 px	https://images.prom.ua/1925062516_razvertka-lepestkovaya-reguliruemaya.jpg
CPIS0107	"Круглогубці для зняття стопорних кілець 7"" стискання прямі Стандарт (CPIS0107)"	1	250x250	ГОЛОВНЕ фото менше 400 px	https://images.prom.ua/1924923377_kruglogubtsy-dlya-snyatiya.jpg
TLT-235SBA-220	Автопідіймач для автосервісу 220 В із нижньою синхронізацією 3 5 т Launch (TLT-2	1	279x250	ГОЛОВНЕ фото менше 400 px	https://images.prom.ua/1924918357_avtopodemnik-dlya-avtoservisa.jpg
CNC-402A	Стенд для промивання форсунок Launch (CNC-402A)	5	200x200	фото менше 400 px	https://images.prom.ua/1924917078_stend-dlya-promyvki.jpg
JCM-0300	Лежак автослюсаря підкатний пластиковий 1020x480x115 мм Toptul (JCM-0300)	4	690x427	сторінка каталогу з таблицею моделей (ITEM NO.)	https://images.prom.ua/1923277221_lezhak-avtoslesarya-podkatnoj.jpg
DJAC0106	"Лещата слюсарні поворотні 150мм 6"" Toptul (DJAC0106)"	2	512x383	фото менше 400 px	https://images.prom.ua/7084612375_tiski-slesarnye-povorotnye.jpg
DJAC0106	"Лещата слюсарні поворотні 150мм 6"" Toptul (DJAC0106)"	3	512x378	фото менше 400 px	https://images.prom.ua/7084612374_tiski-slesarnye-povorotnye.jpg
DJAC0106	"Лещата слюсарні поворотні 150мм 6"" Toptul (DJAC0106)"	4	512x384	фото менше 400 px	https://images.prom.ua/7084612376_tiski-slesarnye-povorotnye.jpg
DJAC0106	"Лещата слюсарні поворотні 150мм 6"" Toptul (DJAC0106)"	5	512x390	фото менше 400 px	https://images.prom.ua/7084612377_tiski-slesarnye-povorotnye.jpg
JDCA0108	Знімач фільтрів універсальний 60-80 мм Toptul (JDCA0108)	2	690x411	сторінка каталогу з таблицею моделей (ITEM NO.)	https://images.prom.ua/1923285588_semnik-filtrov-universalnyj.jpg
РАЗВ3338В	Розгортка ручна регульована 33 5-38 Вінниця Без бренда (РАЗВ3338В)	1	250x250	ГОЛОВНЕ фото менше 400 px	https://images.prom.ua/1925062516_razvertka-ruchnaya-reguliruemaya.jpg
TY50001	Прес пневмогідравлічний 50 тонн TORIN (TY50001)	5	150x70	логотип бренду замість товару	https://images.prom.ua/1906117785_press-pnevmogidravlicheskij-50.jpg
DT-340I4	"Ключ динамометричний для лівої і правої різьби 17-340Нм цифровий 1/2"" Toptul (DT"	2	500x342	фото менше 400 px	https://images.prom.ua/1923225624_klyuch-dinamometricheskij-dlya.jpg
РАЗВ30Л	Розгортка ручна 30 мм циліндрична з направляє. регульована Харків Без бренда (РА	1	250x250	ГОЛОВНЕ фото менше 400 px	https://images.prom.ua/1925078539_razvertka-ruchnaya-30.jpg
УДКТ30СИЛ	Подовжувач силовий на котушці 30 м ПЕР30БС Без бренда (УДКТ30СИЛ)	1	250x250	ГОЛОВНЕ фото менше 400 px	https://images.prom.ua/1925002800_udlinitel-silovoj-na.jpg
РАЗВ10Ш	Розгортка з кулькою регульована d 10 Харків Без бренда (РАЗВ10Ш)	1	250x250	ГОЛОВНЕ фото менше 400 px	https://images.prom.ua/1925062519_razvertka-s-sharikom.jpg
JEAB0833	Знімач сошки Toptul (JEAB0833)	2	690x414	сторінка каталогу з таблицею моделей (ITEM NO.)	https://images.prom.ua/1923286223_semnik-soshki-toptul.jpg
ПРК30М	Дроти пускові 3м 500А мідь Херсон Без бренда (ПРК30М)	1	250x250	ГОЛОВНЕ фото менше 400 px	https://images.prom.ua/1925062015_provoda-puskovye-3m.jpg
KAAA1220	"Пневмогайковерт для шиномонтажу 3/8"" 271N/m 10000 об/хв Toptul (KAAA1220)"	2	690x363	сторінка каталогу з таблицею моделей (ITEM NO.)	https://images.prom.ua/1923325731_pnevmogajkovert-dlya-shinomontazha.jpg
STM-0108-6	"Автомобільний набір інструментів 1/4"" 1/2"" 108од. 6-гр. Стандарт (STM-0108-6)"	1	383x512	ГОЛОВНЕ фото менше 400 px	https://images.prom.ua/7081921180_avtomobilnyj-nabor-instrumentov.jpg
STM-0108-6	"Автомобільний набір інструментів 1/4"" 1/2"" 108од. 6-гр. Стандарт (STM-0108-6)"	2	512x380	фото менше 400 px	https://images.prom.ua/7081921168_avtomobilnyj-nabor-instrumentov.jpg
STM-0108-6	"Автомобільний набір інструментів 1/4"" 1/2"" 108од. 6-гр. Стандарт (STM-0108-6)"	3	512x383	фото менше 400 px	https://images.prom.ua/7081921167_avtomobilnyj-nabor-instrumentov.jpg
STM-0108-6	"Автомобільний набір інструментів 1/4"" 1/2"" 108од. 6-гр. Стандарт (STM-0108-6)"	4	512x369	фото менше 400 px	https://images.prom.ua/7081921166_avtomobilnyj-nabor-instrumentov.jpg
STM-0108-6	"Автомобільний набір інструментів 1/4"" 1/2"" 108од. 6-гр. Стандарт (STM-0108-6)"	5	384x512	фото менше 400 px	https://images.prom.ua/7081921169_avtomobilnyj-nabor-instrumentov.jpg
STM-0108-6	"Автомобільний набір інструментів 1/4"" 1/2"" 108од. 6-гр. Стандарт (STM-0108-6)"	6	512x383	фото менше 400 px	https://images.prom.ua/7081921178_avtomobilnyj-nabor-instrumentov.jpg
STM-0108-6	"Автомобільний набір інструментів 1/4"" 1/2"" 108од. 6-гр. Стандарт (STM-0108-6)"	7	383x512	фото менше 400 px	https://images.prom.ua/7081921179_avtomobilnyj-nabor-instrumentov.jpg
STM-0108-6	"Автомобільний набір інструментів 1/4"" 1/2"" 108од. 6-гр. Стандарт (STM-0108-6)"	8	339x512	фото менше 400 px	https://images.prom.ua/7081921165_avtomobilnyj-nabor-instrumentov.jpg
STM-0108-6	"Автомобільний набір інструментів 1/4"" 1/2"" 108од. 6-гр. Стандарт (STM-0108-6)"	9	512x395	фото менше 400 px	https://images.prom.ua/7081921163_avtomobilnyj-nabor-instrumentov.jpg
CX-4000	Автомобільний зарядний пристрій Trisco (CX-4000)	1	250x250	ГОЛОВНЕ фото менше 400 px	https://images.prom.ua/1924920310_avtomobilnoe-zaryadnoe-ustrojstvo.jpg
LC810 380V	"Стенд шиномонтажний напівавтоматичний 10""-22"" BRIGHT (LC810 380V)"	3	350x500	фото менше 400 px	https://images.prom.ua/1924903446_ctend-shinomontazhnyj-poluavtomaticheskij.jpg
JEAM1437	Насадка для підкачки коліс 350мм Toptul (JEAM1437)	2	690x389	сторінка каталогу з таблицею моделей (ITEM NO.)	https://images.prom.ua/1923291201_nasadka-dlya-podkachki.jpg
SP01000002	Встановлення для обслуговування кондиціонерів автоматичне з принтером AC1234-3P 	1	250x250	ГОЛОВНЕ фото менше 400 px	https://images.prom.ua/1924920300_ustanovka-dlya-obsluzhivaniya.jpg
SCP0407	Набір знімачів стопорних кілець 4 од. Стандарт (SCP0407)	1	250x250	ГОЛОВНЕ фото менше 400 px	https://images.prom.ua/1924943691_nabor-semnikov-stopornyh.jpg
B80VS	Встановлення для вакуумного відкачування оливи 80 л G.I. KRAFT G.I.Kraft (B80VS)	1	250x250	ГОЛОВНЕ фото менше 400 px	https://images.prom.ua/1924903979_ustanovka-dlya-vakuumnoj.jpg
TLT250AT	Автопідіймач для СТО з верхньою синхронізацією 5 т Launch (TLT250AT)	1	321x379	ГОЛОВНЕ фото менше 400 px	https://images.prom.ua/1924919291_avtopodemnik-dlya-sto.jpg
T92004	Домкрат стовпчиковий пляшковий гідравлічний 20 т 242–452 мм TORIN (T92004)	4	980x384	фото менше 400 px	https://images.prom.ua/7076191838_domkrat-stolbchatyj-butylochnyj.jpg
CAHA1678	"Шарнір-кардан для головок 1/2"" Toptul (CAHA1678)"	2	328x328	фото менше 400 px	https://images.prom.ua/7082337597_sharnir-kardan-dlya-golovok.jpg
CAHA1678	"Шарнір-кардан для головок 1/2"" Toptul (CAHA1678)"	5	462x372	фото менше 400 px	https://images.prom.ua/7082352182_sharnir-kardan-dlya-golovok.jpg
DTA-135N	"Адаптер динамометричний цифровий двосторонньої дії 3/8"" 27-135Nm Toptul (DTA-135"	2	500x303	фото менше 400 px	https://images.prom.ua/1923225765_adapter-dinamometricheskij-tsifrovoj.jpg
DTA-135N	"Адаптер динамометричний цифровий двосторонньої дії 3/8"" 27-135Nm Toptul (DTA-135"	3	500x296	фото менше 400 px	https://images.prom.ua/1923225766_adapter-dinamometricheskij-tsifrovoj.jpg
НСВ1306Т	Набір свердел для металу Р6М5 13 шт. титан 1 5-6 5 мм Стандарт (НСВ1306Т)	1	250x250	ГОЛОВНЕ фото менше 400 px	https://images.prom.ua/1925002295_nabor-sverl-po.jpg
МОЛ80Т	Кувалда 8 кг Без бренда (МОЛ80Т)	1	250x250	ГОЛОВНЕ фото менше 400 px	https://images.prom.ua/1925001987_kuvalda-8-kg.jpg
PWR4520	"Ключ трубний 2"" тип 45 Стандарт (PWR4520)"	1	250x250	ГОЛОВНЕ фото менше 400 px	https://images.prom.ua/1924943684_klyuch-trubnyj-2.jpg
КАРД13Х	Ключ торцевий односторонній з карданом S13 Харків Без бренда (КАРД13Х)	1	250x250	ГОЛОВНЕ фото менше 400 px	https://images.prom.ua/1924999616_klyuch-tortsevoj-odnostoronnij.jpg
CHF0450	Молоток столярний 450 г ручка з фібергласу Стандарт (CHF0450)	1	250x250	ГОЛОВНЕ фото менше 400 px	https://images.prom.ua/1924923370_molotok-stolyarnyj-450g.jpg
CB75P	Балансувальний верстат автомат з LCD-дисплеєм BRIGHT (CB75P)	2	650x350	фото менше 400 px	https://images.prom.ua/1924903430_balansirovochnyj-stanok-avtomat.jpg
T412001	Комплект підставок під машину 12т 468-715мм 2 шт. TORIN (T412001)	2	640x366	асортимент: кілька розмірів/моделей на фото	https://images.prom.ua/1906122506_komplekt-podstavok-pod.jpg
GAAV1103	"Набір біт для шурупокрута 1/4"" 11 од. Toptul (GAAV1103)"	1	360x360	ГОЛОВНЕ фото менше 400 px	https://images.prom.ua/1923244251_nabor-bit-dlya.jpg
DTA-030N	"Адаптер динамометричний цифровий двосторонньої дії 1/4"" 6-30Nm Toptul (DTA-030N)"	6	500x303	фото менше 400 px	https://images.prom.ua/1923225765_adapter-dinamometricheskij-tsifrovoj.jpg
DTA-030N	"Адаптер динамометричний цифровий двосторонньої дії 1/4"" 6-30Nm Toptul (DTA-030N)"	7	500x296	фото менше 400 px	https://images.prom.ua/1923225766_adapter-dinamometricheskij-tsifrovoj.jpg
ZPTN0212	Верстат для клепання гальмівних накладок заклепник пневматичний Airkraft (ZPTN02	2	596x398	фото менше 400 px	https://images.prom.ua/1925199491_stanok-dlya-klepki.jpg
ZPTN0212	Верстат для клепання гальмівних накладок заклепник пневматичний Airkraft (ZPTN02	3	357x270	фото менше 400 px	https://images.prom.ua/1925199492_stanok-dlya-klepki.jpg
ZPTN0212	Верстат для клепання гальмівних накладок заклепник пневматичний Airkraft (ZPTN02	4	339x458	фото менше 400 px	https://images.prom.ua/1925199493_stanok-dlya-klepki.jpg
ZPTN0212	Верстат для клепання гальмівних накладок заклепник пневматичний Airkraft (ZPTN02	5	486x267	фото менше 400 px	https://images.prom.ua/1925199494_stanok-dlya-klepki.jpg
ZPTN0212	Верстат для клепання гальмівних накладок заклепник пневматичний Airkraft (ZPTN02	6	308x649	фото менше 400 px	https://images.prom.ua/1925199495_stanok-dlya-klepki.jpg
ЧН5	Набір головок і вороток №5 8~15 17 19 22мм Чернігів Без бренда (ЧН5)	1	250x250	ГОЛОВНЕ фото менше 400 px	https://images.prom.ua/1925130951_nabor-golovok-i.jpg
SAAB2415	Полотно для металу 150 мм 24T для мініножівки Toptul (SAAB2415)	1	452x280	ГОЛОВНЕ фото менше 400 px	https://images.prom.ua/7082558217_polotno-po-metallu.jpg
УДКТ30	Продовжувач на катушці 30м ПЕР30Б Без бренда (УДКТ30)	1	250x250	ГОЛОВНЕ фото менше 400 px	https://images.prom.ua/1925002800_udlinitel-na-katushke.jpg
T64001G	Підіймач для мотоцикла 140-410 мм 400 кг TORIN (T64001G)	2	150x70	логотип бренду замість товару	https://images.prom.ua/1906134608_podemnik-dlya-mototsikla.jpg
ШАР3243	Набір зенкерів 32.4-3 розсувних Харків Без бренда (ШАР3243)	1	250x250	ГОЛОВНЕ фото менше 400 px	https://images.prom.ua/1925130957_nabor-zenkerov-324-3.jpg
РАЗВ25ЛРег	Розгортка ручна 25 мм циліндрична з направляє. регульована Харків Без бренда (РА	1	250x250	ГОЛОВНЕ фото менше 400 px	https://images.prom.ua/1925078533_razvertka-ruchnaya-25.jpg
TRE8310	Штабелер ручний гідравлічний 1т TORIN (TRE8310)	3	150x70	логотип бренду замість товару	https://images.prom.ua/1906143358_shtabeler-ruchnoj-gidravlicheskij.jpg
ШГР19Х	Шестигранник 19мм Харків-1 Без бренда (ШГР19Х)	1	250x250	ГОЛОВНЕ фото менше 400 px	https://images.prom.ua/1925131761_shestigrannik-19mm-harkov-1.jpg
LC810 220V	"Шиномонтажний верстат напівавтомат легковий 10""-22"" BRIGHT (LC810 220V)"	3	350x500	фото менше 400 px	https://images.prom.ua/1924903443_shinomontazhnyj-stanok-poluavtomat.jpg
ПРК20М	Дроти з затискачами крокодил 2м 500А мідь Херсон Без бренда (ПРК20М)	1	250x250	ГОЛОВНЕ фото менше 400 px	https://images.prom.ua/1925062015_provoda-s-zazhimami.jpg
КАРД08Х	Торцевий Т-подібний ключ з карданом S8 Україна Без бренда (КАРД08Х)	1	250x250	ГОЛОВНЕ фото менше 400 px	https://images.prom.ua/1924999616_tortsevoj-t-obraznyj-klyuch.jpg
GE-26109	Візок з набором інструментів для СТО Pro-Plus 7 секцій 261ед. сіра Toptul (GE-26	2	645x369	фото менше 400 px	https://images.prom.ua/1923260687_telezhka-s-naborom.jpg
T830020	Домкрат гідравлічний 3 т 3т 135-410 мм підкатний TORIN (T830020)	3	720x301	фото менше 400 px	https://images.prom.ua/7083024127_domkrat-gidravlicheskij-3.jpg
AHC46-E	Шланг спіральний швидкознімний L = 5 м 6 5x10 мм поліуретановий Airkraft (AHC46-	5	1280x263	фото менше 400 px	https://images.prom.ua/7100349178_shlang-spiralnyj-bystrosyomnyj.jpg
AHC46-E	Шланг спіральний швидкознімний L = 5 м 6 5x10 мм поліуретановий Airkraft (AHC46-	6	1280x307	фото менше 400 px	https://images.prom.ua/7099720836_shlang-spiralnyj-bystrosyomnyj.jpg
ЧН47	Набір торцових головок №47 8~15 17 19 22мм Чернигов Без бренда (ЧН47)	1	250x250	ГОЛОВНЕ фото менше 400 px	https://images.prom.ua/1925130950_nabor-tortsevyh-golovok.jpg
РАЗВ1011В	Розгортка ручна регульована 10-10 75 Вінниця Без бренда (РАЗВ1011В)	1	250x250	ГОЛОВНЕ фото менше 400 px	https://images.prom.ua/1925062516_razvertka-ruchnaya-reguliruemaya.jpg
РАЗВ6Ш	Розгортка з кулькою регульована d 6 Харків Без бренда (РАЗВ6Ш)	1	250x250	ГОЛОВНЕ фото менше 400 px	https://images.prom.ua/1925062519_razvertka-s-sharikom.jpg
РАЗВ1517В	Розгортка регульована ручна 15 25-17 25 Вінниця Без бренда (РАЗВ1517В)	1	250x250	ГОЛОВНЕ фото менше 400 px	https://images.prom.ua/1925062516_razvertka-reguliruemaya-ruchnaya.jpg
УДКТ20	Електричний удліжник на катушці 20 м ПЕР20Б Без бренда (УДКТ20)	1	250x250	ГОЛОВНЕ фото менше 400 px	https://images.prom.ua/1925002800_udlinitel-na-katushke.jpg
РАЗВ1011Л	Розгортка пелюсткова регульована d 10 5-11 5 Харків Без бренда (РАЗВ1011Л)	1	250x250	ГОЛОВНЕ фото менше 400 px	https://images.prom.ua/1925062516_razvertka-lepestkovaya-reguliruemaya.jpg
РАЗВ45Л	Розгортка ручна циліндрична d 45 з направляє. регульована Харків Без бренда (РАЗ	1	250x250	ГОЛОВНЕ фото менше 400 px	https://images.prom.ua/1925078539_razvertka-ruchnaya-tsilindricheskaya.jpg
НСВ1308	Свердла для металу Р6М5 13 шт. 2-8 мм Стандарт (НСВ1308)	1	250x250	ГОЛОВНЕ фото менше 400 px	https://images.prom.ua/1925002297_sverla-po-metallu.jpg
CAAA1610	"Подовжувач для головок 1/2"" 250 мм Toptul (CAAA1610)"	2	800x76	фото менше 400 px	https://images.prom.ua/7082349017_udlinitel-dlya-golovok.jpg
TLT-235SB-380	Підіймач автомобільний двостійковий 3 5 т Launch (TLT-235SB-380)	1	320x290	ГОЛОВНЕ фото менше 400 px	https://images.prom.ua/1924918353_podemnik-avtomobilnyj-dvuhstoechnyj.jpg
TLT-240SCA-380	Електрогідравлічний автопідіймач 2-стійковий 4 т 380 В TLT-240SCA Launch (TLT-24	3	353x640	фото менше 400 px	https://images.prom.ua/1924919287_elektrogidravlicheskij-avtopodemnik-2-stoechnyj.jpg
TLT-240SCA-380	Електрогідравлічний автопідіймач 2-стійковий 4 т 380 В TLT-240SCA Launch (TLT-24	4	333x640	фото менше 400 px	https://images.prom.ua/1924919288_elektrogidravlicheskij-avtopodemnik-2-stoechnyj.jpg
KACN120B	"Кардан ударний 3/8"" посилений Toptul (KACN120B)"	2	377x176	фото менше 400 px	https://images.prom.ua/7082340656_kardan-udarnyj-38.jpg
SPSW2135	Ключ для свічок 21 мм довгий із карданом L350 мм Стандарт (SPSW2135)	1	250x250	ГОЛОВНЕ фото менше 400 px	https://images.prom.ua/1924956674_klyuch-dlya-svechej.jpg
SMH04-05	Перехідник із зовнішньою різзю 1/4 на шланг 8 мм Airkraft (SMH04-05)	1	348x348	ГОЛОВНЕ фото менше 400 px	https://images.prom.ua/1924857083_perehodnik-s-naruzhnoj.jpg
РАЗВ32ЦЕЛ-L350	Розгортка ручна циліндрична d 32 з направляє. L350 Харків Без бренда (РАЗВ32ЦЕЛ-	1	250x250	ГОЛОВНЕ фото менше 400 px	https://images.prom.ua/1925078535_razvertka-ruchnaya-tsilindricheskaya.jpg
CAAA0804	"Подовжувач 1/4"" 100 мм Toptul (CAAA0804)"	2	800x76	фото менше 400 px	https://images.prom.ua/7082300720_udlinitel-14-100mm.jpg
AWR2200	Ключ розвідний 200 мм з прогумованою ручкою Стандарт (AWR2200)	1	250x250	ГОЛОВНЕ фото менше 400 px	https://images.prom.ua/1924923365_klyuch-razvodnoj-200mm.jpg
SCB1018	Леза для ножа 18 мм 10 шт. Стандарт (SCB1018)	1	380x380	ГОЛОВНЕ фото менше 400 px	https://images.prom.ua/7080802112_lezviya-dlya-nozha.jpg
ANAE1624	"Редуктор-підсилювач крутного моменту 1/2""х3/4"" 460-1400Nm Toptul (ANAE1624)"	1	328x348	ГОЛОВНЕ фото менше 400 px	https://images.prom.ua/2000827570_reduktor-usilitel-krutyaschego-momenta.jpg
НСВ1306	Свердла для металу Р6М5 13 шт. 1 5-6 5 мм Стандарт (НСВ1306)	1	250x250	ГОЛОВНЕ фото менше 400 px	https://images.prom.ua/1925002294_sverla-po-metallu.jpg
TR20006	Домкрат підкатний професійний 2 0т 130-535 мм TORIN (TR20006)	2	370x500	фото менше 400 px	https://images.prom.ua/1906120429_domkrat-podkatnoj-professionalnyj.jpg
HRC05-06	Ялинка для шланга 8*10 мм Airkraft (HRC05-06)	1	475x349	ГОЛОВНЕ фото менше 400 px	https://images.prom.ua/1985112947_yolochka-dlya-shlanga.jpg
HRC04-05	Ялинка для шланга 6*8 мм Airkraft (HRC04-05)	1	475x349	ГОЛОВНЕ фото менше 400 px	https://images.prom.ua/1985112947_yolochka-dlya-shlanga.jpg
HRC06-08	З'єднувач пневматичний на шланг 10*12 мм Airkraft (HRC06-08)	1	351x351	ГОЛОВНЕ фото менше 400 px	https://images.prom.ua/1301518661_soedinitel-pnevmaticheskij-na.jpg
AXG00020002	Рукавички робочі розмір M Toptul (AXG00020002)	3	855x234	асортимент: кілька розмірів/моделей на фото	https://images.prom.ua/2026468672_perchatki-rabochie-razmer.jpg
AXG00020001	Рукавички робочі розмір S Toptul (AXG00020001)	3	855x234	асортимент: кілька розмірів/моделей на фото	https://images.prom.ua/2026468672_perchatki-kombinirovannye-rabochie.jpg
AXG00020005	Рукавички робочі розмір 2XL Toptul (AXG00020005)	3	855x234	асортимент: кілька розмірів/моделей на фото	https://images.prom.ua/2026468672_zaschitnye-perchatki-razmer.jpg
AXG00020003	Рукавички робочі розмір L Toptul (AXG00020003)	3	855x234	асортимент: кілька розмірів/моделей на фото	https://images.prom.ua/2026468672_perchatki-rabochie-professionalnye.jpg
AXG00020004	Рукавички робочі розмір XL Toptul (AXG00020004)	3	855x234	асортимент: кілька розмірів/моделей на фото	https://images.prom.ua/2026468672_perchatki-kombinirovannye-rabochie.jpg
SBT-001	Шліфувальна стрічка для напилка пневматичного 10 мм*330 мм Airkraft (SBT-001)	1	500x330	ГОЛОВНЕ фото менше 400 px	https://images.prom.ua/2028601980_smennoe-polotno-dlya.jpg
RP8363A	Фарбований бак з автоматичною завагою 20 л Aeropro (RP8363A)	1	288x484	ГОЛОВНЕ фото менше 400 px	https://images.prom.ua/2028793553_kraskonagnetatelnyj-bak-s.jpg
AT-238LSG	"Пневмогайковерт 1/2"" 576N/m 7500об/хв довг.шпиндель Airkraft (AT-238LSG)"	1	392x329	ГОЛОВНЕ фото менше 400 px	https://images.prom.ua/2028278684_pnevmogajkovert-12-576nm.jpg
AT-8039P	Голчастий зачисний молоток пневматичний посилений Airkraft (AT-8039P)	1	500x304	ГОЛОВНЕ фото менше 400 px	https://images.prom.ua/2026767584_igolchatyj-zachistnoj-molotok.jpg
NTBT4004-X	Інструментальний ящик 4 секції TORIN (NTBT4004-X)	1	405x399	ГОЛОВНЕ фото менше 400 px	https://images.prom.ua/1894973343_instrumentalnyj-yaschik-4.jpg
GM1150A	Пірометр інфрачервоний -30-1150 °C Benetech (GM1150A)	3	473x358	фото менше 400 px	https://images.prom.ua/2204878039_pirometr-infrakrasnyj-30-1150c.jpg
GM610	Вологомір голчастий для деревини 2-70% 28 порід 4 типи Benetech (GM610)	7	391x512	фото менше 400 px	https://images.prom.ua/7081138983_vlagomer-igolchatyj-dlya.jpg
GM610	Вологомір голчастий для деревини 2-70% 28 порід 4 типи Benetech (GM610)	9	421x354	фото менше 400 px	https://images.prom.ua/2220930993_vlagomer-igolchatyj-dlya.jpg
GM3110	Тестер для вимірювання опору поверхні 1kΩ ~1000ГΩ Benetech (GM3110)	2	441x399	фото менше 400 px	https://images.prom.ua/2219813144_tester-dlya-izmereniya.jpg
GM3123	Мегаометр 0-99 9 ГΩ Benetech (GM3123)	6	473x370	фото менше 400 px	https://images.prom.ua/2203485463_megaommetr-0-999-g.jpg
GM3123	Мегаометр 0-99 9 ГΩ Benetech (GM3123)	8	438x293	фото менше 400 px	https://images.prom.ua/7090603020_megaommetr-0-999-g.jpg
GM1357	Вимірювач рівня шуму шумомер 30-130 дБ Benetech (GM1357)	2	361x512	фото менше 400 px	https://images.prom.ua/7090625929_izmeritel-urovnya-shuma.jpg
GM1357	Вимірювач рівня шуму шумомер 30-130 дБ Benetech (GM1357)	8	386x259	фото менше 400 px	https://images.prom.ua/7090625925_izmeritel-urovnya-shuma.jpg
WT100A	Товщиномір ультразвуковий 1-225 мм wintact (WT100A)	6	302x284	фото менше 400 px	https://images.prom.ua/7090521347_tolschinomer-ultrazvukovoj-1-225mm.jpg
WT100A	Товщиномір ультразвуковий 1-225 мм wintact (WT100A)	7	301x245	фото менше 400 px	https://images.prom.ua/7090521349_tolschinomer-ultrazvukovoj-1-225mm.jpg
WT100A	Товщиномір ультразвуковий 1-225 мм wintact (WT100A)	8	512x294	фото менше 400 px	https://images.prom.ua/7090521352_tolschinomer-ultrazvukovoj-1-225mm.jpg
GM630	Безконтактний вологомір будматеріалів 0 5-79 5% Benetech (GM630)	2	318x512	фото менше 400 px	https://images.prom.ua/7088251981_beskontaktnyj-vlagomer-strojmaterialov.jpg
GM630	Безконтактний вологомір будматеріалів 0 5-79 5% Benetech (GM630)	3	302x512	фото менше 400 px	https://images.prom.ua/7088251978_beskontaktnyj-vlagomer-strojmaterialov.jpg
GM630	Безконтактний вологомір будматеріалів 0 5-79 5% Benetech (GM630)	4	358x512	фото менше 400 px	https://images.prom.ua/7088251977_beskontaktnyj-vlagomer-strojmaterialov.jpg
GM630	Безконтактний вологомір будматеріалів 0 5-79 5% Benetech (GM630)	5	512x353	фото менше 400 px	https://images.prom.ua/7088251992_beskontaktnyj-vlagomer-strojmaterialov.jpg
GM630	Безконтактний вологомір будматеріалів 0 5-79 5% Benetech (GM630)	8	333x511	фото менше 400 px	https://images.prom.ua/7088251976_beskontaktnyj-vlagomer-strojmaterialov.jpg
GM630	Безконтактний вологомір будматеріалів 0 5-79 5% Benetech (GM630)	9	512x320	фото менше 400 px	https://images.prom.ua/7088251989_beskontaktnyj-vlagomer-strojmaterialov.jpg
GM900	Пірометр промисловий -50-950 °C Benetech (GM900)	4	512x388	фото менше 400 px	https://images.prom.ua/7081067678_pirometr-promyshlennyj-50-950c.jpg
GM510	Мікроманометр диференціального тиску USB ±10 кПа Benetech (GM510)	7	327x435	фото менше 400 px	https://images.prom.ua/7088343320_mikromanometr-differentsialnogo-davleniya.jpg
GM520	Дифманометр цифровий USB ±35 кПа Benetech (GM520)	9	327x435	фото менше 400 px	https://images.prom.ua/7088349690_difmanometr-tsifrovoj-usb.jpg
GM1361X	Термогігрометр Bluetooth 0-100% -10-50 °C Benetech (GM1361X)	2	414x392	фото менше 400 px	https://images.prom.ua/2209437111_termo-gigrometr-bluetooth-0-100.jpg
GM1361X	Термогігрометр Bluetooth 0-100% -10-50 °C Benetech (GM1361X)	3	414x392	фото менше 400 px	https://images.prom.ua/2209437112_termo-gigrometr-bluetooth-0-100.jpg
GM1361X	Термогігрометр Bluetooth 0-100% -10-50 °C Benetech (GM1361X)	4	414x392	фото менше 400 px	https://images.prom.ua/2209437114_termo-gigrometr-bluetooth-0-100.jpg
WT323C	Пірометр термогігрометр термопара — 50-650 °C wintact (WT323C)	9	1000x200	фото менше 400 px	https://images.prom.ua/7088444881_pirometr-termogigrometr-termopara.jpg
GM60	Багатофункціональний кабельний тестер Benetech (GM60)	4	456x374	фото менше 400 px	https://images.prom.ua/2220179594_mnogofunktsionalnyj-kabelnyj-tester.jpg
GM60	Багатофункціональний кабельний тестер Benetech (GM60)	5	456x374	фото менше 400 px	https://images.prom.ua/2220179598_mnogofunktsionalnyj-kabelnyj-tester.jpg
GM1360	Термометр-гігрометр 5-98% -10-50 °C Benetech (GM1360)	2	414x353	фото менше 400 px	https://images.prom.ua/2209496352_termometr-gigrometr-5-98-10-50c.jpg
GM1360	Термометр-гігрометр 5-98% -10-50 °C Benetech (GM1360)	3	414x353	фото менше 400 px	https://images.prom.ua/2209496353_termometr-gigrometr-5-98-10-50c.jpg
GM620	Електронний вологомір деревини виносний щуп 28 порід 4 типи Benetech (GM620)	3	381x262	фото менше 400 px	https://images.prom.ua/2221000664_elektronnyj-vlagomer-drevesiny.jpg
GM620	Електронний вологомір деревини виносний щуп 28 порід 4 типи Benetech (GM620)	4	327x304	фото менше 400 px	https://images.prom.ua/7088246690_elektronnyj-vlagomer-drevesiny.jpg
WT8823	Детектор горючих газів + термометр 0-100% LEL 0-50 °C wintact (WT8823)	8	474x317	фото менше 400 px	https://images.prom.ua/7088301916_detektor-goryuchih-gazov.jpg
WT8823	Детектор горючих газів + термометр 0-100% LEL 0-50 °C wintact (WT8823)	9	303x274	фото менше 400 px	https://images.prom.ua/7088301911_detektor-goryuchih-gazov.jpg
GM533	Пірометр — 50-530 °C Benetech (GM533)	5	262x243	фото менше 400 px	https://images.prom.ua/7081110839_pirometr-50-530c-benetech.jpg
WT1357	Вимірювач шуму шумомер 30-130 дБ wintact (WT1357)	2	157x512	фото менше 400 px	https://images.prom.ua/7090630979_izmeritel-shuma-shumomer.jpg
WT1357	Вимірювач шуму шумомер 30-130 дБ wintact (WT1357)	4	512x362	фото менше 400 px	https://images.prom.ua/7090630981_izmeritel-shuma-shumomer.jpg
WT1357	Вимірювач шуму шумомер 30-130 дБ wintact (WT1357)	5	153x512	фото менше 400 px	https://images.prom.ua/7090630978_izmeritel-shuma-shumomer.jpg
WT1357	Вимірювач шуму шумомер 30-130 дБ wintact (WT1357)	9	512x342	фото менше 400 px	https://images.prom.ua/7090630982_izmeritel-shuma-shumomer.jpg
GM1366	Даталоггер температури USB -30-80 °C Benetech (GM1366)	2	414x353	фото менше 400 px	https://images.prom.ua/2209732162_datalogger-temperatury-usb.jpg
GM1366	Даталоггер температури USB -30-80 °C Benetech (GM1366)	3	414x353	фото менше 400 px	https://images.prom.ua/2209732163_datalogger-temperatury-usb.jpg
GM1351	Вимірювач рівня шуму шумомер 30-130 дБ Benetech (GM1351)	7	340x394	фото менше 400 px	https://images.prom.ua/7088890808_izmeritel-urovnya-shuma.jpg
GM1352	Шумомір 30-130 дБ Benetech (GM1352)	5	425x390	фото менше 400 px	https://images.prom.ua/2210495538_shumomer-30-130-db.jpg
GM1352	Шумомір 30-130 дБ Benetech (GM1352)	9	329x302	фото менше 400 px	https://images.prom.ua/7088916989_shumomer-30-130-db.jpg
GM1352	Шумомір 30-130 дБ Benetech (GM1352)	10	460x383	фото менше 400 px	https://images.prom.ua/7088916991_shumomer-30-130-db.jpg
GM1250	Пірометр промисловий -30-1250 °C Benetech (GM1250)	4	427x329	фото менше 400 px	https://images.prom.ua/2207120213_pirometr-promyshlennyj-30-1250c.jpg
GM8802	Газоаналізатор вуглекислого газу + термогігрометр 0-2000 ppm 0-50 °C 10-90% Bene	2	429x330	фото менше 400 px	https://images.prom.ua/2217669841_gazoanalizator-uglekislogo-gaza.jpg
GM605	Вологомір деревини 0-41% 28 порід 4 типи Benetech (GM605)	3	245x512	фото менше 400 px	https://images.prom.ua/7081139902_vlagomer-drevesiny-0-41.jpg
GM605	Вологомір деревини 0-41% 28 порід 4 типи Benetech (GM605)	5	272x512	фото менше 400 px	https://images.prom.ua/7081139901_vlagomer-drevesiny-0-41.jpg
GM605	Вологомір деревини 0-41% 28 порід 4 типи Benetech (GM605)	6	258x512	фото менше 400 px	https://images.prom.ua/7081139904_vlagomer-drevesiny-0-41.jpg
GM1360A	Термогігрометр USB 0-100% -30-80 °C Benetech (GM1360A)	3	393x301	фото менше 400 px	https://images.prom.ua/2209815656_termogigrometr-usb-0-100.jpg
GM640	Вологомір зерна 5-30% 8 типів зернових Benetech (GM640)	6	261x512	фото менше 400 px	https://images.prom.ua/7081136214_vlagomer-zerna-5-30.jpg
GM1356	Шумомір USB 30-130 дБ Benetech (GM1356)	2	436x379	фото менше 400 px	https://images.prom.ua/2211895901_shumomer-usb-30-130.jpg
GM62	Кабельний тестер RJ-45 і RJ-11 Benetech (GM62)	2	343x415	фото менше 400 px	https://images.prom.ua/2220254230_kabelnyj-tester-rj-45.jpg
GM62	Кабельний тестер RJ-45 і RJ-11 Benetech (GM62)	4	456x374	фото менше 400 px	https://images.prom.ua/2220179598_kabelnyj-tester-rj-45.jpg
GM62	Кабельний тестер RJ-45 і RJ-11 Benetech (GM62)	5	421x354	фото менше 400 px	https://images.prom.ua/2220254228_kabelnyj-tester-rj-45.jpg
GM62	Кабельний тестер RJ-45 і RJ-11 Benetech (GM62)	6	347x419	фото менше 400 px	https://images.prom.ua/2220254233_kabelnyj-tester-rj-45.jpg
GM1362	Термогігрометр 0-100% -30-70 °C Benetech (GM1362)	3	471x355	фото менше 400 px	https://images.prom.ua/2209852186_termogigrometr-0-100-30-70c.jpg
GM63B	Віброметр із виносним датчиком Benetech (GM63B)	3	408x370	фото менше 400 px	https://images.prom.ua/2202961721_vibrometr-s-vynosnym.jpg
GCAI130T	Кращий набір інструменту на 130 од. Toptul (GCAI130T)	2	1280x720	текст іноземною мовою (рос./пол.)	https://images.prom.ua/2503457800_professionalnyj-nabor-instrumenta.jpg
NGW12ST	Ключі ріжково-накидні з тріскачкою 8-19 мм 12 од. Стандарт (NGW12ST)	5	392x512	фото менше 400 px	https://images.prom.ua/7080269389_klyuchi-rozhkovo-nakidnye-s.jpg
WT3160	Тепловізор -20-450 °C wintact (WT3160)	9	720x377	фото менше 400 px	https://images.prom.ua/7081031739_teplovizor-20-450s-wintact.jpg
KAHB3718	Молоток голчастий пневматичний пістолетного типу Toptul (KAHB3718)	2	495x332	фото менше 400 px	https://images.prom.ua/2340101344_molotok-igolchatyj-pnevmaticheskij.jpg
KAHB3718	Молоток голчастий пневматичний пістолетного типу Toptul (KAHB3718)	3	495x332	фото менше 400 px	https://images.prom.ua/2340101345_molotok-igolchatyj-pnevmaticheskij.jpg
KAHC5013	Пневмомолоток голчастий зачисний Toptul (KAHC5013)	2	495x330	фото менше 400 px	https://images.prom.ua/2340070827_pnevmomolotok-igolchatyj-zachistnoj.jpg
KAHC5013	Пневмомолоток голчастий зачисний Toptul (KAHC5013)	3	495x330	фото менше 400 px	https://images.prom.ua/2340070828_pnevmomolotok-igolchatyj-zachistnoj.jpg
WT8811	Газоаналізатор 4-в-1 wintact (WT8811)	6	512x382	фото менше 400 px	https://images.prom.ua/7081132752_gazoanalizator-4-v-1-wintact.jpg
WT8811	Газоаналізатор 4-в-1 wintact (WT8811)	7	512x387	фото менше 400 px	https://images.prom.ua/7081132749_gazoanalizator-4-v-1-wintact.jpg
WT8811	Газоаналізатор 4-в-1 wintact (WT8811)	8	512x386	фото менше 400 px	https://images.prom.ua/7081132748_gazoanalizator-4-v-1-wintact.jpg
WT8811	Газоаналізатор 4-в-1 wintact (WT8811)	9	337x512	фото менше 400 px	https://images.prom.ua/7081132750_gazoanalizator-4-v-1-wintact.jpg
WT8811	Газоаналізатор 4-в-1 wintact (WT8811)	10	512x316	фото менше 400 px	https://images.prom.ua/7081132751_gazoanalizator-4-v-1-wintact.jpg
PM8211	Мінімометр PeakMeter (PM8211)	2	894x378	фото менше 400 px	https://images.prom.ua/7089938316_mini-multimetr-peakmeter.jpg
PM8211	Мінімометр PeakMeter (PM8211)	3	894x366	фото менше 400 px	https://images.prom.ua/7089938315_mini-multimetr-peakmeter.jpg
PM8909	Безконтактний індикатор напруги двохдіапазонний PeakMeter PROTESTER (PM8909)	3	333x500	фото менше 400 px	https://images.prom.ua/7090056465_beskontaktnyj-indikator-napryazheniya.jpg
5423-200	Електронний кутомір із лінійкою 200 мм PROTESTER (5423-200)	2	720x360	фото менше 400 px	https://images.prom.ua/7086245224_elektronnyj-uglomer-s.jpg
5419-400D	Електронний рівень з лазером і кутомір 4х90°/400 мм PROTESTER (5419-400D)	2	720x141	фото менше 400 px	https://images.prom.ua/7086254913_elektronnyj-uroven-s.jpg
5419-400D	Електронний рівень з лазером і кутомір 4х90°/400 мм PROTESTER (5419-400D)	5	1280x261	фото менше 400 px	https://images.prom.ua/7086254917_elektronnyj-uroven-s.jpg
T825051	Домкрат із низьким підхопленням підкотний професійний 2 5/2т 85-380 мм TORIN (T8	3	980x384	фото менше 400 px	https://images.prom.ua/7076523585_domkrat-s-nizkim.jpg
TZ830026X	Домкрат із низьким підхопленням підкотний професійний 3 т з подвійною помпою 80-	5	720x382	фото менше 400 px	https://images.prom.ua/7083026590_domkrat-s-nizkim.jpg
T-168	Безконтактний термометр інфрачервоний медичний 32-42.9 °C PROTESTER (T-168)	4	288x995	фото менше 400 px	https://images.prom.ua/7088391981_beskontaktnyj-termometr-infrakrasnyj.jpg
5336-35	Нутромір індикаторний цифровий 18-35 мм PROTESTER (5336-35)	3	720x195	фото менше 400 px	https://images.prom.ua/7086232254_nutromer-indikatornyj-tsifrovoj.jpg
5422-500	Кутомір для вимірювання кутів цифровий із лінійкою 500 мм PROTESTER (5422-500)	2	720x218	фото менше 400 px	https://images.prom.ua/7080954477_uglomer-dlya-izmereniya.jpg
5422-500	Кутомір для вимірювання кутів цифровий із лінійкою 500 мм PROTESTER (5422-500)	5	720x316	фото менше 400 px	https://images.prom.ua/7080954476_uglomer-dlya-izmereniya.jpg
WT3010	Тестер напруги безконтактний 12-1000V/50/60Hz зі світловою і звуковою індикацією	2	720x315	фото менше 400 px	https://images.prom.ua/7086567893_tester-napryazheniya-beskontaktnyj.jpg
WT3010	Тестер напруги безконтактний 12-1000V/50/60Hz зі світловою і звуковою індикацією	3	720x281	фото менше 400 px	https://images.prom.ua/7086567894_tester-napryazheniya-beskontaktnyj.jpg
5304-500A	Цифрова лінійка 500мм з дистанційним дисплеєм PROTESTER (5304-500A)	3	720x344	фото менше 400 px	https://images.prom.ua/7080946444_tsifrovaya-linejka-500mm.jpg
5304-200A	Цифрова лінійка 200мм з дистанційним дисплеєм PROTESTER (5304-200A)	3	720x344	фото менше 400 px	https://images.prom.ua/7080946444_tsifrovaya-elektronnaya-linejka.jpg
BST-560	Цифровий тестер-вимірювач для батарей та акумуляторів з LCD-дисплеєм 12 В Launch	2	480x353	фото менше 400 px	https://images.prom.ua/7080086850_tsifrovoj-tester-izmeritel-dlya.jpg
BST-560	Цифровий тестер-вимірювач для батарей та акумуляторів з LCD-дисплеєм 12 В Launch	4	720x353	фото менше 400 px	https://images.prom.ua/7080086847_tsifrovoj-tester-izmeritel-dlya.jpg
BST-560	Цифровий тестер-вимірювач для батарей та акумуляторів з LCD-дисплеєм 12 В Launch	7	500x334	фото менше 400 px	https://images.prom.ua/7080086852_tsifrovoj-tester-izmeritel-dlya.jpg
WLST-010	Переноска світлодіодна 10м 100LED 28Вт 220В Стандарт (WLST-010)	4	720x309	фото менше 400 px	https://images.prom.ua/7080393789_perenoska-svetodiodnaya-10m.jpg
GT5105A	Вимірювач опору заземлення 0-2000 Ω Benetech (GT5105A)	5	512x340	фото менше 400 px	https://images.prom.ua/7090587827_tester-soprotivleniya-zazemleniya.jpg
GT5105A	Вимірювач опору заземлення 0-2000 Ω Benetech (GT5105A)	6	512x380	фото менше 400 px	https://images.prom.ua/7090587828_tester-soprotivleniya-zazemleniya.jpg
GT5105A	Вимірювач опору заземлення 0-2000 Ω Benetech (GT5105A)	7	512x341	фото менше 400 px	https://images.prom.ua/7090587850_tester-soprotivleniya-zazemleniya.jpg
GT85	Тестер розеток з функцією перевірки УЗО BENETECH PROTESTER (GT85)	4	254x436	фото менше 400 px	https://images.prom.ua/7086554017_tester-rozetok-s.jpg
GT235	Товщиномір лакофарбових покриттів LCD-дисплей Fe/nFe 0-1800мкм Benetech (GT235)	7	424x244	фото менше 400 px	https://images.prom.ua/7090185648_tolschinomer-professionalnyj-elektronnyj.jpg
MSN90-HAMMER	Цвяхозабивач пневматичний до 90 мм магнітний наконечник MSN90 Aeropro (MSN90-HAM	1	300x300	ГОЛОВНЕ фото менше 400 px	https://images.prom.ua/7086086323_gvozdezabivatel-pnevmaticheskij-do.jpg
SVC0220	Штангенциркуль 200мм 0 02 мм Стандарт (SVC0220)	4	381x512	фото менше 400 px	https://images.prom.ua/7084478054_shtangentsirkul-mehanicheskij-200mm.jpg
SVC0220	Штангенциркуль 200мм 0 02 мм Стандарт (SVC0220)	5	512x384	фото менше 400 px	https://images.prom.ua/7084478724_shtangentsirkul-mehanicheskij-200mm.jpg
SVC0220	Штангенциркуль 200мм 0 02 мм Стандарт (SVC0220)	6	512x384	фото менше 400 px	https://images.prom.ua/7084478725_shtangentsirkul-mehanicheskij-200mm.jpg
JRCT0075	Кабелерез ручний механічний телескопічні ручки ножиці секторні ø70мм Стандарт (J	2	1188x520	текст іноземною мовою (рос./пол.)	https://images.prom.ua/7085957705_ruchnoj-sektornyj-kabelerez.jpg
RCFL0102	Прожектор LED світлодіодний 100W акумуляторний LiFePO4 5000 mAh PROTESTER (RCFL0	4	720x279	фото менше 400 px	https://images.prom.ua/7086520002_prozhektor-led-svetodiodnyj.jpg
TRL8002-1	Лежак автослюсаря 900x490x30mm TORIN (TRL8002-1)	5	720x335	фото менше 400 px	https://images.prom.ua/7082855285_lezhak-remontnyj-dlya.jpg
TTDG0025	Вимірювач глибини протектора шин електронний 0-25 4 мм 0 01 мм PROTESTER (TTDG00	4	512x178	фото менше 400 px	https://images.prom.ua/7080810314_izmeritel-glubiny-protektora.jpg
UL-3001	Акумуляторна лампа під капот автомобіля 1200–1850 мм акумулятор 4400 мА·год PROT	4	720x282	фото менше 400 px	https://images.prom.ua/7080831838_akkumulyatornaya-lampa-pod.jpg
TR6036Z	Лежак автомайстра підкатний 2 в 1 макс. 130 кг TORIN (TR6036Z)	5	720x355	фото менше 400 px	https://images.prom.ua/7082890504_lezhak-avtomastera-podkatnoj.jpg
WT9055	Вимірювач рівня шуму шумомер wintact (WT9055)	3	512x341	фото менше 400 px	https://images.prom.ua/7088878257_izmeritel-urovnya-shuma.jpg
WT9055	Вимірювач рівня шуму шумомер wintact (WT9055)	5	512x346	фото менше 400 px	https://images.prom.ua/7088878255_izmeritel-urovnya-shuma.jpg
WT9055	Вимірювач рівня шуму шумомер wintact (WT9055)	6	391x350	фото менше 400 px	https://images.prom.ua/7088878262_izmeritel-urovnya-shuma.jpg
WT9066	Вимірювач рівня освітленості Люксметр +термометр wintact (WT9066)	9	586x397	фото менше 400 px	https://images.prom.ua/7090636324_izmeritel-urovnya-osveschennosti.jpg
TRD2006	Рампа під колеса автомобіля TORIN (TRD2006)	2	720x347	фото менше 400 px	https://images.prom.ua/7076733526_rampa-pod-kolesa.jpg
IND-1100W-RMH	Індукційний нагрівач 1100W з набором насадок G.I.Kraft (IND-1100W-RMH)	4	720x343	фото менше 400 px	https://images.prom.ua/7081152627_induktsionnyj-nagrevatel-1100w.jpg
IND-1100W-RMH	Індукційний нагрівач 1100W з набором насадок G.I.Kraft (IND-1100W-RMH)	6	689x289	фото менше 400 px	https://images.prom.ua/7081152592_induktsionnyj-nagrevatel-1100w.jpg
STG-05D	Пістолет для підкачування коліс із цифровим манометром 14 бар Airkraft (STG-05D)	4	720x325	фото менше 400 px	https://images.prom.ua/7082109230_pistolet-dlya-podkachki.jpg
WLST-2505	Переноска світлодіодна 5 м 25 LED 10 Вт 220 В STANDART PROFI Стандарт (WLST-2505	4	720x384	фото менше 400 px	https://images.prom.ua/7080409326_perenoska-svetodiodnaya-5m.jpg
WLST-2505	Переноска світлодіодна 5 м 25 LED 10 Вт 220 В STANDART PROFI Стандарт (WLST-2505	5	720x183	фото менше 400 px	https://images.prom.ua/7080409328_perenoska-svetodiodnaya-5m.jpg
WLST-2510	Переноска світлодіодна 10 м 25 LED 10 Вт 220 В STANDART PROFI Стандарт (WLST-251	3	720x183	фото менше 400 px	https://images.prom.ua/7080409328_perenoska-svetodiodnaya-10m.jpg
WLST-2510	Переноска світлодіодна 10 м 25 LED 10 Вт 220 В STANDART PROFI Стандарт (WLST-251	5	720x384	фото менше 400 px	https://images.prom.ua/7080409326_perenoska-svetodiodnaya-10m.jpg
PRO-HL0550S	Ліхтарик налобний світлодіодний LED із зумом PROTESTER (PRO-HL0550S)	2	720x347	фото менше 400 px	https://images.prom.ua/7080848783_fonarik-nalobnyj-svetodiodnyj.jpg
TE2008-1.4-1.7-2.0	Фарбопульт пневматичний TE2008 HVLP форсунки діаметром 1.4 1.7 і 2 мм Airkraft (	3	720x366	фото менше 400 px	https://images.prom.ua/7082262175_kraskopult-pnevmaticheskij-te2008.jpg
