# Мішані токени, які НЕ виправлені автоматично
# Потрібне рішення власника: правило заміни тут не
# виводиться з написання, а вгадувати заборонено.
# «Вживань» удвічі більше за фактичні: текст назв і
# описів лежить у парних тегах (name/name_ua,
# description/description_ua) і рахується в обох.

токен	вживань	офферів	причина	приклади SKU
Vрес	40	16	кириличний відрізок 3 літер — схоже на законну суміш, не латинізуємо	1480688303, 1480688304, 1532991632, 1532991633, 1532991634
тORIN	8	3	обидві абетки мають літери без двійника	1013898231, 1013902382, 1013949145
mічний	4	2	обидві абетки мають літери без двійника	1013902946, 1201700898
Xapaкtecтики	4	2	обидві абетки мають літери без двійника	1724583511, 1724583527
Maксимalaя	4	2	обидві абетки мають літери без двійника	1724583511, 1724583527
Uаак	2	1	обидві абетки мають літери без двійника	1013897552
mін	2	1	обидві абетки мають літери без двійника	1120632055
FFПортативний	2	1	обидві абетки мають літери без двійника	1682724414
кopotoгo	2	1	обидві абетки мають літери без двійника	1714816973
вepactaк	2	1	обидві абетки мають літери без двійника	1748320899
Clecapний	2	1	обидві абетки мають літери без двійника	1748320899
доступнийFFi	2	1	обидві абетки мають літери без двійника	2134005716
FFклaпaнa	2	1	обидві абетки мають літери без двійника	2219650531
достFFупу	2	1	обидві абетки мають літери без двійника	2662563985
двигуFFнів	2	1	обидві абетки мають літери без двійника	2662563988
Беzdротова	1	1	обидві абетки мають літери без двійника	1856661431
