article,фото,розмір,пропонована_назва
EL11202,перше фото придатне,діапазон у назві,Комплект Passion COCTAIL S Червоний (EL11202)
EL11402,перше фото придатне,діапазон у назві,Комплект Passion EXPRESSION S Чорний (EL11402)
EL13401,перше фото придатне,діапазон у назві,Комплект Passion RAMONA L Чорний (EL13401)
EL13402,перше фото придатне,діапазон у назві,Комплект Passion RAMONA S Чорний (EL13402)
EL13403,перше фото придатне,діапазон у назві,Комплект Passion RAMONA 2XL Чорний (EL13403)
EL14501,перше фото придатне,діапазон у назві,Корсет Passion HELLEN CORSET S Чорний (EL14501)
EL15401,замінити першим фото №2,діапазон у назві,Боді Passion JUSTINA L Чорний (EL15401)
EL15402,замінити першим фото №2,діапазон у назві,Боді Passion JUSTINA S Чорний (EL15402)
EL15403,замінити першим фото №2,діапазон у назві,Боді Passion JUSTINA 2XL Чорний (EL15403)
EL15804,замінити першим фото №4,діапазон у назві,Комплект Passion PAULINE L Чорний (EL15804)
EL15805,замінити першим фото №4,діапазон у назві,Комплект Passion PAULINE S Чорний (EL15805)
EL15806,замінити першим фото №4,діапазон у назві,Комплект Passion PAULINE 2XL Чорний (EL15806)
PS21904,перше фото придатне,діапазон у назві,Боді Passion Exclusive ATHENA L Білий (PS21904)
PS21905,перше фото придатне,діапазон у назві,Боді Passion Exclusive ATHENA S Білий (PS21905)
PS21906,перше фото придатне,діапазон у назві,Боді Passion Exclusive ATHENA 2XL Білий (PS21906)
PS23801,замінити першим фото №2,діапазон у назві,Комплект Passion Exclusive MAGALI OpenBra L Червоний (PS23801)
PS23901,замінити першим фото №2,діапазон у назві,Комплект Passion Exclusive MORGAN OpenBra L Чорний (PS23901)
PS23903,замінити першим фото №2,діапазон у назві,Комплект Passion Exclusive MORGAN OpenBra 2XL Чорний (PS23903)
PS24001,замінити першим фото №2,діапазон у назві,Боді Passion Exclusive NORTH L Чорний (PS24001)
PS24002,замінити першим фото №2,діапазон у назві,Боді Passion Exclusive NORTH S Чорний (PS24002)
PS24003,замінити першим фото №2,діапазон у назві,Боді Passion Exclusive NORTH 2XL Чорний (PS24003)
PS24004,замінити першим фото №4,діапазон у назві,Корсет Passion Exclusive NORTH CORSET L Чорний (PS24004)
PS24005,замінити першим фото №4,діапазон у назві,Корсет Passion Exclusive NORTH CORSET S Чорний (PS24005)
PS24006,замінити першим фото №4,діапазон у назві,Корсет Passion Exclusive NORTH CORSET 2XL Чорний (PS24006)
PS24301,замінити першим фото №4,діапазон у назві,Трусики Passion Exclusive VIOLANTE THONG L Чорний (PS24301)
PS24302,замінити першим фото №4,діапазон у назві,Трусики Passion Exclusive VIOLANTE THONG S Чорний (PS24302)
PS24303,замінити першим фото №4,діапазон у назві,Трусики Passion Exclusive VIOLANTE THONG 2XL Чорний (PS24303)
PS24701,замінити першим фото №4,діапазон у назві,Боді Passion Exclusive HAGAR L Чорний (PS24701)
PS24702,замінити першим фото №4,діапазон у назві,Боді Passion Exclusive HAGAR S Чорний (PS24702)
PS24703,замінити першим фото №4,діапазон у назві,Боді Passion Exclusive HAGAR 2XL Чорний (PS24703)
PS24706,замінити першим фото №2,діапазон у назві,Комплект Passion Exclusive HAGAR 2XL Чорний (PS24706)
PS25001,замінити першим фото №4,діапазон у назві,Комплект Passion Exclusive SARIA OpenBra L Чорний (PS25001)
PS25002,замінити першим фото №4,діапазон у назві,Комплект Passion Exclusive SARIA OpenBra S Чорний (PS25002)
PS25003,замінити першим фото №4,діапазон у назві,Комплект Passion Exclusive SARIA OpenBra 2XL Чорний (PS25003)
PS25104,замінити першим фото №4,діапазон у назві,Комплект Passion Exclusive VALERY OpenBra L Чорний (PS25104)
PS25105,замінити першим фото №4,діапазон у назві,Комплект Passion Exclusive VALERY OpenBra S Чорний (PS25105)
PS25106,замінити першим фото №4,діапазон у назві,Комплект Passion Exclusive VALERY OpenBra 2XL Чорний (PS25106)
PS25301,замінити першим фото №4,діапазон у назві,Трусики Passion Exclusive ABLA THONG L Чорний (PS25301)
PS25302,замінити першим фото №4,діапазон у назві,Трусики Passion Exclusive ABLA THONG S Чорний (PS25302)
PS25507,замінити першим фото №4,діапазон у назві,Комплект Passion Exclusive CHERRY OpenBra L Червоний (PS25507)
PS25508,замінити першим фото №4,діапазон у назві,Комплект Passion Exclusive CHERRY OpenBra S Червоний (PS25508)
PS25509,замінити першим фото №4,діапазон у назві,Комплект Passion Exclusive CHERRY OpenBra 2XL Червоний (PS25509)
PS25801,замінити першим фото №2,діапазон у назві,Боді Passion DIABOLINA L Чорний (PS25801)
PS25802,замінити першим фото №2,діапазон у назві,Боді Passion DIABOLINA S Чорний (PS25802)
PS25803,замінити першим фото №2,діапазон у назві,Боді Passion DIABOLINA 2XL Чорний (PS25803)
PS25804,замінити першим фото №2,діапазон у назві,Корсет Passion DIABOLINA CORSET L Чорний (PS25804)
PS25805,замінити першим фото №2,діапазон у назві,Корсет Passion DIABOLINA CORSET S Чорний (PS25805)
PS25806,замінити першим фото №2,діапазон у назві,Корсет Passion DIABOLINA CORSET 2XL Чорний (PS25806)
PS25901,замінити першим фото №4,діапазон у назві,Трусики Passion Exclusive DONIA THONG L Чорний (PS25901)
PS25902,замінити першим фото №4,діапазон у назві,Трусики Passion Exclusive DONIA THONG S Чорний (PS25902)
PS25903,замінити першим фото №4,діапазон у назві,Трусики Passion Exclusive DONIA THONG 2XL Чорний (PS25903)
PS26201,замінити першим фото №4,діапазон у назві,Комплект Passion Exclusive INDRA OpenBra L Чорний (PS26201)
PS26202,замінити першим фото №4,діапазон у назві,Комплект Passion Exclusive INDRA OpenBra S Чорний (PS26202)
PS26203,замінити першим фото №4,діапазон у назві,Комплект Passion Exclusive INDRA OpenBra 2XL Чорний (PS26203)
PS26301,замінити першим фото №4,діапазон у назві,Комплект Passion Exclusive KASSANDRA OpenBra L Чорний (PS26301)
PS26302,замінити першим фото №4,діапазон у назві,Комплект Passion Exclusive KASSANDRA OpenBra S Чорний (PS26302)
PS26303,замінити першим фото №4,діапазон у назві,Комплект Passion Exclusive KASSANDRA OpenBra 3XL Чорний (PS26303)
PS26405,замінити першим фото №4,діапазон у назві,Боді Passion Exclusive Mirajane S Чорний (PS26405)
PS26406,замінити першим фото №4,діапазон у назві,Боді Passion Exclusive Mirajane 2XL Чорний (PS26406)
PS26701,замінити першим фото №4,діапазон у назві,Трусики Passion Exclusive WARDA THONG L Червоний (PS26701)
PS26801,замінити першим фото №4,діапазон у назві,Бюстгальтер Passion Exclusive ARMANDA L Чорний (PS26801)
PS26802,замінити першим фото №4,діапазон у назві,Бюстгальтер Passion Exclusive ARMANDA S Чорний (PS26802)
PS26803,перше фото придатне,діапазон у назві,Бюстгальтер Passion Exclusive ARMANDA 2XL Чорний (PS26803)
PS26805,замінити першим фото №4,діапазон у назві,Трусики Passion Exclusive ARMANDA THONG S Чорний (PS26805)
PS27301,замінити першим фото №4,діапазон у назві,Боді Passion Exclusive IVENA L Чорний (PS27301)
PS27302,замінити першим фото №4,діапазон у назві,Боді Passion Exclusive IVENA S Чорний (PS27302)
PS27403,замінити першим фото №2,діапазон у назві,Боді Passion Exclusive JADE 2XL Чорний (PS27403)
PS27501,замінити першим фото №3,діапазон у назві,Бюстгальтер Passion Exclusive KELIS L Чорний (PS27501)
PS27504,замінити першим фото №4,діапазон у назві,Трусики Passion Exclusive KELIS THONG L Чорний (PS27504)
PS27505,замінити першим фото №3,діапазон у назві,Трусики Passion Exclusive KELIS THONG S Чорний (PS27505)
PS27601,замінити першим фото №2,діапазон у назві,Бюстгальтер Passion Exclusive LORRY L Чорний (PS27601)
PS27602,замінити першим фото №2,діапазон у назві,Бюстгальтер Passion Exclusive LORRY S Чорний (PS27602)
PS27604,замінити першим фото №2,діапазон у назві,Трусики Passion Exclusive LORRY THONG L Чорний (PS27604)
PS27605,замінити першим фото №2,діапазон у назві,Трусики Passion Exclusive LORRY THONG S Чорний (PS27605)
PS27701,замінити першим фото №4,діапазон у назві,Боді Passion Exclusive MEGGY L Чорний (PS27701)
PS27702,замінити першим фото №4,діапазон у назві,Боді Passion Exclusive MEGGY S Чорний (PS27702)
PS27704,замінити першим фото №4,діапазон у назві,Бюстгальтер Passion Exclusive MEGGY L Чорний (PS27704)
PS27705,замінити першим фото №4,діапазон у назві,Бюстгальтер Passion Exclusive MEGGY S Чорний (PS27705)
PS27707,замінити першим фото №4,діапазон у назві,Панчохи Passion Exclusive MEGGY GARTER BELT L Чорний (PS27707)
PS27708,замінити першим фото №3,діапазон у назві,Панчохи Passion Exclusive MEGGY GARTER BELT S Чорний (PS27708)
PS27710,замінити першим фото №3,діапазон у назві,Трусики Passion Exclusive MEGGY THONG L Чорний (PS27710)
PS27711,замінити першим фото №3,діапазон у назві,Трусики Passion Exclusive MEGGY THONG S Чорний (PS27711)
PS27801,замінити першим фото №4,діапазон у назві,Бюстгальтер Passion Exclusive NICKY L Чорний (PS27801)
PS27802,замінити першим фото №4,діапазон у назві,Бюстгальтер Passion Exclusive NICKY S Чорний (PS27802)
PS27804,замінити першим фото №3,діапазон у назві,Трусики Passion Exclusive NICKY THONG L Чорний (PS27804)
PS27805,замінити першим фото №3,діапазон у назві,Трусики Passion Exclusive NICKY THONG S Чорний (PS27805)
PS27901,замінити першим фото №4,діапазон у назві,Бюстгальтер Passion Exclusive SHELLY L Чорний (PS27901)
PS27902,замінити першим фото №4,діапазон у назві,Бюстгальтер Passion Exclusive SHELLY S Чорний (PS27902)
PS27905,замінити першим фото №3,діапазон у назві,Панчохи Passion Exclusive SHELLY GARTER BELT S Чорний (PS27905)
PS27907,замінити першим фото №3,діапазон у назві,Трусики Passion Exclusive SHELLY THONG L Чорний (PS27907)
PS28001,перше фото придатне,діапазон у назві,Бюстгальтер Passion Exclusive SOLON L Чорний (PS28001)
PS28002,перше фото придатне,діапазон у назві,Бюстгальтер Passion Exclusive SOLON S Чорний (PS28002)
PS28005,перше фото придатне,діапазон у назві,Трусики Passion Exclusive SOLON THONG S Чорний (PS28005)
PSS011R,перше фото придатне,немає розміру в назві,
PSS013B,перше фото придатне,немає розміру в назві,
PSS020W,перше фото придатне,немає розміру в назві,
PSS024B,перше фото придатне,немає розміру в назві,
PSS024R,перше фото придатне,немає розміру в назві,
SO1582,замінити першим фото №4,діапазон у назві,Трусики Passion Exclusive ARMANDA THONG 2XL Чорний (SO1582)
SO3689,перше фото придатне,немає розміру в назві,
SO3712,перше фото придатне,немає розміру в назві,
SO4131,перше фото придатне,діапазон у назві,Боді Passion AZALIA L Чорний (SO4131)
SO4132,перше фото придатне,діапазон у назві,Боді Passion AZALIA S Чорний (SO4132)
SO4133,перше фото придатне,діапазон у назві,Боді Passion AZALIA 2XL Чорний (SO4133)
SO4381,перше фото придатне,діапазон у назві,Боді Penthouse Go Hotter L Чорний (SO4381)
SO4747,замінити першим фото №2,діапазон у назві,Комплект Passion LOVELIA L Чорний (SO4747)
SO4749,замінити першим фото №2,діапазон у назві,Комплект Passion LOVELIA 2XL Чорний (SO4749)
SO4752,перше фото придатне,діапазон у назві,Комплект Passion LOVELIA 2XL Білий (SO4752)
SO4765,замінити першим фото №3,діапазон у назві,Корсет Passion L Чорний (SO4765)
SO4766,замінити першим фото №3,діапазон у назві,Корсет Passion S Чорний (SO4766)
SO4767,замінити першим фото №3,діапазон у назві,Корсет Passion 2XL Чорний (SO4767)
SO4768,замінити першим фото №4,діапазон у назві,Корсет Passion L Білий (SO4768)
SO4769,замінити першим фото №4,діапазон у назві,Корсет Passion S Білий (SO4769)
SO4770,замінити першим фото №4,діапазон у назві,Корсет Passion 2XL Білий (SO4770)
SO4777,замінити першим фото №4,діапазон у назві,Комплект Passion LOVELIA L Чорний (SO4777)
SO4778,замінити першим фото №4,діапазон у назві,Комплект Passion LOVELIA S Чорний (SO4778)
SO4779,замінити першим фото №4,діапазон у назві,Комплект Passion LOVELIA 2XL Чорний (SO4779)
SO4780,замінити першим фото №2,діапазон у назві,Комплект Passion LOVELIA L Білий (SO4780)
SO4781,замінити першим фото №2,діапазон у назві,Комплект Passion LOVELIA S Білий (SO4781)
SO4782,замінити першим фото №2,діапазон у назві,Комплект Passion LOVELIA 2XL Білий (SO4782)
SO5138,перше фото придатне,збігається,
SO5139,перше фото придатне,збігається,
SO5140,замінити першим фото №1,збігається,
SO5141,перше фото придатне,збігається,
SO5142,перше фото придатне,збігається,
SO5188,перше фото придатне,збігається,
SO5189,перше фото придатне,збігається,
SO5190,перше фото придатне,збігається,
SO5191,перше фото придатне,збігається,
SO5192,перше фото придатне,збігається,
SO5193,перше фото придатне,збігається,
SO5194,замінити першим фото №1,збігається,
SO5195,перше фото придатне,збігається,
SO5196,перше фото придатне,збігається,
SO5315,замінити першим фото №2,діапазон у назві,Боді Passion Amanda L Чорний (SO5315)
SO5316,замінити першим фото №2,діапазон у назві,Боді Passion Amanda S Чорний (SO5316)
SO5317,замінити першим фото №2,діапазон у назві,Боді Passion Amanda 2XL Чорний (SO5317)
SO5318,замінити першим фото №4,діапазон у назві,Комплект Passion L Чорний (SO5318)
SO5319,замінити першим фото №4,діапазон у назві,Комплект Passion S Чорний (SO5319)
SO5320,перше фото придатне,діапазон у назві,Комплект Passion 3XL Чорний (SO5320)
SO5321,замінити першим фото №4,діапазон у назві,Комплект Passion L Чорний (SO5321)
SO5322,замінити першим фото №3,діапазон у назві,Комплект Passion S Чорний (SO5322)
SO5343,замінити першим фото №4,діапазон у назві,Трусики Passion L Білий (SO5343)
SO5344,замінити першим фото №4,діапазон у назві,Трусики Passion S Білий (SO5344)
SO5345,замінити першим фото №4,діапазон у назві,Трусики Passion 2XL Білий (SO5345)
SO5346,перше фото придатне,діапазон у назві,Боді Passion Hima L Чорний (SO5346)
SO5347,замінити першим фото №2,діапазон у назві,Боді Passion Hima S Чорний (SO5347)
SO5348,замінити першим фото №2,діапазон у назві,Боді Passion Hima 2XL Чорний (SO5348)
SO5364,замінити першим фото №4,діапазон у назві,Трусики Passion NAJA THONG L Чорний (SO5364)
SO5365,замінити першим фото №4,діапазон у назві,Трусики Passion NAJA THONG S Чорний (SO5365)
SO5366,замінити першим фото №4,діапазон у назві,Трусики Passion NAJA THONG 2XL Чорний (SO5366)
SO5379,замінити першим фото №4,діапазон у назві,Трусики Passion SENIA THONG L Чорний (SO5379)
SO5380,замінити першим фото №4,діапазон у назві,Трусики Passion SENIA THONG S Чорний (SO5380)
SO5381,замінити першим фото №2,діапазон у назві,Трусики Passion SENIA THONG 2XL Чорний (SO5381)
SO5398,перше фото придатне,збігається,
SO5399,перше фото придатне,збігається,
SO5400,перше фото придатне,збігається,
SO5401,перше фото придатне,збігається,
SO5402,перше фото придатне,збігається,
SO5403,перше фото придатне,збігається,
SO5404,перше фото придатне,збігається,
SO5405,перше фото придатне,збігається,
SO5503,замінити першим фото №1,розбіжність,
SO5759,перше фото придатне,діапазон у назві,Комплект Passion CHRISTA Open L Чорний (SO5759)
SO5762,замінити першим фото №2,діапазон у назві,Комплект Passion MALWIA L Чорний (SO5762)
SO5764,замінити першим фото №2,діапазон у назві,Комплект Passion MALWIA 2XL Чорний (SO5764)
SO5765,замінити першим фото №4,діапазон у назві,Корсет Passion MALWIA CORSET L Чорний (SO5765)
SO5766,замінити першим фото №4,діапазон у назві,Корсет Passion MALWIA CORSET S Чорний (SO5766)
SO5767,замінити першим фото №4,діапазон у назві,Корсет Passion MALWIA CORSET 3XL Чорний (SO5767)
SO5768,замінити першим фото №2,діапазон у назві,Комплект Passion MALWIA Open L Чорний (SO5768)
SO5769,замінити першим фото №2,діапазон у назві,Комплект Passion S Чорний (SO5769)
SO5770,замінити першим фото №2,діапазон у назві,Комплект Passion MALWIA OpenBra 2XL Чорний (SO5770)
SO5813,замінити першим фото №4,немає параметра,
SO5829,перше фото придатне,діапазон у назві,Боді Passion URSULA L Чорний (SO5829)
SO5830,перше фото придатне,діапазон у назві,Боді Passion URSULA S Чорний (SO5830)
SO5831,замінити першим фото №2,діапазон у назві,Боді Passion URSULA 2XL Чорний (SO5831)
SO5832,перше фото придатне,діапазон у назві,Боді Passion URSULA L Білий (SO5832)
SO5833,замінити першим фото №2,діапазон у назві,Боді Passion URSULA S Білий (SO5833)
SO5834,перше фото придатне,діапазон у назві,Боді Passion URSULA 2XL Білий (SO5834)
SO5835,перше фото придатне,діапазон у назві,Корсет Passion L Чорний (SO5835)
SO5836,перше фото придатне,діапазон у назві,Корсет Passion S Чорний (SO5836)
SO5837,перше фото придатне,діапазон у назві,Корсет Passion 2XL Чорний (SO5837)
SO5838,замінити першим фото №2,діапазон у назві,Корсет Passion L Білий (SO5838)
SO5839,перше фото придатне,діапазон у назві,Корсет Passion S Білий (SO5839)
SO5840,перше фото придатне,діапазон у назві,Корсет Passion 2XL Білий (SO5840)
SO5841,замінити першим фото №2,діапазон у назві,Комплект Passion L Чорний (SO5841)
SO5842,замінити першим фото №2,діапазон у назві,Комплект Passion S Чорний (SO5842)
SO5843,замінити першим фото №2,діапазон у назві,Комплект Passion 2XL Чорний (SO5843)
SO5844,замінити першим фото №2,діапазон у назві,Комплект Passion L Білий (SO5844)
SO5845,замінити першим фото №2,діапазон у назві,Комплект Passion S Білий (SO5845)
SO5846,замінити першим фото №2,діапазон у назві,Комплект Passion 2XL Білий (SO5846)
SO5876,замінити першим фото №1,розбіжність,
SO6374,замінити першим фото №4,діапазон у назві,Комплект Passion Exclusive ARMANDA L Чорний (SO6374)
SO6375,замінити першим фото №4,діапазон у назві,Комплект Passion Exclusive ARMANDA 2XL Чорний (SO6375)
SO6400,замінити першим фото №2,діапазон у назві,Комплект Passion CELINE L Чорний (SO6400)
SO6401,замінити першим фото №2,діапазон у назві,Комплект Passion CELINE S Чорний (SO6401)
SO6402,замінити першим фото №2,діапазон у назві,Комплект Passion CELINE 3XL Чорний (SO6402)
SO6403,замінити першим фото №4,діапазон у назві,Боді Passion CELIN L Чорний (SO6403)
SO6404,замінити першим фото №4,діапазон у назві,Боді Passion CELIN S Чорний (SO6404)
SO6405,замінити першим фото №4,діапазон у назві,Боді Passion CELINE 2XL Чорний (SO6405)
SO6412,перше фото придатне,діапазон у назві,Бюстгальтер Passion Exclusive SOLON 2XL Чорний (SO6412)
SO6414,замінити першим фото №3,діапазон у назві,Комплект Passion Exclusive KELIS 2XL Чорний (SO6414)
SO6415,замінити першим фото №4,діапазон у назві,Трусики Passion Exclusive KELIS THONG 2XL Чорний (SO6415)
SO6416,замінити першим фото №3,діапазон у назві,Комплект Passion Exclusive LORRY 2XL Чорний (SO6416)
SO6417,замінити першим фото №3,діапазон у назві,Трусики Passion Exclusive LORRY THONG 2XL Чорний (SO6417)
SO6418,замінити першим фото №3,діапазон у назві,Боді Passion Exclusive MEGGY 2XL Чорний (SO6418)
SO6419,замінити першим фото №4,діапазон у назві,Бюстгальтер Passion Exclusive Meggy 2XL Чорний (SO6419)
SO6420,замінити першим фото №4,діапазон у назві,Бюстгальтер Passion Exclusive SHELLY 2XL Чорний (SO6420)
SO6427,перше фото придатне,діапазон у назві,Боді Penthouse Spicy Whisper L Чорний (SO6427)
SO6429,замінити першим фото №2,діапазон у назві,Боді Penthouse Enjoy Moment L Чорний (SO6429)
SO6431,перше фото придатне,діапазон у назві,Боді Penthouse Devils Advocate L Чорний (SO6431)
SO6433,перше фото придатне,діапазон у назві,Боді Penthouse All Way L Чорний (SO6433)
SO6435,перше фото придатне,діапазон у назві,Боді Penthouse Midnight Visit L Чорний (SO6435)
SO6437,перше фото придатне,діапазон у назві,Боді Penthouse Blooming Era L Чорний (SO6437)
SO6441,перше фото придатне,діапазон у назві,Боді Penthouse High On Love L Чорний (SO6441)
SO6443,перше фото придатне,діапазон у назві,Боді Penthouse Be Mine L Чорний (SO6443)
SO6445,перше фото придатне,діапазон у назві,Боді Penthouse Under My Spell L Чорний (SO6445)
SO6447,перше фото придатне,діапазон у назві,Панчохи Penthouse Hotter Than Hell L Чорний (SO6447)
SO6449,перше фото придатне,діапазон у назві,Комплект Penthouse Work it Out L Чорний (SO6449)
SO6461,перше фото придатне,діапазон у назві,Боді Penthouse Scandalous L Червоний (SO6461)
SO6471,замінити першим фото №2,діапазон у назві,Колготки Penthouse No Excuses L Чорний (SO6471)
SO6783,перше фото придатне,збігається,
SO6784,перше фото придатне,збігається,
SO6791,замінити першим фото №1,розбіжність,
SO6870,замінити першим фото №1,діапазон у назві,Комплект JSY S Чорний (SO6870)
SO7110,замінити першим фото №2,діапазон у назві,Боді Passion TASMINA S Чорний (SO7110)
SO7169,перше фото придатне,діапазон у назві,Боді Obsessive 818-TED-1 teddy S Чорний (SO7169)
SO7170,перше фото придатне,діапазон у назві,Боді Obsessive 818-TED-1 teddy L Чорний (SO7170)
SO7198,перше фото придатне,діапазон у назві,Боді Obsessive Amanta teddy S Чорний (SO7198)
SO7199,перше фото придатне,діапазон у назві,Боді Obsessive Amanta teddy L Чорний (SO7199)
SO7200,перше фото придатне,збігається,
SO7341,замінити першим фото №1,збігається,
SO7353,замінити першим фото №1,збігається,
SO7444,перше фото придатне,збігається,
SO7445,перше фото придатне,збігається,
SO7446,перше фото придатне,збігається,
SO7449,перше фото придатне,збігається,
SO7454,перше фото придатне,збігається,
SO7455,перше фото придатне,збігається,
SO7456,перше фото придатне,збігається,
SO7457,перше фото придатне,збігається,
SO7461,замінити першим фото №1,збігається,
SO7462,замінити першим фото №1,збігається,
SO7463,замінити першим фото №1,збігається,
SO7465,замінити першим фото №2,збігається,
SO7466,замінити першим фото №2,збігається,
SO7467,перше фото придатне,збігається,
SO7468,замінити першим фото №2,збігається,
SO7469,замінити першим фото №2,збігається,
SO7470,перше фото придатне,збігається,
SO7472,перше фото придатне,збігається,
SO7507,замінити першим фото №1,збігається,
SO7508,замінити першим фото №1,збігається,
SO7509,перше фото придатне,збігається,
SO7510,перше фото придатне,збігається,
SO7591,замінити першим фото №4,діапазон у назві,Боді Passion LEON L Чорний (SO7591)
SO7592,замінити першим фото №4,діапазон у назві,Боді Passion LEON S Чорний (SO7592)
SO7593,замінити першим фото №4,діапазон у назві,Боді Passion LEON 2XL Чорний (SO7593)
SO7640,замінити першим фото №2,діапазон у назві,Боді Passion Exclusive Ivena 2XL Чорний (SO7640)
SO7648,замінити першим фото №2,діапазон у назві,Трусики Passion Exclusive NICKY THONG 2XL Чорний (SO7648)
SO7655,перше фото придатне,збігається,
SO7736,перше фото придатне,збігається,
SO7866,перше фото придатне,діапазон у назві,Комплект Obsessive Celia Noir 2-pcs M Прозорий (SO7866)
SO7867,перше фото придатне,діапазон у назві,Комплект Obsessive Celia Noir 2-pcs XL Прозорий (SO7867)
SO8167,перше фото придатне,діапазон у назві,Боді Obsessive Heavenlly crotchless teddy M Прозорий (SO8167)
SO8168,перше фото придатне,діапазон у назві,Боді Obsessive Heavenlly crotchless teddy XL Прозорий (SO8168)
SO8177,перше фото придатне,діапазон у назві,Комплект Obsessive Heavenlly 2-pcs cupless XL (SO8177)
SO8193,перше фото придатне,збігається,
SO8195,перше фото придатне,збігається,
SO8200,перше фото придатне,збігається,
SO8335,перше фото придатне,немає розміру в назві,
SO8423,замінити першим фото №2,діапазон у назві,Комплект Passion DELIENA 2XL Чорний (SO8423)
SO8427,замінити першим фото №2,діапазон у назві,Боді Passion DOMINICA L Чорний (SO8427)
SO8428,замінити першим фото №2,діапазон у назві,Боді Passion DOMINICA S Чорний (SO8428)
SO8429,замінити першим фото №2,діапазон у назві,Боді Passion DOMINICA 2XL Чорний (SO8429)
SO8430,замінити першим фото №2,діапазон у назві,Корсет Passion DOMINICA CORSET beige L Бежевий (SO8430)
SO8431,замінити першим фото №2,діапазон у назві,Корсет Passion DOMINICA CORSET beige S Бежевий (SO8431)
SO8432,замінити першим фото №2,діапазон у назві,Корсет Passion DOMINICA CORSET beige 2XL Бежевий (SO8432)
SO8433,замінити першим фото №2,діапазон у назві,Корсет Passion DOMINICA CORSET L Чорний (SO8433)
SO8434,замінити першим фото №2,діапазон у назві,Корсет Passion DOMINICA CORSET S Чорний (SO8434)
SO8435,замінити першим фото №2,діапазон у назві,Корсет Passion DOMINICA CORSET 2XL Чорний (SO8435)
SO8436,замінити першим фото №2,діапазон у назві,Комплект Passion GABI beige L Бежевий (SO8436)
SO8445,замінити першим фото №2,діапазон у назві,Корсет Passion JANNIES CORSET L Чорний (SO8445)
SO8446,замінити першим фото №2,діапазон у назві,Корсет Passion JANNIES CORSET S Чорний (SO8446)
SO8447,замінити першим фото №2,діапазон у назві,Корсет Passion JANNIES CORSET 2XL Чорний (SO8447)
SO8448,замінити першим фото №2,діапазон у назві,Боді Passion MOONLIGHT L Чорний (SO8448)
SO8449,замінити першим фото №2,діапазон у назві,Боді Passion MOONLIGHT S Чорний (SO8449)
SO8450,замінити першим фото №2,діапазон у назві,Боді Passion MOONLIGHT 2XL Чорний (SO8450)
SO8451,замінити першим фото №2,діапазон у назві,Комплект Passion MOONLIGHT L Чорний (SO8451)
SO8452,замінити першим фото №2,діапазон у назві,Комплект Passion MOONLIGHT S Чорний (SO8452)
SO8453,замінити першим фото №2,діапазон у назві,Комплект Passion MOONLIGHT 2XL Чорний (SO8453)
SO8454,замінити першим фото №2,діапазон у назві,Корсет Passion NESSY CORSET L Чорний (SO8454)
SO8455,замінити першим фото №2,діапазон у назві,Корсет Passion NESSY CORSET S Чорний (SO8455)
SO8456,замінити першим фото №2,діапазон у назві,Корсет Passion NESSY CORSET 2XL Чорний (SO8456)
SO8457,замінити першим фото №2,діапазон у назві,Комплект Passion NESSY L Чорний (SO8457)
SO8458,замінити першим фото №2,діапазон у назві,Комплект Passion NESSY S Чорний (SO8458)
SO8459,замінити першим фото №2,діапазон у назві,Комплект Passion NESSY 2XL Чорний (SO8459)
SO8463,перше фото придатне,діапазон у назві,Корсет Passion PEONIA CORSET L Червоний (SO8463)
SO8464,перше фото придатне,діапазон у назві,Корсет Passion PEONIA CORSET S Червоний (SO8464)
SO8469,перше фото придатне,діапазон у назві,Боді Passion SATARA L Чорний (SO8469)
SO8470,перше фото придатне,діапазон у назві,Боді Passion SATARA S Чорний (SO8470)
SO8471,перше фото придатне,діапазон у назві,Боді Passion SATARA 2XL Чорний (SO8471)
SO8472,замінити першим фото №2,діапазон у назві,Боді Passion SATARA L Червоний (SO8472)
SO8473,замінити першим фото №2,діапазон у назві,Боді Passion SATARA S Червоний (SO8473)
SO8474,замінити першим фото №2,діапазон у назві,Боді Passion SATARA 2XL Червоний (SO8474)
SO8475,замінити першим фото №2,діапазон у назві,Корсет Passion SATARA CORSET L Чорний (SO8475)
SO8476,замінити першим фото №2,діапазон у назві,Корсет Passion SATARA CORSET S Чорний (SO8476)
SO8477,замінити першим фото №2,діапазон у назві,Корсет Passion SATARA CORSET 2XL Чорний (SO8477)
SO8478,замінити першим фото №2,діапазон у назві,Корсет Passion SATARA CORSET L Червоний (SO8478)
SO8479,замінити першим фото №2,діапазон у назві,Корсет Passion SATARA CORSET S Червоний (SO8479)
SO8480,замінити першим фото №2,діапазон у назві,Корсет Passion SATARA CORSET 2XL Червоний (SO8480)
SO8484,замінити першим фото №2,діапазон у назві,Комплект Passion SATARA L Червоний (SO8484)
SO8485,перше фото придатне,діапазон у назві,Комплект Passion SATARA S Червоний (SO8485)
SO8488,замінити першим фото №2,діапазон у назві,Боді Passion TASMINA L Чорний (SO8488)
SO8489,замінити першим фото №2,діапазон у назві,Боді Passion TASMINA 2XL Чорний (SO8489)
SO8553,замінити першим фото №3,збігається,
SO8554,замінити першим фото №3,збігається,
SO8555,замінити першим фото №3,збігається,
SO8556,замінити першим фото №3,збігається,
SO8651,перше фото придатне,діапазон у назві,Корсет Obsessive Lacelove corset XL Червоний (SO8651)
SO8666,перше фото придатне,діапазон у назві,Боді Obsessive Selinne teddy XL Чорний (SO8666)
SO9020,перше фото придатне,діапазон у назві,Боді Obsessive 818-TED-1 teddy XS Чорний (SO9020)
SO9021,перше фото придатне,діапазон у назві,Боді Obsessive 818-TED-1 teddy M Чорний (SO9021)
SO9027,перше фото придатне,діапазон у назві,Боді Obsessive Ingridia crotchless teddy XL Червоний (SO9027)
SO9033,перше фото придатне,діапазон у назві,Комплект Obsessive Ingridia 2-pcs crotchless XL Червоний (SO9033)
SO9144,перше фото придатне,немає розміру в назві,
SO9566,замінити першим фото №2,діапазон у назві,Комбінезон D&amp;A Annette XS Червоний (SO9566)
SO9567,замінити першим фото №2,збігається,
SO9568,замінити першим фото №2,збігається,
SO9569,замінити першим фото №2,збігається,
SO9657,замінити першим фото №2,збігається,
SO9658,замінити першим фото №2,збігається,
SO9695,замінити першим фото №2,діапазон у назві,Боді Passion CHIKA L (SO9695)
SO9696,замінити першим фото №2,діапазон у назві,Боді Passion CHIKA S (SO9696)
SO9697,замінити першим фото №2,діапазон у назві,Боді Passion CHIKA 2XL (SO9697)
SO9698,перше фото придатне,діапазон у назві,Комплект Passion CHIKA L (SO9698)
SO9699,перше фото придатне,діапазон у назві,Комплект Passion CHIKA S (SO9699)
SO9700,перше фото придатне,діапазон у назві,Комплект Passion CHIKA 2XL (SO9700)
SO9714,замінити першим фото №2,діапазон у назві,Боді Passion MARINA L Бежевий (SO9714)
SO9715,замінити першим фото №2,діапазон у назві,Боді Passion MARINA S Бежевий (SO9715)
SO9716,замінити першим фото №2,діапазон у назві,Боді Passion MARINA 2XL Бежевий (SO9716)
SO9717,замінити першим фото №2,діапазон у назві,Боді Passion MARINA L Чорний (SO9717)
SO9718,замінити першим фото №2,діапазон у назві,Боді Passion MARINA S Чорний (SO9718)
SO9719,замінити першим фото №2,діапазон у назві,Боді Passion MARINA 2XL Чорний (SO9719)
SO9726,замінити першим фото №2,діапазон у назві,Корсет Passion MARINA CORSET L Бежевий (SO9726)
SO9727,замінити першим фото №2,діапазон у назві,Корсет Passion MARINA CORSET S Бежевий (SO9727)
SO9728,замінити першим фото №2,діапазон у назві,Корсет Passion MARINA CORSET 2XL Бежевий (SO9728)
SO9729,замінити першим фото №2,діапазон у назві,Корсет Passion MARINA CORSET L Чорний (SO9729)
SO9730,замінити першим фото №2,діапазон у назві,Корсет Passion MARINA CORSET S Чорний (SO9730)
SO9731,замінити першим фото №2,діапазон у назві,Корсет Passion MARINA CORSET 2XL Чорний (SO9731)
SO9732,замінити першим фото №2,діапазон у назві,Комплект Passion MARINA OPEN L Бежевий (SO9732)
SO9733,замінити першим фото №2,діапазон у назві,Комплект Passion MARINA OPEN S Бежевий (SO9733)
SO9734,замінити першим фото №2,діапазон у назві,Комплект Passion MARINA OPEN 2XL Бежевий (SO9734)
SO9735,замінити першим фото №2,діапазон у назві,Комплект Passion MARINA OPEN L Чорний (SO9735)
SO9736,замінити першим фото №2,діапазон у назві,Комплект Passion MARINA OPEN S Чорний (SO9736)
SO9737,замінити першим фото №2,діапазон у назві,Комплект Passion MARINA OPEN 2XL Чорний (SO9737)
SO9738,замінити першим фото №2,діапазон у назві,Боді Passion TRISHA L Бежевий (SO9738)
SO9739,замінити першим фото №2,діапазон у назві,Боді Passion TRISHA S Бежевий (SO9739)
SO9740,замінити першим фото №2,діапазон у назві,Боді Passion TRISHA 2XL Бежевий (SO9740)
SO9741,замінити першим фото №2,діапазон у назві,Боді Passion TRISHA L Чорний (SO9741)
SO9742,замінити першим фото №2,діапазон у назві,Боді Passion TRISHA S Чорний (SO9742)
SO9743,замінити першим фото №2,діапазон у назві,Боді Passion TRISHA 2XL Чорний (SO9743)
SO9840,перше фото придатне,розбіжність,
SO9998,замінити першим фото №2,збігається,
SX0029,замінити першим фото №1,збігається,
SX0030,замінити першим фото №1,збігається,
SX0031,замінити першим фото №1,збігається,
SX0032,замінити першим фото №1,збігається,
SX0033,замінити першим фото №1,збігається,
SX0034,замінити першим фото №1,збігається,
SX0053,перше фото придатне,збігається,
SX0054,перше фото придатне,збігається,
SX0055,перше фото придатне,збігається,
SX0056,перше фото придатне,збігається,
SX0057,перше фото придатне,збігається,
SX0058,перше фото придатне,збігається,
SX0321,перше фото придатне,збігається,
SX0322,перше фото придатне,збігається,
SX0323,перше фото придатне,збігається,
SX0324,перше фото придатне,збігається,
SX0325,перше фото придатне,збігається,
SX0326,перше фото придатне,збігається,
SX0363,перше фото придатне,збігається,
SX0364,перше фото придатне,збігається,
SX0365,перше фото придатне,збігається,
SX0366,перше фото придатне,збігається,
SX0367,перше фото придатне,збігається,
SX0368,перше фото придатне,збігається,
SX0403,замінити першим фото №1,немає розміру в назві,
SX0440,замінити першим фото №1,діапазон у назві,Комплект JSY Black L Чорний (SX0440)
SX0455,перше фото придатне,діапазон у назві,Боді Passion AMBERLY L Чорний (SX0455)
SX0456,перше фото придатне,діапазон у назві,Боді Passion AMBERLY S Чорний (SX0456)
SX0596,перше фото придатне,діапазон у назві,Боді Obsessive Alissium Teddy XL Білий (SX0596)
SX0599,перше фото придатне,діапазон у назві,Боді Obsessive Alissium crotchless teddy XL (SX0599)
SX0610,перше фото придатне,діапазон у назві,Боді Obsessive Novenes teddy XS Прозорий (SX0610)
SX0611,перше фото придатне,діапазон у назві,Боді Obsessive Novenes teddy M Прозорий (SX0611)
SX0612,перше фото придатне,діапазон у назві,Боді Obsessive Novenes teddy XL Прозорий (SX0612)
SX0613,перше фото придатне,діапазон у назві,Комплект Obsessive Novenes corset thong XS Прозорий (SX0613)
SX0614,перше фото придатне,діапазон у назві,Комплект Obsessive Novenes corset thong M Прозорий (SX0614)
SX0615,перше фото придатне,діапазон у назві,Комплект Obsessive Novenes corset thong XL Прозорий (SX0615)
SX1027,перше фото придатне,діапазон у назві,Трусики Obsessive Blomentis crotchless teddy M Прозорий (SX1027)
SX1029,перше фото придатне,діапазон у назві,Боді Obsessive Blomentis crotchless teddy XL (SX1029)
SX1821,замінити першим фото №1,діапазон у назві,Боді JSY JS228160 S Чорний (SX1821)
SX1822,замінити першим фото №1,діапазон у назві,Боді JSY JS228160 L Чорний (SX1822)
SX1823,замінити першим фото №1,діапазон у назві,Боді JSY JS228161 S Чорний (SX1823)
SX1824,замінити першим фото №1,діапазон у назві,Боді JSY JS228161 L Чорний (SX1824)
SX1913,перше фото придатне,діапазон у назві,Боді Passion KESMINA L Чорний (SX1913)
SX1914,перше фото придатне,діапазон у назві,Боді Passion KESMINA S Чорний (SX1914)
SX1915,перше фото придатне,діапазон у назві,Боді Passion KESMINA 2XL Чорний (SX1915)
SX1919,перше фото придатне,діапазон у назві,Корсет Passion KESMINA CORSET L Чорний (SX1919)
SX1920,перше фото придатне,діапазон у назві,Корсет Passion KESMINA CORSET S Чорний (SX1920)
SX1921,перше фото придатне,діапазон у назві,Корсет Passion KESMINA CORSET 2XL Чорний (SX1921)
SX1922,перше фото придатне,діапазон у назві,Комплект Passion KESMINA L Чорний (SX1922)
SX1923,перше фото придатне,діапазон у назві,Комплект Passion KESMINA S Чорний (SX1923)
SX1924,перше фото придатне,діапазон у назві,Комплект Passion KESMINA 2XL Чорний (SX1924)
SX1934,замінити першим фото №1,немає розміру в назві,
SX2116,замінити першим фото №1,збігається,
SX2117,замінити першим фото №1,збігається,
SX2118,замінити першим фото №1,збігається,
SX2119,замінити першим фото №1,збігається,
SX2120,замінити першим фото №1,збігається,
SX2121,замінити першим фото №1,збігається,
SX2122,замінити першим фото №1,збігається,
SX2123,замінити першим фото №1,збігається,
SX2124,замінити першим фото №1,збігається,
SX2125,замінити першим фото №1,збігається,
SX2126,замінити першим фото №1,збігається,
SX2127,замінити першим фото №1,збігається,
SX2345,замінити першим фото №1,збігається,
SX2346,замінити першим фото №1,збігається,
SX2347,замінити першим фото №1,збігається,
SX2348,замінити першим фото №1,збігається,
SX2349,замінити першим фото №1,збігається,
SX2350,замінити першим фото №1,збігається,
SX3098,перше фото придатне,діапазон у назві,Комплект Obsessive Keira Lise 2-pcs 3XL (SX3098)
SX3108,перше фото придатне,діапазон у назві,Комплект Obsessive Lecille 3-pcs crotchless 3XL (SX3108)
SX3576,перше фото придатне,діапазон у назві,Боді Obsessive Euridia crotchless teddy XL (SX3576)
SX3585,перше фото придатне,діапазон у назві,Комплект Obsessive Euridia 2-pcs crotchless XL (SX3585)
SX3610,перше фото придатне,діапазон у назві,Комплект Obsessive Matildea 2-pcs crotchless 3XL (SX3610)
SX3621,перше фото придатне,діапазон у назві,Боді Obsessive Soranna long-sleeved teddy 3XL (SX3621)
SX3786,перше фото придатне,збігається,
SX3787,перше фото придатне,збігається,
SX3788,перше фото придатне,збігається,
SX3820,замінити першим фото №1,збігається,
SX3821,перше фото придатне,збігається,
SX3877,перше фото придатне,збігається,
SX3878,замінити першим фото №2,збігається,
SX3889,перше фото придатне,збігається,
