article,status,name_size,param,name,proposed_name
EL10101,діапазон у назві,L/XL,L,Боді Passion ADARA L/XL Чорний (EL10101),Боді Passion ADARA L Чорний (EL10101)
EL10102,діапазон у назві,S/M,S,Боді Passion ADARA S/M Чорний (EL10102),Боді Passion ADARA S Чорний (EL10102)
EL10103,діапазон у назві,2XL/3XL,2XL,Боді Passion ADARA XXL/XXXL Чорний (EL10103),Боді Passion ADARA 2XL Чорний (EL10103)
EL10104,діапазон у назві,L/XL,L,Боді Passion ADARA L/XL Червоний (EL10104),Боді Passion ADARA L Червоний (EL10104)
EL10105,діапазон у назві,S/M,S,Боді Passion ADARA S/M Червоний (EL10105),Боді Passion ADARA S Червоний (EL10105)
EL11001,діапазон у назві,L/XL,L,Боді Passion CHARMING L/XL Чорний (EL11001),Боді Passion CHARMING L Чорний (EL11001)
EL11002,діапазон у назві,S/M,S,Боді Passion CHARMING S/M Чорний (EL11002),Боді Passion CHARMING S Чорний (EL11002)
EL11003,діапазон у назві,2XL/3XL,2XL,Боді Passion CHARMING XXL/XXXL Чорний (EL11003),Боді Passion CHARMING 2XL Чорний (EL11003)
EL11201,діапазон у назві,L/XL,L,Комплект Passion COCTAIL L/XL Червоний (EL11201),Комплект Passion COCTAIL L Червоний (EL11201)
EL11202,діапазон у назві,S/M,S,Комплект Passion COCTAIL S/M Червоний (EL11202),Комплект Passion COCTAIL S Червоний (EL11202)
EL11203,діапазон у назві,2XL/3XL,2XL,Комплект Passion COCTAIL XXL/XXXL Червоний (EL11203),Комплект Passion COCTAIL 2XL Червоний (EL11203)
EL11401,діапазон у назві,L/XL,L,Комплект Passion EXPRESSION L/XL Чорний (EL11401),Комплект Passion EXPRESSION L Чорний (EL11401)
EL11402,діапазон у назві,S/M,S,Комплект Passion EXPRESSION S/M Чорний (EL11402),Комплект Passion EXPRESSION S Чорний (EL11402)
EL11403,діапазон у назві,2XL/3XL,2XL,Комплект Passion EXPRESSION XXL/XXXL Чорний (EL11403),Комплект Passion EXPRESSION 2XL Чорний (EL11403)
EL11702,діапазон у назві,S/M,S,Комплект Passion IMAGINE OpenBra S/M Чорний (EL11702),Комплект Passion IMAGINE OpenBra S Чорний (EL11702)
EL11703,діапазон у назві,2XL/3XL,2XL,Комплект Passion IMAGINE OpenBra XXL/XXXL Чорний (EL11703),Комплект Passion IMAGINE OpenBra 2XL Чорний (EL11703)
EL13201,діапазон у назві,L/XL,L,Комплект Passion OFELIA OpenBra L/XL Білий (EL13201),Комплект Passion OFELIA OpenBra L Білий (EL13201)
EL13202,діапазон у назві,S/M,S,Комплект Passion OFELIA OpenBra S/M Білий (EL13202),Комплект Passion OFELIA OpenBra S Білий (EL13202)
EL13203,діапазон у назві,2XL/3XL,2XL,Комплект Passion OFELIA OpenBra XXL/XXXL Білий (EL13203),Комплект Passion OFELIA OpenBra 2XL Білий (EL13203)
EL13401,діапазон у назві,L/XL,L,Комплект Passion RAMONA L/XL Чорний (EL13401),Комплект Passion RAMONA L Чорний (EL13401)
EL13402,діапазон у назві,S/M,S,Комплект Passion RAMONA S/M Чорний (EL13402),Комплект Passion RAMONA S Чорний (EL13402)
EL13403,діапазон у назві,2XL/3XL,2XL,Комплект Passion RAMONA XXL/XXXL Чорний (EL13403),Комплект Passion RAMONA 2XL Чорний (EL13403)
EL13901,діапазон у назві,L/XL,L,Комплект Passion ULLA L/XL Чорний (EL13901),Комплект Passion ULLA L Чорний (EL13901)
EL13902,діапазон у назві,S/M,S,Комплект Passion ULLA S/M Чорний (EL13902),Комплект Passion ULLA S Чорний (EL13902)
EL14501,діапазон у назві,S/M,S,Корсет Passion HELLEN CORSET S/M Чорний (EL14501),Корсет Passion HELLEN CORSET S Чорний (EL14501)
EL14701,немає параметра,,,Комплект Passion AMORE Чорний (EL14701),
EL15401,діапазон у назві,L/XL,L,Боді Passion JUSTINA L/XL Чорний (EL15401),Боді Passion JUSTINA L Чорний (EL15401)
EL15402,діапазон у назві,S/M,S,Боді Passion JUSTINA S/M Чорний (EL15402),Боді Passion JUSTINA S Чорний (EL15402)
EL15403,діапазон у назві,2XL/3XL,2XL,Боді Passion JUSTINA XXL/XXXL Чорний (EL15403),Боді Passion JUSTINA 2XL Чорний (EL15403)
EL15805,діапазон у назві,S/M,S,Комплект Passion PAULINE S/M Чорний (EL15805),Комплект Passion PAULINE S Чорний (EL15805)
EL15806,діапазон у назві,2XL/3XL,2XL,Комплект Passion PAULINE XXL/XXXL Чорний (EL15806),Комплект Passion PAULINE 2XL Чорний (EL15806)
PBS064R,немає розміру в назві,,ONE SIZE,Боді Passion BS064 One Size Червоний (PBS064R),
PBS064W,немає розміру в назві,,ONE SIZE,Боді Passion BS064 One Size Білий (PBS064W),
PS1067,немає параметра,4XL,,Корсет Passion BES CORSET 4XL/5XL Чорний (PS1067),
PS1079,немає параметра,,,Корсет Passion BES CORSET 6XL/7XL Чорний (PS1079),
PS21901,діапазон у назві,L/XL,L,Боді Passion Exclusive ATHENA L/XL Чорний (PS21901),Боді Passion Exclusive ATHENA L Чорний (PS21901)
PS21902,діапазон у назві,S/M,S,Боді Passion Exclusive ATHENA S/M Чорний (PS21902),Боді Passion Exclusive ATHENA S Чорний (PS21902)
PS21903,діапазон у назві,2XL/3XL,2XL,Боді Passion Exclusive ATHENA XXL/XXXL Чорний (PS21903),Боді Passion Exclusive ATHENA 2XL Чорний (PS21903)
PS21904,діапазон у назві,L/XL,L,Боді Passion Exclusive ATHENA L/XL Білий (PS21904),Боді Passion Exclusive ATHENA L Білий (PS21904)
PS21905,діапазон у назві,S/M,S,Боді Passion Exclusive ATHENA S/M Білий (PS21905),Боді Passion Exclusive ATHENA S Білий (PS21905)
PS21906,діапазон у назві,2XL/3XL,2XL,Боді Passion Exclusive ATHENA XXL/XXXL Білий (PS21906),Боді Passion Exclusive ATHENA 2XL Білий (PS21906)
PS22722,діапазон у назві,L/XL,L,Комплект Passion Exclusive BRIDA OpenBra L/XL Чорний (PS22722),Комплект Passion Exclusive BRIDA OpenBra L Чорний (PS22722)
PS22723,діапазон у назві,S/M,S,Комплект Passion Exclusive BRIDA OpenBra S/M Чорний (PS22723),Комплект Passion Exclusive BRIDA OpenBra S Чорний (PS22723)
PS22724,діапазон у назві,2XL/3XL,3XL,Комплект Passion Exclusive BRIDA OpenBra 2XL/3XL Чорний (PS22724),Комплект Passion Exclusive BRIDA OpenBra 3XL Чорний (PS22724)
PS23646,немає параметра,,,Панчохи Passion ST002 Чорний (PS23646),
PS23801,діапазон у назві,L/XL,L,Комплект Passion Exclusive MAGALI OpenBra L/XL Червоний (PS23801),Комплект Passion Exclusive MAGALI OpenBra L Червоний (PS23801)
PS23901,діапазон у назві,L/XL,L,Комплект Passion Exclusive MORGAN OpenBra L/XL Чорний (PS23901),Комплект Passion Exclusive MORGAN OpenBra L Чорний (PS23901)
PS23903,діапазон у назві,2XL/3XL,2XL,Комплект Passion Exclusive MORGAN OpenBra XXL/XXXL Чорний (PS23903),Комплект Passion Exclusive MORGAN OpenBra 2XL Чорний (PS23903)
PS24001,діапазон у назві,L/XL,L,Боді Passion Exclusive NORTH L/XL Чорний (PS24001),Боді Passion Exclusive NORTH L Чорний (PS24001)
PS24002,діапазон у назві,S/M,S,Боді Passion Exclusive NORTH S/M Чорний (PS24002),Боді Passion Exclusive NORTH S Чорний (PS24002)
PS24003,діапазон у назві,2XL/3XL,2XL,Боді Passion Exclusive NORTH XXL/XXXL Чорний (PS24003),Боді Passion Exclusive NORTH 2XL Чорний (PS24003)
PS24004,діапазон у назві,L/XL,L,Корсет Passion Exclusive NORTH CORSET L/XL Чорний (PS24004),Корсет Passion Exclusive NORTH CORSET L Чорний (PS24004)
PS24005,діапазон у назві,S/M,S,Корсет Passion Exclusive NORTH CORSET S/M Чорний (PS24005),Корсет Passion Exclusive NORTH CORSET S Чорний (PS24005)
PS24006,діапазон у назві,2XL/3XL,2XL,Корсет Passion Exclusive NORTH CORSET XXL/XXXL Чорний (PS24006),Корсет Passion Exclusive NORTH CORSET 2XL Чорний (PS24006)
PS24502,немає розміру в назві,,1,Колготки Passion TIOPEN 1/2 Чорний (PS24502),
PS24503,немає розміру в назві,,3,Колготки Passion TIOPEN 3/4 Чорний (PS24503),
PS24504,немає розміру в назві,,1,Колготки Passion TIOPEN 1/2 Чорний (PS24504),
PS24505,немає розміру в назві,,3,Колготки Passion TIOPEN 3/4 Чорний (PS24505),
PS24506,немає розміру в назві,,1,Колготки Passion TIOPEN 1/2 Чорний (PS24506),
PS24507,немає розміру в назві,,3,Колготки Passion TIOPEN 3/4 Чорний (PS24507),
PS24508,немає розміру в назві,,1,Колготки Passion TIOPEN 1/2 Чорний (PS24508),
PS24510,немає розміру в назві,,1,Колготки Passion TIOPEN 1/2 (PS24510),
PS24511,немає розміру в назві,,3,Колготки Passion TIOPEN 3/4 (PS24511),
PS24512,немає розміру в назві,,1,Колготки Passion TIOPEN 1/2 Бежевий (PS24512),
PS24513,немає розміру в назві,,3,Колготки Passion TIOPEN 3/4 Бежевий (PS24513),
PS24514,немає розміру в назві,,1,Колготки Passion TIOPEN 1/2 Білий (PS24514),
PS24515,немає розміру в назві,,3,Колготки Passion TIOPEN 3/4 Білий (PS24515),
PS24516,немає розміру в назві,,1,Колготки Passion TIOPEN 1/2 Чорний (PS24516),
PS24517,немає розміру в назві,,3,Колготки Passion TIOPEN 3/4 Чорний (PS24517),
PS24518,немає розміру в назві,,1,Колготки Passion TIOPEN 1/2 Червоний (PS24518),
PS24519,немає розміру в назві,,3,Колготки Passion TIOPEN 3/4 Червоний (PS24519),
PS24520,немає розміру в назві,,3,Колготки Passion TIOPEN 3/4 Чорний (PS24520),
PS24521,немає розміру в назві,,1,Колготки Passion TIOPEN 1/2 Чорний (PS24521),
PS24701,діапазон у назві,L/XL,L,Боді Passion Exclusive HAGAR L/XL Чорний (PS24701),Боді Passion Exclusive HAGAR L Чорний (PS24701)
PS24702,діапазон у назві,S/M,S,Боді Passion Exclusive HAGAR S/M Чорний (PS24702),Боді Passion Exclusive HAGAR S Чорний (PS24702)
PS24703,діапазон у назві,2XL/3XL,2XL,Боді Passion Exclusive HAGAR XXL/XXXL Чорний (PS24703),Боді Passion Exclusive HAGAR 2XL Чорний (PS24703)
PS24706,діапазон у назві,2XL/3XL,2XL,Комплект Passion Exclusive HAGAR XXL/XXXL Чорний (PS24706),Комплект Passion Exclusive HAGAR 2XL Чорний (PS24706)
PS25002,діапазон у назві,S/M,S,Комплект Passion Exclusive SARIA OpenBra S/M Чорний (PS25002),Комплект Passion Exclusive SARIA OpenBra S Чорний (PS25002)
PS25003,діапазон у назві,2XL/3XL,2XL,Комплект Passion Exclusive SARIA OpenBra XXL/XXXL Чорний (PS25003),Комплект Passion Exclusive SARIA OpenBra 2XL Чорний (PS25003)
PS25104,діапазон у назві,L/XL,L,Комплект Passion Exclusive VALERY OpenBra L/XL Чорний (PS25104),Комплект Passion Exclusive VALERY OpenBra L Чорний (PS25104)
PS25105,діапазон у назві,S/M,S,Комплект Passion Exclusive VALERY OpenBra S/M Чорний (PS25105),Комплект Passion Exclusive VALERY OpenBra S Чорний (PS25105)
PS25106,діапазон у назві,2XL/3XL,2XL,Комплект Passion Exclusive VALERY OpenBra XXL/XXXL Чорний (PS25106),Комплект Passion Exclusive VALERY OpenBra 2XL Чорний (PS25106)
PS25401,діапазон у назві,L/XL,L,Комплект Passion Exclusive ARIN L/XL Чорний (PS25401),Комплект Passion Exclusive ARIN L Чорний (PS25401)
PS25402,діапазон у назві,S/M,S,Комплект Passion Exclusive ARIN S/M Чорний (PS25402),Комплект Passion Exclusive ARIN S Чорний (PS25402)
PS25403,діапазон у назві,2XL/3XL,2XL,Комплект Passion Exclusive ARIN XXL/XXXL Чорний (PS25403),Комплект Passion Exclusive ARIN 2XL Чорний (PS25403)
PS25507,діапазон у назві,L/XL,L,Комплект Passion Exclusive CHERRY OpenBra L/XL Червоний (PS25507),Комплект Passion Exclusive CHERRY OpenBra L Червоний (PS25507)
PS25508,діапазон у назві,S/M,S,Комплект Passion Exclusive CHERRY OpenBra S/M Червоний (PS25508),Комплект Passion Exclusive CHERRY OpenBra S Червоний (PS25508)
PS25509,діапазон у назві,2XL/3XL,2XL,Комплект Passion Exclusive CHERRY OpenBra XXL/XXXL Червоний (PS25509),Комплект Passion Exclusive CHERRY OpenBra 2XL Червоний (PS25509)
PS25801,діапазон у назві,L/XL,L,Боді Passion DIABOLINA L/XL Чорний (PS25801),Боді Passion DIABOLINA L Чорний (PS25801)
PS25802,діапазон у назві,S/M,S,Боді Passion DIABOLINA S/M Чорний (PS25802),Боді Passion DIABOLINA S Чорний (PS25802)
PS25803,діапазон у назві,2XL/3XL,2XL,Боді Passion DIABOLINA XXL/XXXL Чорний (PS25803),Боді Passion DIABOLINA 2XL Чорний (PS25803)
PS25804,діапазон у назві,L/XL,L,Корсет Passion DIABOLINA CORSET L/XL Чорний (PS25804),Корсет Passion DIABOLINA CORSET L Чорний (PS25804)
PS25805,діапазон у назві,S/M,S,Корсет Passion DIABOLINA CORSET S/M Чорний (PS25805),Корсет Passion DIABOLINA CORSET S Чорний (PS25805)
PS25806,діапазон у назві,2XL/3XL,2XL,Корсет Passion DIABOLINA CORSET XXL/XXXL Чорний (PS25806),Корсет Passion DIABOLINA CORSET 2XL Чорний (PS25806)
PS26201,діапазон у назві,L/XL,L,Комплект Passion Exclusive INDRA OpenBra L/XL Чорний (PS26201),Комплект Passion Exclusive INDRA OpenBra L Чорний (PS26201)
PS26202,діапазон у назві,S/M,S,Комплект Passion Exclusive INDRA OpenBra S/M Чорний (PS26202),Комплект Passion Exclusive INDRA OpenBra S Чорний (PS26202)
PS26203,діапазон у назві,2XL/3XL,2XL,Комплект Passion Exclusive INDRA OpenBra XXL/XXXL Чорний (PS26203),Комплект Passion Exclusive INDRA OpenBra 2XL Чорний (PS26203)
PS26301,діапазон у назві,L/XL,L,Комплект Passion Exclusive KASSANDRA OpenBra L/XL Чорний (PS26301),Комплект Passion Exclusive KASSANDRA OpenBra L Чорний (PS26301)
PS26302,діапазон у назві,S/M,S,Комплект Passion Exclusive KASSANDRA OpenBra S/M Чорний (PS26302),Комплект Passion Exclusive KASSANDRA OpenBra S Чорний (PS26302)
PS26303,діапазон у назві,2XL/3XL,3XL,Комплект Passion Exclusive KASSANDRA OpenBra 2XL/3XL Чорний (PS26303),Комплект Passion Exclusive KASSANDRA OpenBra 3XL Чорний (PS26303)
PS26405,діапазон у назві,S/M,S,Боді Passion Exclusive Mirajane S/M Чорний (PS26405),Боді Passion Exclusive Mirajane S Чорний (PS26405)
PS26406,діапазон у назві,2XL/3XL,2XL,Боді Passion Exclusive Mirajane XXL/XXXL Чорний (PS26406),Боді Passion Exclusive Mirajane 2XL Чорний (PS26406)
PS27301,діапазон у назві,L/XL,L,Боді Passion Exclusive IVENA L/XL Чорний (PS27301),Боді Passion Exclusive IVENA L Чорний (PS27301)
PS27302,діапазон у назві,S/M,S,Боді Passion Exclusive IVENA S/M Чорний (PS27302),Боді Passion Exclusive IVENA S Чорний (PS27302)
PS27403,діапазон у назві,2XL/3XL,2XL,Боді Passion Exclusive JADE XXL/XXXL Чорний (PS27403),Боді Passion Exclusive JADE 2XL Чорний (PS27403)
PS27701,діапазон у назві,L/XL,L,Боді Passion Exclusive MEGGY L/XL Чорний (PS27701),Боді Passion Exclusive MEGGY L Чорний (PS27701)
PS27702,діапазон у назві,S/M,S,Боді Passion Exclusive MEGGY S/M Чорний (PS27702),Боді Passion Exclusive MEGGY S Чорний (PS27702)
PSS015B,немає розміру в назві,,ONE SIZE,Колготки Passion S015 One Size Чорний (PSS015B),
PSS015R,немає розміру в назві,,ONE SIZE,Колготки Passion S015 One Size Червоний (PSS015R),
PSS015W,немає розміру в назві,,ONE SIZE,Колготки Passion S015 One Size Білий (PSS015W),
SO3485,збігається,XL,XL,Боді D&amp;A AGATHA XL XL (SO3485),
SO3903,діапазон у назві,XS/S,XS,Боді D&amp;A AGATHA XS/S (SO3903),Боді D&amp;A AGATHA XS (SO3903)
SO3904,збігається,M,M,Боді D&amp;A AGATHA M M (SO3904),
SO3905,збігається,L,L,Боді D&amp;A AGATHA L L (SO3905),
SO4131,діапазон у назві,L/XL,L,Боді Passion AZALIA L/XL Чорний (SO4131),Боді Passion AZALIA L Чорний (SO4131)
SO4132,діапазон у назві,S/M,S,Боді Passion AZALIA S/M Чорний (SO4132),Боді Passion AZALIA S Чорний (SO4132)
SO4133,діапазон у назві,2XL/3XL,2XL,Боді Passion AZALIA XXL/XXXL Чорний (SO4133),Боді Passion AZALIA 2XL Чорний (SO4133)
SO4284,немає параметра,,,Панчохи Passion ST114 Чорний (SO4284),
SO4381,діапазон у назві,S/L,L,Боді Penthouse Go Hotter S/L Чорний (SO4381),Боді Penthouse Go Hotter L Чорний (SO4381)
SO4747,діапазон у назві,L/XL,L,Комплект Passion LOVELIA L/XL Чорний (SO4747),Комплект Passion LOVELIA L Чорний (SO4747)
SO4749,діапазон у назві,2XL/3XL,2XL,Комплект Passion LOVELIA XXL/XXXL Чорний (SO4749),Комплект Passion LOVELIA 2XL Чорний (SO4749)
SO4752,діапазон у назві,2XL/3XL,2XL,Комплект Passion LOVELIA XXL/XXXL Білий (SO4752),Комплект Passion LOVELIA 2XL Білий (SO4752)
SO4765,діапазон у назві,L/XL,L,Корсет Passion L/XL Чорний (SO4765),Корсет Passion L Чорний (SO4765)
SO4766,діапазон у назві,S/M,S,Корсет Passion S/M Чорний (SO4766),Корсет Passion S Чорний (SO4766)
SO4767,діапазон у назві,2XL/3XL,2XL,Корсет Passion XXL/XXXL Чорний (SO4767),Корсет Passion 2XL Чорний (SO4767)
SO4768,діапазон у назві,L/XL,L,Корсет Passion L/XL Білий (SO4768),Корсет Passion L Білий (SO4768)
SO4769,діапазон у назві,S/M,S,Корсет Passion S/M Білий (SO4769),Корсет Passion S Білий (SO4769)
SO4770,діапазон у назві,2XL/3XL,2XL,Корсет Passion XXL/XXXL Білий (SO4770),Корсет Passion 2XL Білий (SO4770)
SO4777,діапазон у назві,L/XL,L,Комплект Passion LOVELIA L/XL Чорний (SO4777),Комплект Passion LOVELIA L Чорний (SO4777)
SO4778,діапазон у назві,S/M,S,Комплект Passion LOVELIA S/M Чорний (SO4778),Комплект Passion LOVELIA S Чорний (SO4778)
SO4779,діапазон у назві,2XL/3XL,2XL,Комплект Passion LOVELIA XXL/XXXL Чорний (SO4779),Комплект Passion LOVELIA 2XL Чорний (SO4779)
SO4781,діапазон у назві,S/M,S,Комплект Passion LOVELIA S/M Білий (SO4781),Комплект Passion LOVELIA S Білий (SO4781)
SO4782,діапазон у назві,2XL/3XL,2XL,Комплект Passion LOVELIA XXL/XXXL Білий (SO4782),Комплект Passion LOVELIA 2XL Білий (SO4782)
SO4936,немає параметра,,,Боді D&amp;A (SO4936),
SO4973,немає розміру в назві,,ONE SIZE,Комплект JSY Black One Size Чорний (SO4973),
SO4974,немає розміру в назві,,ONE SIZE,Комплект JSY Black One Size Чорний (SO4974),
SO4976,немає розміру в назві,,ONE SIZE,Боді JSY Black One Size Чорний (SO4976),
SO4997,немає параметра,,,Трусики JSY Red Червоний (SO4997),
SO5000,немає параметра,,,Колготки JSY T-8000 Чорний (SO5000),
SO5001,немає параметра,,,Колготки JSY T-8003 Чорний (SO5001),
SO5002,немає параметра,,,Колготки JSY T-8006 Чорний (SO5002),
SO5003,немає параметра,,,Колготки JSY Чорний (SO5003),
SO5315,діапазон у назві,L/XL,L,Боді Passion Amanda L/XL Чорний (SO5315),Боді Passion Amanda L Чорний (SO5315)
SO5316,діапазон у назві,S/M,S,Боді Passion Amanda S/M Чорний (SO5316),Боді Passion Amanda S Чорний (SO5316)
SO5317,діапазон у назві,2XL/3XL,2XL,Боді Passion Amanda XXL/XXXL Чорний (SO5317),Боді Passion Amanda 2XL Чорний (SO5317)
SO5318,діапазон у назві,L/XL,L,Комплект Passion L/XL Чорний (SO5318),Комплект Passion L Чорний (SO5318)
SO5319,діапазон у назві,S/M,S,Комплект Passion S/M Чорний (SO5319),Комплект Passion S Чорний (SO5319)
SO5320,діапазон у назві,2XL/3XL,3XL,Комплект Passion 2XL/3XL Чорний (SO5320),Комплект Passion 3XL Чорний (SO5320)
SO5321,діапазон у назві,L/XL,L,Комплект Passion L/XL Чорний (SO5321),Комплект Passion L Чорний (SO5321)
SO5322,діапазон у назві,S/M,S,Комплект Passion S/M Чорний (SO5322),Комплект Passion S Чорний (SO5322)
SO5346,діапазон у назві,L/XL,L,Боді Passion Hima L/XL Чорний (SO5346),Боді Passion Hima L Чорний (SO5346)
SO5347,діапазон у назві,S/M,S,Боді Passion Hima S/M Чорний (SO5347),Боді Passion Hima S Чорний (SO5347)
SO5348,діапазон у назві,2XL/3XL,2XL,Боді Passion Hima XXL/XXXL Чорний (SO5348),Боді Passion Hima 2XL Чорний (SO5348)
SO5617,немає параметра,,,Боді D&amp;A Рожевий (SO5617),
SO5759,діапазон у назві,L/XL,L,Комплект Passion CHRISTA Open L/XL Чорний (SO5759),Комплект Passion CHRISTA Open L Чорний (SO5759)
SO5762,діапазон у назві,L/XL,L,Комплект Passion MALWIA L/XL Чорний (SO5762),Комплект Passion MALWIA L Чорний (SO5762)
SO5764,діапазон у назві,2XL/3XL,2XL,Комплект Passion MALWIA XXL/XXXL Чорний (SO5764),Комплект Passion MALWIA 2XL Чорний (SO5764)
SO5765,діапазон у назві,L/XL,L,Корсет Passion MALWIA CORSET L/XL Чорний (SO5765),Корсет Passion MALWIA CORSET L Чорний (SO5765)
SO5766,діапазон у назві,S/M,S,Корсет Passion MALWIA CORSET S/M Чорний (SO5766),Корсет Passion MALWIA CORSET S Чорний (SO5766)
SO5767,діапазон у назві,2XL/3XL,3XL,Корсет Passion MALWIA CORSET 2XL/3XL Чорний (SO5767),Корсет Passion MALWIA CORSET 3XL Чорний (SO5767)
SO5768,діапазон у назві,L/XL,L,Комплект Passion MALWIA Open L/XL Чорний (SO5768),Комплект Passion MALWIA Open L Чорний (SO5768)
SO5769,діапазон у назві,S/M,S,Комплект Passion S/M Чорний (SO5769),Комплект Passion S Чорний (SO5769)
SO5770,діапазон у назві,2XL/3XL,2XL,Комплект Passion MALWIA OpenBra XXL/XXXL Чорний (SO5770),Комплект Passion MALWIA OpenBra 2XL Чорний (SO5770)
SO5781,немає параметра,,,Панчохи Passion ST119 Чорний (SO5781),
SO5784,немає параметра,,,Панчохи Passion ST119 Білий (SO5784),
SO5790,немає параметра,,,Панчохи Passion ST120 black-red Чорний (SO5790),
SO5801,немає параметра,,,Колготки Passion Чорний (SO5801),
SO5802,немає розміру в назві,,1,Колготки Passion 1/2 Бежевий (SO5802),
SO5803,немає розміру в назві,,3,Колготки Passion 3/4 Бежевий (SO5803),
SO5804,немає параметра,,,Колготки Passion Бежевий (SO5804),
SO5805,немає розміру в назві,,1,Колготки Passion 1/2 Чорний (SO5805),
SO5806,немає розміру в назві,,3,Колготки Passion 3/4 Чорний (SO5806),
SO5807,немає параметра,,,Колготки Passion Чорний (SO5807),
SO5808,немає розміру в назві,,1,Колготки Passion 1/2 Бежевий (SO5808),
SO5809,немає розміру в назві,,3,Колготки Passion 3/4 Бежевий (SO5809),
SO5810,немає параметра,,,Колготки Passion Бежевий (SO5810),
SO5811,немає розміру в назві,,1,Колготки Passion 1/2 Чорний (SO5811),
SO5812,немає розміру в назві,,3,Колготки Passion 3/4 Чорний (SO5812),
SO5816,немає розміру в назві,,1,Колготки Passion 1/2 Чорний (SO5816),
SO5817,немає розміру в назві,,3,Колготки Passion 3/4 Чорний (SO5817),
SO5818,немає параметра,,,Колготки Passion Чорний (SO5818),
SO5819,немає розміру в назві,,1,Колготки Passion 1/2 Бежевий (SO5819),
SO5820,немає розміру в назві,,3,Колготки Passion 3/4 Бежевий (SO5820),
SO5821,немає параметра,,,Колготки Passion Бежевий (SO5821),
SO5822,немає розміру в назві,,1,Колготки Passion 1/2 Чорний (SO5822),
SO5823,немає розміру в назві,,3,Колготки Passion 3/4 Чорний (SO5823),
SO5824,немає параметра,,,Колготки Passion Чорний (SO5824),
SO5825,немає розміру в назві,,1,Колготки Passion 1/2 Бежевий (SO5825),
SO5826,немає розміру в назві,,3,Колготки Passion 3/4 Бежевий (SO5826),
SO5827,немає розміру в назві,,1,Колготки Passion 1/2 Чорний (SO5827),
SO5828,немає розміру в назві,,3,Колготки Passion 3/4 Чорний (SO5828),
SO5829,діапазон у назві,L/XL,L,Боді Passion URSULA L/XL Чорний (SO5829),Боді Passion URSULA L Чорний (SO5829)
SO5830,діапазон у назві,S/M,S,Боді Passion URSULA S/M Чорний (SO5830),Боді Passion URSULA S Чорний (SO5830)
SO5831,діапазон у назві,2XL/3XL,2XL,Боді Passion URSULA XXL/XXXL Чорний (SO5831),Боді Passion URSULA 2XL Чорний (SO5831)
SO5832,діапазон у назві,L/XL,L,Боді Passion URSULA L/XL Білий (SO5832),Боді Passion URSULA L Білий (SO5832)
SO5833,діапазон у назві,S/M,S,Боді Passion URSULA S/M Білий (SO5833),Боді Passion URSULA S Білий (SO5833)
SO5834,діапазон у назві,2XL/3XL,2XL,Боді Passion URSULA XXL/XXXL Білий (SO5834),Боді Passion URSULA 2XL Білий (SO5834)
SO5835,діапазон у назві,L/XL,L,Корсет Passion L/XL Чорний (SO5835),Корсет Passion L Чорний (SO5835)
SO5836,діапазон у назві,S/M,S,Корсет Passion S/M Чорний (SO5836),Корсет Passion S Чорний (SO5836)
SO5837,діапазон у назві,2XL/3XL,2XL,Корсет Passion XXL/XXXL Чорний (SO5837),Корсет Passion 2XL Чорний (SO5837)
SO5838,діапазон у назві,L/XL,L,Корсет Passion L/XL Білий (SO5838),Корсет Passion L Білий (SO5838)
SO5839,діапазон у назві,S/M,S,Корсет Passion S/M Білий (SO5839),Корсет Passion S Білий (SO5839)
SO5840,діапазон у назві,2XL/3XL,2XL,Корсет Passion XXL/XXXL Білий (SO5840),Корсет Passion 2XL Білий (SO5840)
SO5841,діапазон у назві,L/XL,L,Комплект Passion L/XL Чорний (SO5841),Комплект Passion L Чорний (SO5841)
SO5842,діапазон у назві,S/M,S,Комплект Passion S/M Чорний (SO5842),Комплект Passion S Чорний (SO5842)
SO5843,діапазон у назві,2XL/3XL,2XL,Комплект Passion XXL/XXXL Чорний (SO5843),Комплект Passion 2XL Чорний (SO5843)
SO5844,діапазон у назві,L/XL,L,Комплект Passion L/XL Білий (SO5844),Комплект Passion L Білий (SO5844)
SO5845,діапазон у назві,S/M,S,Комплект Passion S/M Білий (SO5845),Комплект Passion S Білий (SO5845)
SO5846,діапазон у назві,2XL/3XL,2XL,Комплект Passion XXL/XXXL Білий (SO5846),Комплект Passion 2XL Білий (SO5846)
SO5877,розбіжність,S,XS,Трусики Art of Sex Sexy Panties plug size S XS Чорний (SO5877),
SO5878,розбіжність,M,XS,Трусики Art of Sex Sexy Panties plug size M XS Чорний (SO5878),
SO5879,розбіжність,L,XS,Трусики Art of Sex Sexy Panties plug size L XS Чорний (SO5879),
SO5917,немає параметра,,,Колготки Passion Чорний (SO5917),
SO6016,немає параметра,,,Боді D&amp;A XXXXXL Чорний (SO6016),
SO6170,розбіжність,L,XS,Трусики Art of Sex Joni plug panties size L XS Чорний (SO6170),
SO6171,розбіжність,L,XS,Трусики Art of Sex Joni plug panties size L XS Червоний (SO6171),
SO6172,розбіжність,S,XS,Трусики Art of Sex Joni plug panties size S XS Чорний (SO6172),
SO6173,розбіжність,S,XS,Трусики Art of Sex Joni plug panties size S XS Червоний (SO6173),
SO6174,розбіжність,M,XS,Трусики Art of Sex Joni plug panties size M XS Чорний (SO6174),
SO6175,розбіжність,M,XS,Трусики Art of Sex Joni plug panties size M XS Червоний (SO6175),
SO6338,розбіжність,L,XS,Боді Moonlight Model L XS Чорний (SO6338),
SO6374,діапазон у назві,L/XL,L,Комплект Passion Exclusive ARMANDA L/XL Чорний (SO6374),Комплект Passion Exclusive ARMANDA L Чорний (SO6374)
SO6375,діапазон у назві,2XL/3XL,2XL,Комплект Passion Exclusive ARMANDA XXL/XXXL Чорний (SO6375),Комплект Passion Exclusive ARMANDA 2XL Чорний (SO6375)
SO6400,діапазон у назві,L/XL,L,Комплект Passion CELINE L/XL Чорний (SO6400),Комплект Passion CELINE L Чорний (SO6400)
SO6401,діапазон у назві,S/M,S,Комплект Passion CELINE S/M Чорний (SO6401),Комплект Passion CELINE S Чорний (SO6401)
SO6402,діапазон у назві,2XL/3XL,3XL,Комплект Passion CELINE 2XL/3XL Чорний (SO6402),Комплект Passion CELINE 3XL Чорний (SO6402)
SO6403,діапазон у назві,L/XL,L,Боді Passion CELIN L/XL Чорний (SO6403),Боді Passion CELIN L Чорний (SO6403)
SO6404,діапазон у назві,S/M,S,Боді Passion CELIN S/M Чорний (SO6404),Боді Passion CELIN S Чорний (SO6404)
SO6405,діапазон у назві,2XL/3XL,2XL,Боді Passion CELINE XXL/XXXL Чорний (SO6405),Боді Passion CELINE 2XL Чорний (SO6405)
SO6414,діапазон у назві,2XL/3XL,2XL,Комплект Passion Exclusive KELIS XXL/XXXL Чорний (SO6414),Комплект Passion Exclusive KELIS 2XL Чорний (SO6414)
SO6416,діапазон у назві,2XL/3XL,2XL,Комплект Passion Exclusive LORRY XXL/XXXL Чорний (SO6416),Комплект Passion Exclusive LORRY 2XL Чорний (SO6416)
SO6418,діапазон у назві,2XL/3XL,2XL,Боді Passion Exclusive MEGGY XXL/XXXL Чорний (SO6418),Боді Passion Exclusive MEGGY 2XL Чорний (SO6418)
SO6423,немає параметра,,,Панчохи Passion ST003 beige Бежевий (SO6423),
SO6427,діапазон у назві,S/L,L,Боді Penthouse Spicy Whisper S/L Чорний (SO6427),Боді Penthouse Spicy Whisper L Чорний (SO6427)
SO6429,діапазон у назві,S/L,L,Боді Penthouse Enjoy Moment S/L Чорний (SO6429),Боді Penthouse Enjoy Moment L Чорний (SO6429)
SO6431,діапазон у назві,S/L,L,Боді Penthouse Devils Advocate S/L Чорний (SO6431),Боді Penthouse Devils Advocate L Чорний (SO6431)
SO6433,діапазон у назві,S/L,L,Боді Penthouse All Way S/L Чорний (SO6433),Боді Penthouse All Way L Чорний (SO6433)
SO6435,діапазон у назві,S/L,L,Боді Penthouse Midnight Visit S/L Чорний (SO6435),Боді Penthouse Midnight Visit L Чорний (SO6435)
SO6437,діапазон у назві,S/L,L,Боді Penthouse Blooming Era S/L Чорний (SO6437),Боді Penthouse Blooming Era L Чорний (SO6437)
SO6441,діапазон у назві,S/L,L,Боді Penthouse High On Love S/L Чорний (SO6441),Боді Penthouse High On Love L Чорний (SO6441)
SO6443,діапазон у назві,S/L,L,Боді Penthouse Be Mine S/L Чорний (SO6443),Боді Penthouse Be Mine L Чорний (SO6443)
SO6445,діапазон у назві,S/L,L,Боді Penthouse Under My Spell S/L Чорний (SO6445),Боді Penthouse Under My Spell L Чорний (SO6445)
SO6449,діапазон у назві,S/L,L,Комплект Penthouse Work it Out S/L Чорний (SO6449),Комплект Penthouse Work it Out L Чорний (SO6449)
SO6457,діапазон у назві,S/L,L,Боді Penthouse Scandalous S/L Чорний (SO6457),Боді Penthouse Scandalous L Чорний (SO6457)
SO6461,діапазон у назві,S/L,L,Боді Penthouse Scandalous S/L Червоний (SO6461),Боді Penthouse Scandalous L Червоний (SO6461)
SO6471,діапазон у назві,S/L,L,Колготки Penthouse No Excuses S/L Чорний (SO6471),Колготки Penthouse No Excuses L Чорний (SO6471)
SO6741,діапазон у назві,XS/S,XS,D&amp;A XS/S Чорний (SO6741),D&amp;A XS Чорний (SO6741)
SO6742,збігається,M,M,D&amp;A M Чорний (SO6742),
SO6743,збігається,L,L,D&amp;A L Чорний (SO6743),
SO6744,збігається,XL,XL,D&amp;A XL Чорний (SO6744),
SO6870,діапазон у назві,S/M,S,Комплект JSY S/M Чорний (SO6870),Комплект JSY S Чорний (SO6870)
SO6872,немає розміру в назві,,ONE SIZE,Боді JSY One Size Чорний (SO6872),
SO6873,немає розміру в назві,,ONE SIZE,Боді JSY One Size (SO6873),
SO6874,немає розміру в назві,,ONE SIZE,Комплект JSY Black One Size Чорний (SO6874),
SO6875,немає розміру в назві,,ONE SIZE,Панчохи JSY Black One Size Чорний (SO6875),
SO6876,немає розміру в назві,,ONE SIZE,Панчохи JSY Red One Size Червоний (SO6876),
SO6880,немає розміру в назві,,ONE SIZE,Боді JSY One Size Чорний (SO6880),
SO7049,немає параметра,4XL,,Боді Passion AMBERLY 4XL/5XL Чорний (SO7049),
SO7050,немає параметра,,,Боді Passion AMBERLY 6XL/7XL Чорний (SO7050),
SO7052,немає параметра,,,Корсет Passion AMBERLY CORSET 6XL/7XL Чорний (SO7052),
SO7057,немає параметра,4XL,,Комплект Passion CELINE 4XL/5XL Чорний (SO7057),
SO7058,немає параметра,,,Комплект Passion CELINE 6XL/7XL Чорний (SO7058),
SO7059,немає параметра,4XL,,Боді Passion CELINE 4XL/5XL Чорний (SO7059),
SO7060,немає параметра,,,Боді Passion CELINE 6XL/7XL Чорний (SO7060),
SO7096,немає параметра,4XL,,Комплект Passion MALWIA 4XL/5XL Чорний (SO7096),
SO7097,немає параметра,,,Комплект Passion MALWIA 6XL/7XL Чорний (SO7097),
SO7098,немає параметра,4XL,,Корсет Passion MALWIA CORSET 4XL/5XL Чорний (SO7098),
SO7099,немає параметра,,,Корсет Passion MALWIA CORSET 6XL/7XL Чорний (SO7099),
SO7102,немає параметра,4XL,,Комплект Passion NANCY 4XL/5XL Чорний (SO7102),
SO7103,немає параметра,,,Комплект Passion NANCY 6XL/7XL Чорний (SO7103),
SO7104,немає параметра,4XL,,Боді Passion NANCY 4XL/5XL Чорний (SO7104),
SO7105,немає параметра,,,Боді Passion NANCY 6XL/7XL Чорний (SO7105),
SO7107,немає параметра,,,Комплект Passion NANCY 6XL/7XL Чорний (SO7107),
SO7108,немає параметра,4XL,,Боді Passion Exclusive NORTH 4XL/5XL Чорний (SO7108),
SO7109,немає параметра,,,Боді Passion Exclusive NORTH 6XL/7XL Чорний (SO7109),
SO7110,діапазон у назві,S/M,S,Боді Passion TASMINA S/M Чорний (SO7110),Боді Passion TASMINA S Чорний (SO7110)
SO7111,немає параметра,4XL,,Боді Passion VIENA 4XL/5XL Бежевий (SO7111),
SO7112,немає параметра,,,Боді Passion VIENA 6XL/7XL Бежевий (SO7112),
SO7113,немає параметра,4XL,,Корсет Passion VIENA CORSET 4XL/5XL Бежевий (SO7113),
SO7116,немає параметра,,,Комплект Passion VIENA 6XL/7XL Бежевий (SO7116),
SO7169,діапазон у назві,S/M,S,Боді Obsessive 818-TED-1 teddy S/M Чорний (SO7169),Боді Obsessive 818-TED-1 teddy S Чорний (SO7169)
SO7170,діапазон у назві,L/XL,L,Боді Obsessive 818-TED-1 teddy L/XL Чорний (SO7170),Боді Obsessive 818-TED-1 teddy L Чорний (SO7170)
SO7173,діапазон у назві,S/M,S,Obsessive 828-THC-1 crotchless thong S/M Чорний (SO7173),Obsessive 828-THC-1 crotchless thong S Чорний (SO7173)
SO7174,діапазон у назві,L/XL,L,Obsessive 828-THC-1 crotchless thong L/XL Чорний (SO7174),Obsessive 828-THC-1 crotchless thong L Чорний (SO7174)
SO7175,діапазон у назві,S/M,S,Obsessive 831-THC-1 crotchless thong S/M Чорний (SO7175),Obsessive 831-THC-1 crotchless thong S Чорний (SO7175)
SO7179,діапазон у назві,S/M,S,Obsessive 837-THC-1 S/M Чорний (SO7179),Obsessive 837-THC-1 S Чорний (SO7179)
SO7180,діапазон у назві,L/XL,L,Obsessive 837-THC-1 L/XL Чорний (SO7180),Obsessive 837-THC-1 L Чорний (SO7180)
SO7198,діапазон у назві,S/M,S,Боді Obsessive Amanta teddy S/M Чорний (SO7198),Боді Obsessive Amanta teddy S Чорний (SO7198)
SO7199,діапазон у назві,L/XL,L,Боді Obsessive Amanta teddy L/XL Чорний (SO7199),Боді Obsessive Amanta teddy L Чорний (SO7199)
SO7200,збігається,2XL,2XL,Боді Obsessive Amanta teddy XXL Чорний (SO7200),
SO7285,діапазон у назві,2XL/3XL,3XL,Топ Obsessive Ivannes thong 2XL/3XL Чорний (SO7285),Топ Obsessive Ivannes thong 3XL Чорний (SO7285)
SO7363,збігається,L,L,Art of Sex Lora L Чорний (SO7363),
SO7558,діапазон у назві,L/XL,L,Passion THONG COLLIN L/XL Чорний (SO7558),Passion THONG COLLIN L Чорний (SO7558)
SO7559,діапазон у назві,S/M,S,Passion THONG COLLIN S/M Чорний (SO7559),Passion THONG COLLIN S Чорний (SO7559)
SO7560,діапазон у назві,2XL/3XL,2XL,Passion THONG COLLIN XXL/XXXL Чорний (SO7560),Passion THONG COLLIN 2XL Чорний (SO7560)
SO7567,діапазон у назві,L/XL,L,Passion SHORT JAMES L/XL Чорний (SO7567),Passion SHORT JAMES L Чорний (SO7567)
SO7568,діапазон у назві,S/M,S,Passion SHORT JAMES S/M Чорний (SO7568),Passion SHORT JAMES S Чорний (SO7568)
SO7569,діапазон у назві,2XL/3XL,2XL,Passion SHORT JAMES XXL/XXXL Чорний (SO7569),Passion SHORT JAMES 2XL Чорний (SO7569)
SO7591,діапазон у назві,L/XL,L,Боді Passion LEON L/XL Чорний (SO7591),Боді Passion LEON L Чорний (SO7591)
SO7592,діапазон у назві,S/M,S,Боді Passion LEON S/M Чорний (SO7592),Боді Passion LEON S Чорний (SO7592)
SO7593,діапазон у назві,2XL/3XL,2XL,Боді Passion LEON XXL/XXXL Чорний (SO7593),Боді Passion LEON 2XL Чорний (SO7593)
SO7609,діапазон у назві,L/XL,L,Passion SHORT PARKER L/XL Червоний (SO7609),Passion SHORT PARKER L Червоний (SO7609)
SO7610,діапазон у назві,S/M,S,Passion SHORT PARKER S/M Червоний (SO7610),Passion SHORT PARKER S Червоний (SO7610)
SO7611,діапазон у назві,2XL/3XL,2XL,Passion SHORT PARKER XXL/XXXL Червоний (SO7611),Passion SHORT PARKER 2XL Червоний (SO7611)
SO7615,діапазон у назві,L/XL,L,Passion SHORT DAVID L/XL Чорний (SO7615),Passion SHORT DAVID L Чорний (SO7615)
SO7616,діапазон у назві,S/M,S,Passion SHORT DAVID S/M Чорний (SO7616),Passion SHORT DAVID S Чорний (SO7616)
SO7618,діапазон у назві,L/XL,L,Passion SHORT MATT L/XL Чорний (SO7618),Passion SHORT MATT L Чорний (SO7618)
SO7619,діапазон у назві,S/M,S,Passion SHORT MATT S/M Чорний (SO7619),Passion SHORT MATT S Чорний (SO7619)
SO7620,діапазон у назві,2XL/3XL,2XL,Passion SHORT MATT XXL/XXXL Чорний (SO7620),Passion SHORT MATT 2XL Чорний (SO7620)
SO7621,діапазон у назві,L/XL,L,Passion SHORT PATRICK L/XL Чорний (SO7621),Passion SHORT PATRICK L Чорний (SO7621)
SO7622,діапазон у назві,S/M,S,Passion SHORT PATRICK S/M Чорний (SO7622),Passion SHORT PATRICK S Чорний (SO7622)
SO7623,діапазон у назві,2XL/3XL,2XL,Passion SHORT PATRICK XXL/XXXL Чорний (SO7623),Passion SHORT PATRICK 2XL Чорний (SO7623)
SO7640,діапазон у назві,2XL/3XL,2XL,Боді Passion Exclusive Ivena XXL/XXXL Чорний (SO7640),Боді Passion Exclusive Ivena 2XL Чорний (SO7640)
SO7641,немає розміру в назві,,ONE SIZE,Passion MT001 One size Рожевий (SO7641),
SO7642,немає розміру в назві,,ONE SIZE,Passion MT019 One size Чорний (SO7642),
SO7643,немає розміру в назві,,ONE SIZE,Passion MT019 One size Синій (SO7643),
SO7644,немає розміру в назві,,ONE SIZE,Passion MT019 One size (SO7644),
SO7645,немає розміру в назві,,ONE SIZE,Passion MT019 One size Зелений (SO7645),
SO7646,немає розміру в назві,,ONE SIZE,Passion MT019 One size Оранжевий (SO7646),
SO7647,немає розміру в назві,,ONE SIZE,Passion MT019 One size Білий (SO7647),
SO7649,немає параметра,,,Панчохи Passion ST001 Білий (SO7649),
SO7761,збігається,XS,XS,Art of Sex Sweet Angel XS Білий (SO7761),
SO7762,збігається,2XL,2XL,Art of Sex Sweet Angel 2XL Білий (SO7762),
SO7866,діапазон у назві,M/L,M,Комплект Obsessive Celia Noir 2-pcs M/L Прозорий (SO7866),Комплект Obsessive Celia Noir 2-pcs M Прозорий (SO7866)
SO7867,діапазон у назві,XL/2XL,XL,Комплект Obsessive Celia Noir 2-pcs XL/2XL Прозорий (SO7867),Комплект Obsessive Celia Noir 2-pcs XL Прозорий (SO7867)
SO7911,немає розміру в назві,,ONE SIZE,Панчохи Leg Avenue Sheer backseam stockings one size Чорний (SO7911),
SO7914,немає параметра,,,Панчохи Leg Avenue Sheer Stockings Чорний (SO7914),
SO8161,розбіжність,L,S,Боді Obsessive B139 crotchless teddy L S/M (SO8161),
SO8167,діапазон у назві,M/L,M,Боді Obsessive Heavenlly crotchless teddy M/L Прозорий (SO8167),Боді Obsessive Heavenlly crotchless teddy M Прозорий (SO8167)
SO8168,діапазон у назві,XL/2XL,XL,Боді Obsessive Heavenlly crotchless teddy XL/2XL Прозорий (SO8168),Боді Obsessive Heavenlly crotchless teddy XL Прозорий (SO8168)
SO8177,діапазон у назві,XL/2XL,XL,Комплект Obsessive Heavenlly 2-pcs cupless XL/2XL (SO8177),Комплект Obsessive Heavenlly 2-pcs cupless XL (SO8177)
SO8191,розбіжність,L,S,Комплект Obsessive K101 skirt L S/M Прозорий (SO8191),
SO8193,збігається,XL,XL,Боді Moonlight Model XL- XXXL Чорний (SO8193),
SO8195,збігається,XL,XL,Боді Moonlight Model XL- XXXL Чорний (SO8195),
SO8200,збігається,XL,XL,Боді Moonlight Model XL- XXXL Чорний (SO8200),
SO8363,немає параметра,,,Боді JSY Size Чорний (SO8363),
SO8378,немає параметра,,,Боді JSY Size Чорний (SO8378),
SO8379,немає параметра,,,Боді JSY Size Чорний (SO8379),
SO8380,немає параметра,,,Комплект JSY Size Чорний (SO8380),
SO8381,немає параметра,,,Комплект JSY Size Білий (SO8381),
SO8384,немає параметра,,,Комплект JSY Size Чорний (SO8384),
SO8423,діапазон у назві,2XL/3XL,2XL,Комплект Passion DELIENA XXL/XXXL Чорний (SO8423),Комплект Passion DELIENA 2XL Чорний (SO8423)
SO8427,діапазон у назві,L/XL,L,Боді Passion DOMINICA L/XL Чорний (SO8427),Боді Passion DOMINICA L Чорний (SO8427)
SO8428,діапазон у назві,S/M,S,Боді Passion DOMINICA S/M Чорний (SO8428),Боді Passion DOMINICA S Чорний (SO8428)
SO8429,діапазон у назві,2XL/3XL,2XL,Боді Passion DOMINICA XXL/XXXL Чорний (SO8429),Боді Passion DOMINICA 2XL Чорний (SO8429)
SO8430,діапазон у назві,L/XL,L,Корсет Passion DOMINICA CORSET beige L/XL Бежевий (SO8430),Корсет Passion DOMINICA CORSET beige L Бежевий (SO8430)
SO8431,діапазон у назві,S/M,S,Корсет Passion DOMINICA CORSET beige S/M Бежевий (SO8431),Корсет Passion DOMINICA CORSET beige S Бежевий (SO8431)
SO8432,діапазон у назві,2XL/3XL,2XL,Корсет Passion DOMINICA CORSET beige XXL/XXXL Бежевий (SO8432),Корсет Passion DOMINICA CORSET beige 2XL Бежевий (SO8432)
SO8433,діапазон у назві,L/XL,L,Корсет Passion DOMINICA CORSET L/XL Чорний (SO8433),Корсет Passion DOMINICA CORSET L Чорний (SO8433)
SO8434,діапазон у назві,S/M,S,Корсет Passion DOMINICA CORSET S/M Чорний (SO8434),Корсет Passion DOMINICA CORSET S Чорний (SO8434)
SO8435,діапазон у назві,2XL/3XL,2XL,Корсет Passion DOMINICA CORSET XXL/XXXL Чорний (SO8435),Корсет Passion DOMINICA CORSET 2XL Чорний (SO8435)
SO8436,діапазон у назві,L/XL,L,Комплект Passion GABI beige L/XL Бежевий (SO8436),Комплект Passion GABI beige L Бежевий (SO8436)
SO8437,діапазон у назві,S/M,S,Комплект Passion GABI beige S/M Бежевий (SO8437),Комплект Passion GABI beige S Бежевий (SO8437)
SO8445,діапазон у назві,L/XL,L,Корсет Passion JANNIES CORSET L/XL Чорний (SO8445),Корсет Passion JANNIES CORSET L Чорний (SO8445)
SO8446,діапазон у назві,S/M,S,Корсет Passion JANNIES CORSET S/M Чорний (SO8446),Корсет Passion JANNIES CORSET S Чорний (SO8446)
SO8447,діапазон у назві,2XL/3XL,2XL,Корсет Passion JANNIES CORSET XXL/XXXL Чорний (SO8447),Корсет Passion JANNIES CORSET 2XL Чорний (SO8447)
SO8448,діапазон у назві,L/XL,L,Боді Passion MOONLIGHT L/XL Чорний (SO8448),Боді Passion MOONLIGHT L Чорний (SO8448)
SO8449,діапазон у назві,S/M,S,Боді Passion MOONLIGHT S/M Чорний (SO8449),Боді Passion MOONLIGHT S Чорний (SO8449)
SO8450,діапазон у назві,2XL/3XL,2XL,Боді Passion MOONLIGHT XXL/XXXL Чорний (SO8450),Боді Passion MOONLIGHT 2XL Чорний (SO8450)
SO8451,діапазон у назві,L/XL,L,Комплект Passion MOONLIGHT L/XL Чорний (SO8451),Комплект Passion MOONLIGHT L Чорний (SO8451)
SO8452,діапазон у назві,S/M,S,Комплект Passion MOONLIGHT S/M Чорний (SO8452),Комплект Passion MOONLIGHT S Чорний (SO8452)
SO8453,діапазон у назві,2XL/3XL,2XL,Комплект Passion MOONLIGHT XXL/XXXL Чорний (SO8453),Комплект Passion MOONLIGHT 2XL Чорний (SO8453)
SO8454,діапазон у назві,L/XL,L,Корсет Passion NESSY CORSET L/XL Чорний (SO8454),Корсет Passion NESSY CORSET L Чорний (SO8454)
SO8455,діапазон у назві,S/M,S,Корсет Passion NESSY CORSET S/M Чорний (SO8455),Корсет Passion NESSY CORSET S Чорний (SO8455)
SO8457,діапазон у назві,L/XL,L,Комплект Passion NESSY L/XL Чорний (SO8457),Комплект Passion NESSY L Чорний (SO8457)
SO8458,діапазон у назві,S/M,S,Комплект Passion NESSY S/M Чорний (SO8458),Комплект Passion NESSY S Чорний (SO8458)
SO8459,діапазон у назві,2XL/3XL,2XL,Комплект Passion NESSY XXL/XXXL Чорний (SO8459),Комплект Passion NESSY 2XL Чорний (SO8459)
SO8463,діапазон у назві,L/XL,L,Корсет Passion PEONIA CORSET L/XL Червоний (SO8463),Корсет Passion PEONIA CORSET L Червоний (SO8463)
SO8464,діапазон у назві,S/M,S,Корсет Passion PEONIA CORSET S/M Червоний (SO8464),Корсет Passion PEONIA CORSET S Червоний (SO8464)
SO8469,діапазон у назві,L/XL,L,Боді Passion SATARA L/XL Чорний (SO8469),Боді Passion SATARA L Чорний (SO8469)
SO8470,діапазон у назві,S/M,S,Боді Passion SATARA S/M Чорний (SO8470),Боді Passion SATARA S Чорний (SO8470)
SO8471,діапазон у назві,2XL/3XL,2XL,Боді Passion SATARA XXL/XXXL Чорний (SO8471),Боді Passion SATARA 2XL Чорний (SO8471)
SO8472,діапазон у назві,L/XL,L,Боді Passion SATARA L/XL Червоний (SO8472),Боді Passion SATARA L Червоний (SO8472)
SO8473,діапазон у назві,S/M,S,Боді Passion SATARA S/M Червоний (SO8473),Боді Passion SATARA S Червоний (SO8473)
SO8474,діапазон у назві,2XL/3XL,2XL,Боді Passion SATARA XXL/XXXL Червоний (SO8474),Боді Passion SATARA 2XL Червоний (SO8474)
SO8475,діапазон у назві,L/XL,L,Корсет Passion SATARA CORSET L/XL Чорний (SO8475),Корсет Passion SATARA CORSET L Чорний (SO8475)
SO8476,діапазон у назві,S/M,S,Корсет Passion SATARA CORSET S/M Чорний (SO8476),Корсет Passion SATARA CORSET S Чорний (SO8476)
SO8477,діапазон у назві,2XL/3XL,2XL,Корсет Passion SATARA CORSET XXL/XXXL Чорний (SO8477),Корсет Passion SATARA CORSET 2XL Чорний (SO8477)
SO8478,діапазон у назві,L/XL,L,Корсет Passion SATARA CORSET L/XL Червоний (SO8478),Корсет Passion SATARA CORSET L Червоний (SO8478)
SO8479,діапазон у назві,S/M,S,Корсет Passion SATARA CORSET S/M Червоний (SO8479),Корсет Passion SATARA CORSET S Червоний (SO8479)
SO8480,діапазон у назві,2XL/3XL,2XL,Корсет Passion SATARA CORSET XXL/XXXL Червоний (SO8480),Корсет Passion SATARA CORSET 2XL Червоний (SO8480)
SO8484,діапазон у назві,L/XL,L,Комплект Passion SATARA L/XL Червоний (SO8484),Комплект Passion SATARA L Червоний (SO8484)
SO8485,діапазон у назві,S/M,S,Комплект Passion SATARA S/M Червоний (SO8485),Комплект Passion SATARA S Червоний (SO8485)
SO8488,діапазон у назві,L/XL,L,Боді Passion TASMINA L/XL Чорний (SO8488),Боді Passion TASMINA L Чорний (SO8488)
SO8489,діапазон у назві,2XL/3XL,2XL,Боді Passion TASMINA XXL/XXXL Чорний (SO8489),Боді Passion TASMINA 2XL Чорний (SO8489)
SO8493,немає розміру в назві,,1,Колготки Passion 1/2 Чорний (SO8493),
SO8494,немає розміру в назві,,3,Колготки Passion 3/4 Чорний (SO8494),
SO8495,немає розміру в назві,,3,Колготки Passion 3/4 Чорний (SO8495),
SO8518,немає параметра,,,Art of Sex Vartal (SO8518),
SO8557,немає розміру в назві,,ONE SIZE,Leg Avenue Lace net halter teddy One size Чорний (SO8557),
SO8583,немає розміру в назві,,ONE SIZE,Leg Avenue Strawberry ruffle anklets One size (SO8583),
SO8599,немає параметра,,,Панчохи Leg Avenue thigh highs bow One sice Чорний (SO8599),
SO8605,немає розміру в назві,,ONE SIZE,Leg Avenue Rhinestone net hooded teddy One size Чорний (SO8605),
SO8607,немає розміру в назві,,ONE SIZE,Leg Avenue Teddy strappy open back One size Чорний (SO8607),
SO8608,немає розміру в назві,,ONE SIZE,Leg Avenue Net lace crotchless teddy One size Чорний (SO8608),
SO8635,діапазон у назві,XL/2XL,XL,Боді Obsessive Donna Dream crotchless teddy XL/2XL Чорний (SO8635),Боді Obsessive Donna Dream crotchless teddy XL Чорний (SO8635)
SO8651,діапазон у назві,XL/2XL,XL,Корсет Obsessive Lacelove corset XL/2XL Червоний (SO8651),Корсет Obsessive Lacelove corset XL Червоний (SO8651)
SO8666,діапазон у назві,XL/2XL,XL,Боді Obsessive Selinne teddy XL/2XL Чорний (SO8666),Боді Obsessive Selinne teddy XL Чорний (SO8666)
SO9020,діапазон у назві,XS/S,XS,Боді Obsessive 818-TED-1 teddy XS/S Чорний (SO9020),Боді Obsessive 818-TED-1 teddy XS Чорний (SO9020)
SO9021,діапазон у назві,M/L,M,Боді Obsessive 818-TED-1 teddy M/L Чорний (SO9021),Боді Obsessive 818-TED-1 teddy M Чорний (SO9021)
SO9027,діапазон у назві,XL/2XL,XL,Боді Obsessive Ingridia crotchless teddy XL/2XL Червоний (SO9027),Боді Obsessive Ingridia crotchless teddy XL Червоний (SO9027)
SO9033,діапазон у назві,XL/2XL,XL,Комплект Obsessive Ingridia 2-pcs crotchless XL/2XL Червоний (SO9033),Комплект Obsessive Ingridia 2-pcs crotchless XL Червоний (SO9033)
SO9149,немає параметра,,,Боді Leg Avenue bodysuit thong back Чорний (SO9149),
SO9150,немає параметра,,,Боді Leg Avenue bodysuit thong back Білий (SO9150),
SO9156,немає параметра,,,Комплект Leg Avenue Crop garter Чорний (SO9156),
SO9262,немає розміру в назві,,ONE SIZE,Комплект JSY One Size Чорний (SO9262),
SO9695,діапазон у назві,L/XL,L,Боді Passion CHIKA L/XL (SO9695),Боді Passion CHIKA L (SO9695)
SO9696,діапазон у назві,S/M,S,Боді Passion CHIKA S/M (SO9696),Боді Passion CHIKA S (SO9696)
SO9697,діапазон у назві,2XL/3XL,2XL,Боді Passion CHIKA XXL/XXXL (SO9697),Боді Passion CHIKA 2XL (SO9697)
SO9698,діапазон у назві,L/XL,L,Комплект Passion CHIKA L/XL (SO9698),Комплект Passion CHIKA L (SO9698)
SO9699,діапазон у назві,S/M,S,Комплект Passion CHIKA S/M (SO9699),Комплект Passion CHIKA S (SO9699)
SO9700,діапазон у назві,2XL/3XL,2XL,Комплект Passion CHIKA XXL/XXXL (SO9700),Комплект Passion CHIKA 2XL (SO9700)
SO9707,немає параметра,,,Боді Passion ECO S006 Білий (SO9707),
SO9714,діапазон у назві,L/XL,L,Боді Passion MARINA L/XL Бежевий (SO9714),Боді Passion MARINA L Бежевий (SO9714)
SO9715,діапазон у назві,S/M,S,Боді Passion MARINA S/M Бежевий (SO9715),Боді Passion MARINA S Бежевий (SO9715)
SO9716,діапазон у назві,2XL/3XL,2XL,Боді Passion MARINA XXL/XXXL Бежевий (SO9716),Боді Passion MARINA 2XL Бежевий (SO9716)
SO9717,діапазон у назві,L/XL,L,Боді Passion MARINA L/XL Чорний (SO9717),Боді Passion MARINA L Чорний (SO9717)
SO9718,діапазон у назві,S/M,S,Боді Passion MARINA S/M Чорний (SO9718),Боді Passion MARINA S Чорний (SO9718)
SO9719,діапазон у назві,2XL/3XL,2XL,Боді Passion MARINA XXL/XXXL Чорний (SO9719),Боді Passion MARINA 2XL Чорний (SO9719)
SO9726,діапазон у назві,L/XL,L,Корсет Passion MARINA CORSET L/XL Бежевий (SO9726),Корсет Passion MARINA CORSET L Бежевий (SO9726)
SO9727,діапазон у назві,S/M,S,Корсет Passion MARINA CORSET S/M Бежевий (SO9727),Корсет Passion MARINA CORSET S Бежевий (SO9727)
SO9728,діапазон у назві,2XL/3XL,2XL,Корсет Passion MARINA CORSET XXL/XXXL Бежевий (SO9728),Корсет Passion MARINA CORSET 2XL Бежевий (SO9728)
SO9729,діапазон у назві,L/XL,L,Корсет Passion MARINA CORSET L/XL Чорний (SO9729),Корсет Passion MARINA CORSET L Чорний (SO9729)
SO9730,діапазон у назві,S/M,S,Корсет Passion MARINA CORSET S/M Чорний (SO9730),Корсет Passion MARINA CORSET S Чорний (SO9730)
SO9731,діапазон у назві,2XL/3XL,2XL,Корсет Passion MARINA CORSET XXL/XXXL Чорний (SO9731),Корсет Passion MARINA CORSET 2XL Чорний (SO9731)
SO9732,діапазон у назві,L/XL,L,Комплект Passion MARINA OPEN L/XL Бежевий (SO9732),Комплект Passion MARINA OPEN L Бежевий (SO9732)
SO9733,діапазон у назві,S/M,S,Комплект Passion MARINA OPEN S/M Бежевий (SO9733),Комплект Passion MARINA OPEN S Бежевий (SO9733)
SO9734,діапазон у назві,2XL/3XL,2XL,Комплект Passion MARINA OPEN XXL/XXXL Бежевий (SO9734),Комплект Passion MARINA OPEN 2XL Бежевий (SO9734)
SO9735,діапазон у назві,L/XL,L,Комплект Passion MARINA OPEN L/XL Чорний (SO9735),Комплект Passion MARINA OPEN L Чорний (SO9735)
SO9736,діапазон у назві,S/M,S,Комплект Passion MARINA OPEN S/M Чорний (SO9736),Комплект Passion MARINA OPEN S Чорний (SO9736)
SO9737,діапазон у назві,2XL/3XL,2XL,Комплект Passion MARINA OPEN XXL/XXXL Чорний (SO9737),Комплект Passion MARINA OPEN 2XL Чорний (SO9737)
SO9738,діапазон у назві,L/XL,L,Боді Passion TRISHA L/XL Бежевий (SO9738),Боді Passion TRISHA L Бежевий (SO9738)
SO9739,діапазон у назві,S/M,S,Боді Passion TRISHA S/M Бежевий (SO9739),Боді Passion TRISHA S Бежевий (SO9739)
SO9740,діапазон у назві,2XL/3XL,2XL,Боді Passion TRISHA XXL/XXXL Бежевий (SO9740),Боді Passion TRISHA 2XL Бежевий (SO9740)
SO9741,діапазон у назві,L/XL,L,Боді Passion TRISHA L/XL Чорний (SO9741),Боді Passion TRISHA L Чорний (SO9741)
SO9742,діапазон у назві,S/M,S,Боді Passion TRISHA S/M Чорний (SO9742),Боді Passion TRISHA S Чорний (SO9742)
SO9743,діапазон у назві,2XL/3XL,2XL,Боді Passion TRISHA XXL/XXXL Чорний (SO9743),Боді Passion TRISHA 2XL Чорний (SO9743)
SX0010,збігається,XL,XL,Noir Handmade P005 Panties XL XL (SX0010),
SX0053,збігається,S,S,Боді Noir Handmade F183 Powerwetlook S (SX0053),
SX0054,збігається,M,M,Боді Noir Handmade F183 Powerwetlook M (SX0054),
SX0055,збігається,L,L,Боді Noir Handmade F183 Powerwetlook L (SX0055),
SX0056,збігається,XL,XL,Боді Noir Handmade F183 Powerwetlook XL (SX0056),
SX0057,збігається,2XL,2XL,Боді Noir Handmade F183 Powerwetlook XXL (SX0057),
SX0058,збігається,3XL,3XL,Боді Noir Handmade F183 Powerwetlook 3XL (SX0058),
SX0321,збігається,S,S,Боді Noir Handmade F314 Ego S Чорний (SX0321),
SX0322,збігається,M,M,Боді Noir Handmade F314 Ego M Чорний (SX0322),
SX0323,збігається,L,L,Боді Noir Handmade F314 Ego L Чорний (SX0323),
SX0324,збігається,XL,XL,Боді Noir Handmade F314 Ego XL Чорний (SX0324),
SX0325,збігається,2XL,2XL,Боді Noir Handmade F314 Ego XXL Чорний (SX0325),
SX0326,збігається,3XL,3XL,Боді Noir Handmade F314 Ego 3XL Чорний (SX0326),
SX0363,збігається,S,S,Боді Noir Handmade F322 Paparazzi S Прозорий (SX0363),
SX0364,збігається,M,M,Боді Noir Handmade F322 Paparazzi M Прозорий (SX0364),
SX0365,збігається,L,L,Боді Noir Handmade F322 Paparazzi L Прозорий (SX0365),
SX0366,збігається,XL,XL,Боді Noir Handmade F322 Paparazzi XL Прозорий (SX0366),
SX0367,збігається,2XL,2XL,Боді Noir Handmade F322 Paparazzi XXL Прозорий (SX0367),
SX0368,збігається,3XL,3XL,Боді Noir Handmade F322 Paparazzi 3XL Прозорий (SX0368),
SX0404,немає розміру в назві,,ONE SIZE,Панчохи JSY One Size (SX0404),
SX0440,діапазон у назві,L/XL,L,Комплект JSY Black L/XL Чорний (SX0440),Комплект JSY Black L Чорний (SX0440)
SX0441,немає розміру в назві,,ONE SIZE,Комплект JSY Red One Size Червоний (SX0441),
SX0455,діапазон у назві,L/XL,L,Боді Passion AMBERLY L/XL Чорний (SX0455),Боді Passion AMBERLY L Чорний (SX0455)
SX0456,діапазон у назві,S/M,S,Боді Passion AMBERLY S/M Чорний (SX0456),Боді Passion AMBERLY S Чорний (SX0456)
SX0596,діапазон у назві,XL/2XL,XL,Боді Obsessive Alissium Teddy XL/2XL Білий (SX0596),Боді Obsessive Alissium Teddy XL Білий (SX0596)
SX0599,діапазон у назві,XL/2XL,XL,Боді Obsessive Alissium crotchless teddy XL/2XL (SX0599),Боді Obsessive Alissium crotchless teddy XL (SX0599)
SX0610,діапазон у назві,XS/S,XS,Боді Obsessive Novenes teddy XS/S Прозорий (SX0610),Боді Obsessive Novenes teddy XS Прозорий (SX0610)
SX0611,діапазон у назві,M/L,M,Боді Obsessive Novenes teddy M/L Прозорий (SX0611),Боді Obsessive Novenes teddy M Прозорий (SX0611)
SX0612,діапазон у назві,XL/2XL,XL,Боді Obsessive Novenes teddy XL/2XL Прозорий (SX0612),Боді Obsessive Novenes teddy XL Прозорий (SX0612)
SX0613,діапазон у назві,XS/S,XS,Комплект Obsessive Novenes corset thong XS/S Прозорий (SX0613),Комплект Obsessive Novenes corset thong XS Прозорий (SX0613)
SX0614,діапазон у назві,M/L,M,Комплект Obsessive Novenes corset thong M/L Прозорий (SX0614),Комплект Obsessive Novenes corset thong M Прозорий (SX0614)
SX0615,діапазон у назві,XL/2XL,XL,Комплект Obsessive Novenes corset thong XL/2XL Прозорий (SX0615),Комплект Obsessive Novenes corset thong XL Прозорий (SX0615)
SX1029,діапазон у назві,XL/2XL,XL,Боді Obsessive Blomentis crotchless teddy XL/2XL (SX1029),Боді Obsessive Blomentis crotchless teddy XL (SX1029)
SX1043,немає параметра,,,Панчохи Leg Avenue Wild rose net thigh highs Чорний (SX1043),
SX1046,немає параметра,,,Leg Avenue Mini Bow Lace Anklet Чорний (SX1046),
SX1048,немає параметра,,,Leg Avenue Sweetheart Ruffle Cuff Knee Highs Чорний (SX1048),
SX1050,немає параметра,,,Колготки Leg Avenue Spandex micro net tights Чорний (SX1050),
SX1054,немає параметра,,,Колготки Leg Avenue Industrial Net footless tights Чорний (SX1054),
SX1065,немає параметра,,,Панчохи Leg Avenue Wide Rhinestone Sheer Stockings Чорний (SX1065),
SX1729,немає параметра,,,Колготки Leg Avenue Rhinestone micro net tights size Чорний (SX1729),
SX1730,немає параметра,,,Колготки Leg Avenue Rhinestone micro net tights size Caramel (SX1730),
SX1784,немає розміру в назві,,ONE SIZE,Комплект JSY One Size Чорний (SX1784),
SX1785,немає розміру в назві,,ONE SIZE,Комплект JSY One Size Чорний (SX1785),
SX1821,діапазон у назві,S/M,S,Боді JSY JS228160 S/M Чорний (SX1821),Боді JSY JS228160 S Чорний (SX1821)
SX1822,діапазон у назві,L/XL,L,Боді JSY JS228160 L/XL Чорний (SX1822),Боді JSY JS228160 L Чорний (SX1822)
SX1823,діапазон у назві,S/M,S,Боді JSY JS228161 S/M Чорний (SX1823),Боді JSY JS228161 S Чорний (SX1823)
SX1824,діапазон у назві,L/XL,L,Боді JSY JS228161 L/XL Чорний (SX1824),Боді JSY JS228161 L Чорний (SX1824)
SX1868,немає параметра,,,Корсет JSY P61133 Size Чорний (SX1868),
SX1869,немає параметра,,,Боді JSY P61139 Size Чорний (SX1869),
SX1872,немає параметра,,,Боді JSY P61152 Size Чорний (SX1872),
SX1873,немає параметра,,,Боді JSY P61153 Size Чорний (SX1873),
SX1876,немає параметра,,,Боді JSY P61158 Size Чорний (SX1876),
SX1913,діапазон у назві,L/XL,L,Боді Passion KESMINA L/XL Чорний (SX1913),Боді Passion KESMINA L Чорний (SX1913)
SX1914,діапазон у назві,S/M,S,Боді Passion KESMINA S/M Чорний (SX1914),Боді Passion KESMINA S Чорний (SX1914)
SX1915,діапазон у назві,2XL/3XL,2XL,Боді Passion KESMINA XXL/XXXL Чорний (SX1915),Боді Passion KESMINA 2XL Чорний (SX1915)
SX1919,діапазон у назві,L/XL,L,Корсет Passion KESMINA CORSET L/XL Чорний (SX1919),Корсет Passion KESMINA CORSET L Чорний (SX1919)
SX1920,діапазон у назві,S/M,S,Корсет Passion KESMINA CORSET S/M Чорний (SX1920),Корсет Passion KESMINA CORSET S Чорний (SX1920)
SX1921,діапазон у назві,2XL/3XL,2XL,Корсет Passion KESMINA CORSET XXL/XXXL Чорний (SX1921),Корсет Passion KESMINA CORSET 2XL Чорний (SX1921)
SX1922,діапазон у назві,L/XL,L,Комплект Passion KESMINA L/XL Чорний (SX1922),Комплект Passion KESMINA L Чорний (SX1922)
SX1923,діапазон у назві,S/M,S,Комплект Passion KESMINA S/M Чорний (SX1923),Комплект Passion KESMINA S Чорний (SX1923)
SX1924,діапазон у назві,2XL/3XL,2XL,Комплект Passion KESMINA XXL/XXXL Чорний (SX1924),Комплект Passion KESMINA 2XL Чорний (SX1924)
SX1937,немає параметра,,,Колготки Passion TIOPEN Чорний (SX1937),
SX1940,немає параметра,,,Колготки Passion TIOPEN Чорний (SX1940),
SX2353,розбіжність,M,XS,Art of Sex Deily M XS Чорний (SX2353),
SX2359,розбіжність,L,2XL,Art of Sex Deily L- 2XL Чорний (SX2359),
SX2632,немає розміру в назві,,ONE SIZE,Комплект JSY One Size (SX2632),
SX2641,немає розміру в назві,,ONE SIZE,Трусики JSY 9171T One Size (SX2641),
SX3098,діапазон у назві,2XL/3XL,3XL,Комплект Obsessive Keira Lise 2-pcs 2XL/3XL (SX3098),Комплект Obsessive Keira Lise 2-pcs 3XL (SX3098)
SX3108,діапазон у назві,2XL/3XL,3XL,Комплект Obsessive Lecille 3-pcs crotchless 2XL/3XL (SX3108),Комплект Obsessive Lecille 3-pcs crotchless 3XL (SX3108)
SX3372,збігається,M,M,Art of Sex Jeyson M Чорний (SX3372),
SX3373,збігається,S,S,Art of Sex Jeyson S Чорний (SX3373),
SX3402,немає параметра,,,Штани Art of Sex Matthias Чорний (SX3402),
SX3417,збігається,L,L,Art of Sex Jeyson L Чорний (SX3417),
SX3468,немає параметра,,,Панчохи Art of Sex Rose Чорний (SX3468),
SX3576,діапазон у назві,XL/2XL,XL,Боді Obsessive Euridia crotchless teddy XL/2XL (SX3576),Боді Obsessive Euridia crotchless teddy XL (SX3576)
SX3585,діапазон у назві,XL/2XL,XL,Комплект Obsessive Euridia 2-pcs crotchless XL/2XL (SX3585),Комплект Obsessive Euridia 2-pcs crotchless XL (SX3585)
SX3610,діапазон у назві,2XL/3XL,3XL,Комплект Obsessive Matildea 2-pcs crotchless 2XL/3XL (SX3610),Комплект Obsessive Matildea 2-pcs crotchless 3XL (SX3610)
SX3621,діапазон у назві,2XL/3XL,3XL,Боді Obsessive Soranna long-sleeved teddy 2XL/3XL (SX3621),Боді Obsessive Soranna long-sleeved teddy 3XL (SX3621)
SX3877,збігається,2XL,2XL,Трусики Art of Sex Demir 2XL Чорний (SX3877),
SX3878,збігається,XS,XS,Трусики Art of Sex Demir XS Чорний (SX3878),
SX4172,збігається,S,S,Noir Handmade H082 Onyx veil polo S S (SX4172),
SX4173,збігається,M,M,Noir Handmade H082 Onyx veil polo M M (SX4173),
SX4174,збігається,L,L,Noir Handmade H082 Onyx veil polo L L (SX4174),
SX4175,збігається,XL,XL,Noir Handmade H082 Onyx veil polo XL XL (SX4175),
SX4176,збігається,2XL,2XL,Noir Handmade H082 Onyx veil polo XXL (SX4176),
SX4177,збігається,S,S,Noir Handmade H083 Onyx skin tank S S Тілесний (SX4177),
SX4178,збігається,M,M,Noir Handmade H083 Onyx skin tank M M Тілесний (SX4178),
SX4179,збігається,L,L,Noir Handmade H083 Onyx skin tank L L Тілесний (SX4179),
SX4180,збігається,XL,XL,Noir Handmade H083 Onyx skin tank XL XL Тілесний (SX4180),
SX4181,збігається,2XL,2XL,Noir Handmade H083 Onyx skin tank XXL Тілесний (SX4181),
SX4193,збігається,M,M,Noir Handmade H086 Vexen hooded jacket M M (SX4193),
SX4194,збігається,L,L,Noir Handmade H086 Vexen hooded jacket L L (SX4194),
SX4195,збігається,XL,XL,Noir Handmade H086 Vexen hooded jacket XL XL (SX4195),
SX4196,збігається,2XL,2XL,Noir Handmade H086 Vexen hooded jacket XXL (SX4196),
SX4212,збігається,S,S,Noir Handmade H096 Ignite hooded vest S S (SX4212),
SX4213,збігається,M,M,Noir Handmade H096 Ignite hooded vest M M (SX4213),
SX4214,збігається,L,L,Noir Handmade H096 Ignite hooded vest L L (SX4214),
SX4215,збігається,XL,XL,Noir Handmade H096 Ignite hooded vest XL XL (SX4215),
SX4216,збігається,2XL,2XL,Noir Handmade H096 Ignite hooded vest XXL (SX4216),
