значення,кількість
"Тип помпи = ручна",7
"Вид = нереалістичні",5
"Призначення = для стимуляції вульви",5
"Призначення = кліторні",4
"Конструкція = односторонні",3
"Тип приладу = класичний вібратор",3
"Тип приладу = вібратор для пар",2
"Призначення = для стимуляції грудей",2
"Конструкція = одинарні",2
"Тип кріплення = на ременях",2
"Тип приладу = ручний",2
"Матеріал = тканина",1
"Матеріал = TPR (термопластична гума)",1
"Призначення = вагінальні",1
"Аромат = м&apos;ятний",1
"Смак = м&apos;ятна жуйка",1
"Стать = для жінок",1
"Конструкція = двосторонні",1
"Тип приладу = вібратор для сосків",1
"Тип товару = рукавички",1
"Тип товару = пов&apos;язка на очі",1
