sku,чого бракує,назва
PS1079,Розмір,"Корсет під латекс з пажами Passion BES CORSET 6XL/7XL, black, стрінги, шнурівка"
PS23605,Розмір,Панчохи Passion ST003 1/2 nero
PS23614,Розмір,Панчохи Passion ST022 1/2 nero
PS23629,Розмір,Панчохи Passion ST102 1/2 nero
PS24508,Розмір,"Еротичні колготки Passion TIOPEN 005 1/2 (60 den), nero, з вирізом, оригінальний пояс"
PS24512,Розмір,"Еротичні колготки Passion TIOPEN 006 1/2 (30 den), beige, з вирізом, імітація трусиків"
PS24513,Розмір,"Еротичні колготки Passion TIOPEN 006 3/4 (30 den), beige, з вирізом, імітація трусиків"
PS24514,Розмір,"Еротичні колготки Passion TIOPEN 006 1/2 (30 den), white, з вирізом, імітація трусиків"
PS24521,Розмір,"Еротичні колготки Passion TIOPEN 008 1/2 (30 den), black, з вирізом"
SO1923,Розмір,"Панчохи з поясом Anne De Ales TOSCA T3 Black, середня сіточка, ззаду стрілки, мереживний п"
SO1939,Розмір,Колготки Anne De Ales DELPHINE T1 Black
SO1940,Розмір,Панчохи Anne De Ales DELPHINE T2 Black
SO1942,Розмір,Панчохи Anne De Ales DELPHINE T4 Black
SO2240,Розмір,Трусики з доступом Fashion Secret JULIA Black
SO2254,Розмір,Трусики-стрінги Fashion Secret MYLENE Black з подвійною лінією стегна
SO2256,Розмір,Трусики-стрінги Fashion Secret MYLENE Red з подвійною лінією стегна
SO4059,Розмір,Колготки у велику сітку Anne De Ales Ginna T4
SO4062,Розмір,Трусики з відкритою попкою Fashion Secret Nadia Red
SO4285,Розмір,"Чорні тонкі колготки з ефектом тату Passion TI110 1/2 (20 den), nero"
SO4286,Розмір,"Чорні тонкі колготки з ефектом тату Passion TI110 3/4 (20 den), nero"
SO4287,Розмір,"Колготки з ефектом панчох на підв&apos;язках Passion TI112 1/2 (60/20 den), nero-gold"
SO5384,Розмір,Класичні панчохи під пояс із широкою резинкою Passion ST001 1/2 roso
SO5776,Розмір,"Панчохи Passion ST118 1/2 black, на ажурній силіконовій резинці, з бічним вертикальним мал"
SO5785,Розмір,"Панчохи Passion ST120 1/2 black, ажурна силіконова резинка з вишуканим декором і люрексово"
SO6424,Розмір,"Панчохи Passion ST003 1/2 beige, класичні, на ажурній силіконовій резинці"
SO7050,Розмір,"Боді Passion AMBERLY BODY 6XL/7XL black, асиметричний крій, мереживний ліф, золота нитка"
SO7052,Розмір,"Корсет із пажами Passion AMBERLY CORSET 6XL/7XL, black, асиметричний крій, мережива, стрін"
SO7058,Розмір,"Комплект з екошкіри Passion CELINE BIKINI 6XL/7XL black, відкритий бра, стрінги зі шнурівк"
SO7060,Розмір,"Боді з екошкіри Passion CELINE BODY 6XL/7XL black, з доступом, відкритий"
SO7097,Розмір,"Комплект з екошкіри Passion MALWIA BIKINI 6XL/7XL black, з люверсами та ремінцями, бра, тр"
SO7099,Розмір,"Сітчастий корсет з екошкіри Passion MALWIA CORSET 6XL/7XL black, з люверсами та знімними п"
SO7101,Розмір,"Комплект із екошкіри Passion MALWIA SET with Open Bra 6XL/7XL black, топ та трусики з люве"
SO7103,Розмір,"Комплект з екошкіри Passion NANCY BIKINI 6XL/7XL black, бра та трусики з імітацією шнурівк"
SO7105,Розмір,"Боді з екошкіри Passion NANCY BODY 6XL/7XL black, з імітацією шнурівки та відкритим доступ"
SO7112,Розмір,"Боді Passion VIENA BODY 6XL/7XL, beige, контрастне, бантики, вставка-сітка, відкриті сідни"
SO7114,Розмір,"Корсет із пажами Passion VIENA CORSET 6XL/7XL, beige, контрастний, бантики, вставка-сітка,"
SO7116,Розмір,"Комплект білизни Passion VIENA SET 6XL/7XL, beige, ліф, стрінги з доступом, бантики"
SO7933,Матеріал,Leg Avenue Allure Multi Color Wig Grey/Black
SO8008,Матеріал,Leg Avenue Allure Multi Color Wig Grey/Red
SO8494,Розмір,"Колготки з відкритим доступом, імітація панчіх Passion TIOPEN 019 black 3/4 (20 den)"
SO9175,Матеріал,"Прикраса-зірочки для тіла Leg Avenue Celeste face jewels sticker, наліпки, світяться у тем"
SO9319,Розмір,Ліф класичний Feral Feelings - Bikini Top Red
SX1728,Матеріал,"Крила ангела Leg Avenue Marabou Feather Angel Wings, справжнє пір&apos;я"
SX1935,Розмір,"Колготки Passion TIOPEN 023 1/2 (20 den), black"
SX1936,Розмір,"Колготки Passion TIOPEN 023 3/4 (20 den), black"
SX1937,Розмір,"Колготки Passion TIOPEN 023 5 (20 den), black"
SX1938,Розмір,"Колготки Passion TIOPEN 024 1/2 (20 den), black"
SX1940,Розмір,"Колготки Passion TIOPEN 024 5 (20 den), black"
SX1941,Розмір,"Колготки Passion TIOPEN 025 1/2 (20 den), black"
SX1943,Розмір,"Колготки Passion TIOPEN 026 1/2 (20 den), black"
SX1944,Розмір,"Колготки Passion TIOPEN 026 3/4 (20 den), black"
SX1945,Розмір,"Колготки Passion TIOPEN 026 5 (20 den), black"
SX2500,Розмір,Еротичні колготки Passion TIOPEN 034 3/4 black
SX2503,Розмір,Еротичні колготки Passion TIOPEN 036 3/4 black
SX2508,Розмір,Еротичні колготки Passion TIOPEN 039 1/2 black
